station_id,route_id,station_name,crs,operator,route,county,region,latitude,longitude,is_interchange,major_interchange,is_terminus1,branch_junction,is_junction,canonical_time_to_Paddington,time_band,distance_from_paddington_km,distance_band,nearest_landmark,nearest_landmark_km,nearest_castle,nearest_castle_km,nearest_cathedral,nearest_cathedral_km,nearest_museum,nearest_museum_km,nearest_country_house,nearest_country_house_km,nearest_nature_reserve,nearest_nature_reserve_km,,route_groups,route_count,service_count,service_density,route_diversity_band,region,word_count_band,is_branch_line,is_mainline,is_coastal,time_from_london,canonical_time_to_london,time_band,time_group,is_high_speed,distance_band
GR_0001,GR_R0001,Aldermaston,AMT,Great_Western,Berks & Hants Line,Berkshire,Thames Valley,51.40201112,-1.138770296,FALSE,,FALSE,,,40,,,local,,,,,,,,,,,,,,[nan],1,1,low,single,,single,FALSE,TRUE,FALSE,,,,,FALSE,
GR_0002,GR_R0002,Appleford,APF,Great_Western,Oxford & Hereford Line,Oxfordshire,Cotswolds,51.63964272,-1.242139074,FALSE,,FALSE,,,45,,,regional,,,,,,,,,,,,,,[nan],1,1,low,single,,single,FALSE,TRUE,FALSE,,,,,FALSE,
GR_0003,GR_R0003,Ascott-under-Wychwood,AUW,Great_Western,Oxford & Hereford Line,Oxfordshire,Cotswolds,51.86734048,-1.564058135,FALSE,,FALSE,,,80,,,regional,,,,,,,,,,,,,,[nan],1,1,low,single,,single,FALSE,TRUE,FALSE,,,,,FALSE,
GR_0004,GR_R0004,Ashchurch for Tewkesbury,ASC,Great_Western,0,0,0,51.99916912,-2.109057444,0,,0,,,0,,,0,,,,,,,,,,,,,,[nan],1,1,low,single,,multiple,FALSE,TRUE,FALSE,,,,,FALSE,
GR_0005,GR_R0005,Ashley Down,ASD,Great_Western,0,0,0,51.4786762,-2.5771154,0,,0,,,0,,,0,,,,,,,,,,,,,,[nan],1,1,low,single,,multiple,FALSE,TRUE,FALSE,,,,,FALSE,
GR_0006,GR_R0006,Avoncliff,AVF,Great_Western,Avon Valley Line,Wiltshire,West Country,51.33964614,-2.281339394,FALSE,,FALSE,,,112,,,long,,,,,,,,,,,,,,[nan],1,1,low,single,,single,FALSE,TRUE,FALSE,,,,,FALSE,
GR_0007,GR_R0007,Avonmouth,AVN,Great_Western,Severn Beach Line,Bristol,Bristol,51.50012646,-2.698421372,FALSE,,FALSE,,,106,,,long,,,,,,,,,,,,,,[nan],1,1,low,single,,single,FALSE,TRUE,FALSE,,,,,FALSE,
GR_0008,GR_R0008,Barnstaple,BNP,Great_Western,Tarka Line,Devon,Devon,51.07396111,-4.063153416,FALSE,,TRUE,,,185,,,long,,,,,,,,,,,,,,[nan],1,1,low,single,,single,FALSE,TRUE,FALSE,,,,,FALSE,
GR_0009,GR_R0009,Bath Spa,BTH,Great_Western,Great Western Main Line,Somerset,Thames Valley,51.37768276,-2.357034178,FALSE,,FALSE,,,75,,,long,,,,,,,,,,,,,,[nan],1,1,low,single,,multiple,FALSE,TRUE,FALSE,,,,,FALSE,
GR_0010,GR_R0010,Bedminster,BMT,Great_Western,0,0,0,51.44008674,-2.594156901,0,,0,,,0,,,0,,,,,,,,,,,,,,[nan],1,1,low,single,,single,FALSE,TRUE,FALSE,,,,,FALSE,
GR_0011,GR_R0011,Bedwyn,BDW,Great_Western,Berks & Hants Line,Wiltshire,Thames Valley,51.37963498,-1.598795279,FALSE,,TRUE,,,75,,,regional,,,,,,,,,,,,,,[nan],1,1,low,single,,single,FALSE,TRUE,FALSE,,,,,FALSE,
GR_0012,GR_R0012,Bere Alston,BAS,Great_Western,Tamar Valley Line,Cornwall,Cornwall,50.4855868,-4.200398271,FALSE,,FALSE,,,220,,,remote,,,,,,,,,,,,,,[nan],1,1,low,single,,multiple,FALSE,TRUE,FALSE,,,,,FALSE,
GR_0013,GR_R0013,Bere Ferrers,BFE,Great_Western,Tamar Valley Line,Cornwall,Cornwall,50.45085678,-4.181881299,FALSE,,FALSE,,,215,,,remote,,,,,,,,,,,,,,[nan],1,1,low,single,,multiple,FALSE,TRUE,FALSE,,,,,FALSE,
GR_0014,GR_R0014,Betchworth,BTO,Great_Western,0,0,0,51.24818664,-0.266974147,0,,0,,,0,,,0,,,,,,,,,,,,,,[nan],1,1,low,single,,single,FALSE,TRUE,FALSE,,,,,FALSE,
GR_0015,GR_R0015,Blackwater,BAW,Great_Western,0,0,0,51.33181014,-0.777022615,0,,0,,,0,,,0,,,,,,,,,,,,,,[nan],1,1,low,single,,single,FALSE,TRUE,FALSE,,,,,FALSE,
GR_0016,GR_R0016,Bodmin Parkway,BOD,Great_Western,Great Western Main Line,Cornwall,Thames Valley,50.44585588,-4.662971107,FALSE,,FALSE,,,225,,,remote,,,,,,,,,,,,,,[nan],1,1,low,single,,multiple,FALSE,TRUE,FALSE,,,,,FALSE,
GR_0017,GR_R0017,Bourne End,BNE,Great_Western,Marlow Branch,Buckinghamshire,Thames Valley,51.57711651,-0.710471017,FALSE,,FALSE,,,45,,,local,,,,,,,,,,,,,,[nan],1,1,low,single,,multiple,FALSE,TRUE,FALSE,,,,,FALSE,
GR_0018,GR_R0018,Bradford-on-Avon,BOA,Great_Western,Avon Valley Line,Wiltshire,West Country,51.34490956,-2.252339918,FALSE,,FALSE,,,110,,,long,,,,,,,,,,,,,,[nan],1,1,low,single,,single,FALSE,TRUE,FALSE,,,,,FALSE,
GR_0019,GR_R0019,Bramley (Hampshire),BMY,Great_Western,Reading-Basingstoke Line,Hampshire,Thames Valley,51.33007866,-1.060987012,FALSE,,FALSE,,,50,,,regional,,,,,,,,,,,,,,[nan],1,1,low,single,,multiple,FALSE,TRUE,FALSE,,,,,FALSE,
GR_0020,GR_R0020,Bridgwater,BWT,Great_Western,Great Western Main Line,Somerset,Thames Valley,51.12807318,-2.99028809,FALSE,,FALSE,,,120,,,long,,,,,,,,,,,,,,[nan],1,1,low,single,,single,FALSE,TRUE,FALSE,,,,,FALSE,
GR_0021,GR_R0021,Bristol Parkway,BPW,Great_Western,South Wales Main Line,Bristol,South Wales,51.51383574,-2.542659527,FALSE,,FALSE,,,80,,,long,,,,,,,,,,,,,,[nan],1,1,low,single,,multiple,FALSE,TRUE,FALSE,,,,,FALSE,
GR_0022,GR_R0022,Bruton,BRU,Great_Western,Heart of Wessex Line,Somerset,West Country,51.11162818,-2.447079134,FALSE,,FALSE,,,125,,,long,,,,,,,,,,,,,,[nan],1,1,low,single,,single,FALSE,TRUE,FALSE,,,,,FALSE,
GR_0023,GR_R0023,Bugle,BGL,Great_Western,Atlantic Coast Line,Cornwall,Cornwall,50.39994328,-4.791841896,FALSE,,FALSE,,,250,,,remote,,,,,,,,,,,,,,[nan],1,1,low,single,,single,FALSE,TRUE,FALSE,,,,,FALSE,
GR_0024,GR_R0024,Calstock,CSK,Great_Western,Tamar Valley Line,Cornwall,Cornwall,50.49757193,-4.208711079,FALSE,,FALSE,,,223,,,remote,,,,,,,,,,,,,,[nan],1,1,low,single,,single,FALSE,TRUE,FALSE,,,,,FALSE,
GR_0025,GR_R0025,Cam & Dursley,CDU,Great_Western,0,0,0,51.71761608,-2.359096838,0,,0,,,0,,,0,,,,,,,,,,,,,,[nan],1,1,low,single,,multiple,FALSE,TRUE,FALSE,,,,,FALSE,
GR_0026,GR_R0026,Camborne,CBN,Great_Western,Great Western Main Line,Cornwall,Thames Valley,50.21042369,-5.297472083,FALSE,,FALSE,,,275,,,remote,,,,,,,,,,,,,,[nan],1,1,low,single,,single,FALSE,TRUE,FALSE,,,,,FALSE,
GR_0027,GR_R0027,Carbis Bay,CBB,Great_Western,St Ives Bay Line,Cornwall,0,50.19715063,-5.464037988,FALSE,,FALSE,,,305,,,remote,,,,,,,,,,,,,,[nan],1,1,low,single,,multiple,FALSE,TRUE,FALSE,,,,,FALSE,
GR_0028,GR_R0028,Castle Bar Park,CBP,Great_Western,Greenford Branch,Greater London,London,51.52297874,-0.331404502,FALSE,,FALSE,,,14,,,local,,,,,,,,,,,,,,[nan],1,1,low,single,,multiple,FALSE,TRUE,FALSE,,,,,FALSE,
GR_0029,GR_R0029,Castle Cary,CLC,Great_Western,Heart of Wessex Line,Somerset,West Country,51.09980387,-2.522802166,FALSE,,FALSE,,,130,,,long,,,,,,,,,,,,,,[nan],1,1,low,single,,multiple,FALSE,TRUE,FALSE,,,,,FALSE,
GR_0030,GR_R0030,Causeland,CAU,Great_Western,Looe Valley Line,Cornwall,0,50.40568197,-4.466485305,FALSE,,FALSE,,,228,,,remote,,,,,,,,,,,,,,[nan],1,1,low,single,,single,FALSE,TRUE,FALSE,,,,,FALSE,
GR_0031,GR_R0031,Chapelton (Devon),CPN,Great_Western,Tarka Line,Devon,Devon,51.01582131,-4.02437053,FALSE,,FALSE,,,183,,,long,,,,,,,,,,,,,,[nan],1,1,low,single,,multiple,FALSE,TRUE,FALSE,,,,,FALSE,
GR_0032,GR_R0032,Charlbury,CBY,Great_Western,Oxford & Hereford Line,Oxfordshire,Cotswolds,51.8724362,-1.489697044,FALSE,,FALSE,,,75,,,regional,,,,,,,,,,,,,,[nan],1,1,low,single,,single,FALSE,TRUE,FALSE,,,,,FALSE,
GR_0033,GR_R0033,Cheltenham Spa,CNM,Great_Western,0,0,0,51.897399,-2.099625825,0,,0,,,0,,,0,,,,,,,,,,,,,,[nan],1,1,low,single,,multiple,FALSE,TRUE,FALSE,,,,,FALSE,
GR_0034,GR_R0034,Chetnole,CNO,Great_Western,Heart of Wessex Line,Dorset,West Country,50.86648406,-2.574046181,FALSE,,FALSE,,,160,,,long,,,,,,,,,,,,,,[nan],1,1,low,single,,single,FALSE,TRUE,FALSE,,,,,FALSE,
GR_0035,GR_R0035,Chilworth,CHL,Great_Western,0,0,0,51.21521009,-0.524818359,0,,0,,,0,,,0,,,,,,,,,,,,,,[nan],1,1,low,single,,single,FALSE,TRUE,FALSE,,,,,FALSE,
GR_0036,GR_R0036,Chippenham,CPM,Great_Western,Great Western Main Line,Wiltshire,Thames Valley,51.46248638,-2.115402682,FALSE,,FALSE,,,65,,,regional,,,,,,,,,,,,,,[nan],1,1,low,single,,single,FALSE,TRUE,FALSE,,,,,FALSE,
GR_0037,GR_R0037,Cholsey,CHO,Great_Western,Great Western Main Line,Oxfordshire,Thames Valley,51.57020166,-1.158018612,FALSE,,FALSE,,,45,,,regional,,,,,,,,,,,,,,[nan],1,1,low,single,,single,FALSE,TRUE,FALSE,,,,,FALSE,
GR_0038,GR_R0038,Clifton Down,CFN,Great_Western,Severn Beach Line,Bristol,Bristol,51.46454417,-2.611749153,FALSE,,FALSE,,,100,,,long,,,,,,,,,,,,,,[nan],1,1,low,single,,multiple,FALSE,TRUE,FALSE,,,,,FALSE,
GR_0039,GR_R0039,Combe (Oxon),CME,Great_Western,Oxford & Hereford Line,Oxfordshire,Cotswolds,51.83234296,-1.392901935,FALSE,,FALSE,,,60,,,regional,,,,,,,,,,,,,,[nan],1,1,low,single,,multiple,FALSE,TRUE,FALSE,,,,,FALSE,
GR_0040,GR_R0040,Cookham,COO,Great_Western,Marlow Branch,Buckinghamshire,Thames Valley,51.5574608,-0.722076986,FALSE,,FALSE,,,40,,,local,,,,,,,,,,,,,,[nan],1,1,low,single,,single,FALSE,TRUE,FALSE,,,,,FALSE,
GR_0041,GR_R0041,Coombe Junction Halt,COE,Great_Western,Looe Valley Line,Cornwall,0,50.44547073,-4.48193626,FALSE,,FALSE,,,220,,,remote,,,,,,,,,,,,,,[nan],1,1,low,single,,multiple,FALSE,TRUE,FALSE,,,,,FALSE,
GR_0042,GR_R0042,Copplestone,COP,Great_Western,Tarka Line,Devon,Devon,50.81445919,-3.751601158,FALSE,,FALSE,,,160,,,long,,,,,,,,,,,,,,[nan],1,1,low,single,,single,FALSE,TRUE,FALSE,,,,,FALSE,
GR_0043,GR_R0043,Crediton,CDI,Great_Western,Tarka Line,Devon,Devon,50.78342809,-3.646879885,FALSE,,FALSE,,,150,,,long,,,,,,,,,,,,,,[nan],1,1,low,single,,single,FALSE,TRUE,FALSE,,,,,FALSE,
GR_0044,GR_R0044,Crowthorne,CRN,Great_Western,0,0,0,51.36672944,-0.819274953,0,,0,,,0,,,0,,,,,,,,,,,,,,[nan],1,1,low,single,,single,FALSE,TRUE,FALSE,,,,,FALSE,
GR_0045,GR_R0045,Culham,CUM,Great_Western,Oxford & Hereford Line,Oxfordshire,Cotswolds,51.65379512,-1.236511134,FALSE,,FALSE,,,50,,,regional,,,,,,,,,,,,,,[nan],1,1,low,single,,single,FALSE,TRUE,FALSE,,,,,FALSE,
GR_0046,GR_R0046,Dawlish,DWL,Great_Western,Great Western Main Line,Devon,Thames Valley,50.58080594,-3.464647817,FALSE,,FALSE,,,150,,,long,,,,,,,,,,,,,,[nan],1,1,low,single,,single,FALSE,TRUE,FALSE,,,,,FALSE,
GR_0047,GR_R0047,Dawlish Warren,DWW,Great_Western,Great Western Main Line,Devon,Thames Valley,50.59905091,-3.444018179,FALSE,,FALSE,,,148,,,long,,,,,,,,,,,,,,[nan],1,1,low,single,,multiple,FALSE,TRUE,FALSE,,,,,FALSE,
GR_0048,GR_R0048,Devonport,DPT,Great_Western,0,0,0,50.3781945,-4.171511893,0,,0,,,0,,,0,,,,,,,,,,,,,,[nan],1,1,low,single,,single,FALSE,TRUE,FALSE,,,,,FALSE,
GR_0049,GR_R0049,Didcot Parkway,DID,Great_Western,Great Western Main Line,Oxfordshire,Thames Valley,51.61095504,-1.242891296,FALSE,,FALSE,,,40,,,regional,,,,,,,,,,,,,,[nan],1,1,low,single,,multiple,FALSE,TRUE,FALSE,,,,,FALSE,
GR_0050,GR_R0050,Digby & Sowton,DIG,Great_Western,Exmouth Branch,Devon,Devon,50.71370499,-3.473885692,FALSE,,FALSE,,,148,,,long,,,,,,,,,,,,,,[nan],1,1,low,single,,multiple,FALSE,TRUE,FALSE,,,,,FALSE,
GR_0051,GR_R0051,Dilton Marsh,DMH,Great_Western,Westbury Branch,Wiltshire,West Country,51.24799152,-2.207421924,FALSE,,FALSE,,,105,,,long,,,,,,,,,,,,,,[nan],1,1,low,single,,multiple,FALSE,TRUE,FALSE,,,,,FALSE,
GR_0052,GR_R0052,Dockyard (Devonport),DOC,Great_Western,0,0,0,50.38224968,-4.175917265,0,,0,,,0,,,0,,,,,,,,,,,,,,[nan],1,1,low,single,,multiple,FALSE,TRUE,FALSE,,,,,FALSE,
GR_0053,GR_R0053,Dorchester West,DCW,Great_Western,Heart of Wessex Line,Dorset,West Country,50.71094047,-2.442548773,FALSE,,FALSE,,,170,,,long,,,,,,,,,,,,,,[nan],1,1,low,single,,multiple,FALSE,TRUE,FALSE,,,,,FALSE,
GR_0054,GR_R0054,Dorking (Deepdene),DPD,Great_Western,0,0,0,51.23880129,-0.324631668,0,,0,,,0,,,0,,,,,,,,,,,,,,[nan],1,1,low,single,,multiple,FALSE,TRUE,FALSE,,,,,FALSE,
GR_0055,GR_R0055,Dorking West,DKT,Great_Western,0,0,0,51.23622304,-0.339967488,0,,0,,,0,,,0,,,,,,,,,,,,,,[nan],1,1,low,single,,multiple,FALSE,TRUE,FALSE,,,,,FALSE,
GR_0056,GR_R0056,Drayton Green,DRG,Great_Western,Greenford Branch,Greater London,London,51.51602938,-0.329640681,FALSE,,FALSE,,,13,,,local,,,,,,,,,,,,,,[nan],1,1,low,single,,multiple,FALSE,TRUE,FALSE,,,,,FALSE,
GR_0057,GR_R0057,Eggesford,EGG,Great_Western,Tarka Line,Devon,Devon,50.88773166,-3.874777657,FALSE,,FALSE,,,175,,,long,,,,,,,,,,,,,,[nan],1,1,low,single,,single,FALSE,TRUE,FALSE,,,,,FALSE,
GR_0058,GR_R0058,Evesham,EVE,Great_Western,Oxford & Hereford Line,Worcestershire,Cotswolds,52.09840414,-1.947313868,FALSE,,FALSE,,,115,,,regional,,,,,,,,,,,,,,[nan],1,1,low,single,,single,FALSE,TRUE,FALSE,,,,,FALSE,
GR_0059,GR_R0059,Exeter Central,EXC,Great_Western,Exmouth Branch,Devon,Devon,50.72652351,-3.532947602,FALSE,,FALSE,,,140,,,long,,,,,,,,,,,,,,[nan],1,1,low,single,,multiple,FALSE,TRUE,FALSE,,,,,FALSE,
GR_0060,GR_R0060,Exeter St Davids,EXD,Great_Western,Great Western Main Line,Devon,Thames Valley,50.72915216,-3.543660789,TRUE,,FALSE,,,135,,,long,,,,,,,,,,,,,,[nan],1,1,low,single,,multiple,FALSE,TRUE,FALSE,,,,,FALSE,
GR_0061,GR_R0061,Exeter St Thomas,EXT,Great_Western,0,0,0,50.71655803,-3.539818783,0,,0,,,0,,,0,,,,,,,,,,,,,,[nan],1,1,low,single,,multiple,FALSE,TRUE,FALSE,,,,,FALSE,
GR_0062,GR_R0062,Exmouth,EXM,Great_Western,Exmouth Branch,Devon,Devon,50.6216214,-3.41499267,FALSE,,TRUE,,,165,,,long,,,,,,,,,,,,,,[nan],1,1,low,single,,single,FALSE,TRUE,FALSE,,,,,FALSE,
GR_0063,GR_R0063,Exton,EXN,Great_Western,Exmouth Branch,Devon,Devon,50.66829151,-3.444117811,FALSE,,FALSE,,,158,,,long,,,,,,,,,,,,,,[nan],1,1,low,single,,single,FALSE,TRUE,FALSE,,,,,FALSE,
GR_0064,GR_R0064,Falmouth Docks,FAL,Great_Western,Maritime Line,Cornwall,Cornwall,50.15069317,-5.056082925,FALSE,,TRUE,,,285,,,remote,,,,,,,,,,,,,,[nan],1,1,low,single,,multiple,FALSE,TRUE,FALSE,,,,,FALSE,
GR_0065,GR_R0065,Falmouth Town,FMT,Great_Western,Maritime Line,Cornwall,Cornwall,50.14836368,-5.065272382,FALSE,,FALSE,,,280,,,remote,,,,,,,,,,,,,,[nan],1,1,low,single,,multiple,FALSE,TRUE,FALSE,,,,,FALSE,
GR_0066,GR_R0066,Farnborough North,FNN,Great_Western,0,0,0,51.30204484,-0.743026722,0,,0,,,0,,,0,,,,,,,,,,,,,,[nan],1,1,low,single,,multiple,FALSE,TRUE,FALSE,,,,,FALSE,
GR_0067,GR_R0067,Filton Abbey Wood,FIT,Great_Western,0,0,0,51.50493962,-2.562437257,0,,0,,,0,,,0,,,,,,,,,,,,,,[nan],1,1,low,single,,multiple,FALSE,TRUE,FALSE,,,,,FALSE,
GR_0068,GR_R0068,Finstock,FIN,Great_Western,Oxford & Hereford Line,Oxfordshire,Cotswolds,51.85279021,-1.469345759,FALSE,,FALSE,,,70,,,regional,,,,,,,,,,,,,,[nan],1,1,low,single,,single,FALSE,TRUE,FALSE,,,,,FALSE,
GR_0069,GR_R0069,Freshford,FFD,Great_Western,Avon Valley Line,Somerset,West Country,51.34202505,-2.301023075,FALSE,,FALSE,,,115,,,long,,,,,,,,,,,,,,[nan],1,1,low,single,,single,FALSE,TRUE,FALSE,,,,,FALSE,
GR_0070,GR_R0070,Frome,FRO,Great_Western,Heart of Wessex Line,Somerset,West Country,51.22726268,-2.310012271,FALSE,,FALSE,,,115,,,long,,,,,,,,,,,,,,[nan],1,1,low,single,,single,FALSE,TRUE,FALSE,,,,,FALSE,
GR_0071,GR_R0071,Furze Platt,FZP,Great_Western,Marlow Branch,Buckinghamshire,Thames Valley,51.53301767,-0.728471069,FALSE,,FALSE,,,30,,,local,,,,,,,,,,,,,,[nan],1,1,low,single,,multiple,FALSE,TRUE,FALSE,,,,,FALSE,
GR_0072,GR_R0072,Gloucester,GCR,Great_Western,0,0,0,51.86541548,-2.238656564,0,,0,,,0,,,0,,,,,,,,,,,,,,[nan],1,1,low,single,,single,FALSE,TRUE,FALSE,,,,,FALSE,
GR_0073,GR_R0073,Gomshall,GOM,Great_Western,0,0,0,51.21947014,-0.442056348,0,,0,,,0,,,0,,,,,,,,,,,,,,[nan],1,1,low,single,,single,FALSE,TRUE,FALSE,,,,,FALSE,
GR_0074,GR_R0074,Goring & Streatley,GOR,Great_Western,Great Western Main Line,Oxfordshire,Thames Valley,51.52149065,-1.13304466,FALSE,,FALSE,,,40,,,regional,,,,,,,,,,,,,,[nan],1,1,low,single,,multiple,FALSE,TRUE,FALSE,,,,,FALSE,
GR_0075,GR_R0075,Gunnislake,GSL,Great_Western,Tamar Valley Line,Cornwall,Cornwall,50.51606725,-4.219449323,FALSE,,TRUE,,,225,,,remote,,,,,,,,,,,,,,[nan],1,1,low,single,,single,FALSE,TRUE,FALSE,,,,,FALSE,
GR_0076,GR_R0076,Hanborough,HND,Great_Western,Oxford & Hereford Line,Oxfordshire,Cotswolds,51.82516517,-1.373525679,FALSE,,FALSE,,,65,,,regional,,,,,,,,,,,,,,[nan],1,1,low,single,,single,FALSE,TRUE,FALSE,,,,,FALSE,
GR_0077,GR_R0077,Hayle,HYL,Great_Western,Great Western Main Line,Cornwall,Thames Valley,50.18623531,-5.419529634,FALSE,,FALSE,,,285,,,remote,,,,,,,,,,,,,,[nan],1,1,low,single,,single,FALSE,TRUE,FALSE,,,,,FALSE,
GR_0078,GR_R0078,Henley-on-Thames,HOT,Great_Western,Henley Branch,Berkshire,Thames Valley,51.53417793,-0.900215287,FALSE,,TRUE,,,50,,,regional,,,,,,,,,,,,,,[nan],1,1,low,single,,single,FALSE,TRUE,FALSE,,,,,FALSE,
GR_0079,GR_R0079,Heyford,HYD,Great_Western,0,0,0,51.91919985,-1.299267568,0,,0,,,0,,,0,,,,,,,,,,,,,,[nan],1,1,low,single,,single,FALSE,TRUE,FALSE,,,,,FALSE,
GR_0080,GR_R0080,Highbridge & Burnham,HIG,Great_Western,Great Western Main Line,Somerset,Thames Valley,51.21815016,-2.972173138,FALSE,,FALSE,,,115,,,long,,,,,,,,,,,,,,[nan],1,1,low,single,,multiple,FALSE,TRUE,FALSE,,,,,FALSE,
GR_0081,GR_R0081,Honeybourne,HYB,Great_Western,Oxford & Hereford Line,Gloucestershire,Cotswolds,52.10142923,-1.834981487,FALSE,,FALSE,,,105,,,regional,,,,,,,,,,,,,,[nan],1,1,low,single,,single,FALSE,TRUE,FALSE,,,,,FALSE,
GR_0082,GR_R0082,Hungerford,HGD,Great_Western,Berks & Hants Line,Berkshire,Thames Valley,51.41490602,-1.512293535,FALSE,,FALSE,,,65,,,regional,,,,,,,,,,,,,,[nan],1,1,low,single,,single,FALSE,TRUE,FALSE,,,,,FALSE,
GR_0083,GR_R0083,Ivybridge,IVY,Great_Western,0,0,0,50.39357854,-3.904458214,0,,0,,,0,,,0,,,,,,,,,,,,,,[nan],1,1,low,single,,single,FALSE,TRUE,FALSE,,,,,FALSE,
GR_0084,GR_R0084,Kemble,KEM,Great_Western,0,0,0,51.67627148,-2.023096483,0,,0,,,0,,,0,,,,,,,,,,,,,,[nan],1,1,low,single,,single,FALSE,TRUE,FALSE,,,,,FALSE,
GR_0085,GR_R0085,Keyham,KEY,Great_Western,0,0,0,50.38974606,-4.179074345,0,,0,,,0,,,0,,,,,,,,,,,,,,[nan],1,1,low,single,,single,FALSE,TRUE,FALSE,,,,,FALSE,
GR_0086,GR_R0086,Keynsham,KYN,Great_Western,0,0,0,51.41716993,-2.494633256,0,,0,,,0,,,0,,,,,,,,,,,,,,[nan],1,1,low,single,,single,FALSE,TRUE,FALSE,,,,,FALSE,
GR_0087,GR_R0087,Kingham,KGM,Great_Western,Oxford & Hereford Line,Oxfordshire,Cotswolds,51.90225045,-1.6287933,FALSE,,FALSE,,,90,,,regional,,,,,,,,,,,,,,[nan],1,1,low,single,,single,FALSE,TRUE,FALSE,,,,,FALSE,
GR_0088,GR_R0088,Kings Nympton,KGN,Great_Western,Tarka Line,Devon,Devon,50.93597779,-3.905610885,FALSE,,FALSE,,,178,,,long,,,,,,,,,,,,,,[nan],1,1,low,single,,multiple,FALSE,TRUE,FALSE,,,,,FALSE,
GR_0089,GR_R0089,Kintbury,KIT,Great_Western,Berks & Hants Line,Berkshire,Thames Valley,51.40251723,-1.445993627,FALSE,,FALSE,,,60,,,regional,,,,,,,,,,,,,,[nan],1,1,low,single,,single,FALSE,TRUE,FALSE,,,,,FALSE,
GR_0090,GR_R0090,Lapford,LAP,Great_Western,Tarka Line,Devon,Devon,50.85743381,-3.811468159,FALSE,,FALSE,,,170,,,long,,,,,,,,,,,,,,[nan],1,1,low,single,,single,FALSE,TRUE,FALSE,,,,,FALSE,
GR_0091,GR_R0091,Lawrence Hill,LWH,Great_Western,Severn Beach Line,Bristol,Bristol,51.45821869,-2.564165806,FALSE,,FALSE,,,90,,,long,,,,,,,,,,,,,,[nan],1,1,low,single,,multiple,FALSE,TRUE,FALSE,,,,,FALSE,
GR_0092,GR_R0092,Lelant,LEL,Great_Western,St Ives Bay Line,Cornwall,0,50.18411125,-5.436611903,FALSE,,FALSE,,,295,,,remote,,,,,,,,,,,,,,[nan],1,1,low,single,,single,FALSE,TRUE,FALSE,,,,,FALSE,
GR_0093,GR_R0093,Lelant Saltings,LTS,Great_Western,St Ives Bay Line,Cornwall,0,50.1792896,-5.441449302,FALSE,,FALSE,,,300,,,remote,,,,,,,,,,,,,,[nan],1,1,low,single,,multiple,FALSE,TRUE,FALSE,,,,,FALSE,
GR_0094,GR_R0094,Liskeard,LSK,Great_Western,Great Western Main Line,Cornwall,Thames Valley,50.44684832,-4.467498917,FALSE,,FALSE,,,210,,,remote,,,,,,,,,,,,,,[nan],1,1,low,single,,single,FALSE,TRUE,FALSE,,,,,FALSE,
GR_0095,GR_R0095,Looe,LOO,Great_Western,Looe Valley Line,Cornwall,0,50.3592157,-4.456201102,FALSE,,TRUE,,,235,,,remote,,,,,,,,,,,,,,[nan],1,1,low,single,,single,FALSE,TRUE,FALSE,,,,,FALSE,
GR_0096,GR_R0096,Lostwithiel,LOS,Great_Western,0,0,0,50.40749717,-4.665464131,0,,0,,,0,,,0,,,,,,,,,,,,,,[nan],1,1,low,single,,single,FALSE,TRUE,FALSE,,,,,FALSE,
GR_0097,GR_R0097,Luxulyan,LUX,Great_Western,Atlantic Coast Line,Cornwall,Cornwall,50.39029491,-4.74751507,FALSE,,FALSE,,,245,,,remote,,,,,,,,,,,,,,[nan],1,1,low,single,,single,FALSE,TRUE,FALSE,,,,,FALSE,
GR_0098,GR_R0098,Lympstone Commando,LYC,Great_Western,Exmouth Branch,Devon,Devon,50.66222519,-3.440861256,FALSE,,FALSE,,,160,,,long,,,,,,,,,,,,,,[nan],1,1,low,single,,multiple,FALSE,TRUE,FALSE,,,,,FALSE,
GR_0099,GR_R0099,Lympstone Village,LYM,Great_Western,Exmouth Branch,Devon,Devon,50.64867164,-3.431393476,FALSE,,FALSE,,,162,,,long,,,,,,,,,,,,,,[nan],1,1,low,single,,multiple,FALSE,TRUE,FALSE,,,,,FALSE,
GR_0100,GR_R0100,Maiden Newton,MDN,Great_Western,Heart of Wessex Line,Dorset,West Country,50.77999537,-2.569440541,FALSE,,FALSE,,,165,,,long,,,,,,,,,,,,,,[nan],1,1,low,single,,multiple,FALSE,TRUE,FALSE,,,,,FALSE,
GR_0101,GR_R0101,Maidenhead,MAI,Great_Western,Great Western Main Line,Berkshire,Thames Valley,51.51866595,-0.722658698,TRUE,,FALSE,,,25,,,local,,,,,,,,,,,,,,[nan],1,1,low,single,,single,FALSE,TRUE,FALSE,,,,,FALSE,
GR_0102,GR_R0102,Marlow,MLW,Great_Western,Marlow Branch,Buckinghamshire,Thames Valley,51.57099199,-0.766429862,FALSE,,TRUE,,,55,,,local,,,,,,,,,,,,,,[nan],1,1,low,single,,single,FALSE,TRUE,FALSE,,,,,FALSE,
GR_0103,GR_R0103,Marsh Barton,MBT,Great_Western,0,0,0,50.7063522,-3.5207435,0,,0,,,0,,,0,,,,,,,,,,,,,,[nan],1,1,low,single,,multiple,FALSE,TRUE,FALSE,,,,,FALSE,
GR_0104,GR_R0104,Melksham,MKM,Great_Western,TransWilts Line,Wiltshire,West Country,51.37981906,-2.144507047,FALSE,,FALSE,,,95,,,regional,,,,,,,,,,,,,,[nan],1,1,low,single,,single,FALSE,TRUE,FALSE,,,,,FALSE,
GR_0105,GR_R0105,Menheniot,MEN,Great_Western,Great Western Main Line,Cornwall,Thames Valley,50.42622082,-4.40925881,FALSE,,FALSE,,,215,,,remote,,,,,,,,,,,,,,[nan],1,1,low,single,,single,FALSE,TRUE,FALSE,,,,,FALSE,
GR_0106,GR_R0106,Midgham,MDG,Great_Western,Berks & Hants Line,Berkshire,Thames Valley,51.39596936,-1.177708473,FALSE,,FALSE,,,42,,,local,,,,,,,,,,,,,,[nan],1,1,low,single,,single,FALSE,TRUE,FALSE,,,,,FALSE,
GR_0107,GR_R0107,Montpelier,MTP,Great_Western,Severn Beach Line,Bristol,Bristol,51.46889519,-2.587332548,FALSE,,FALSE,,,95,,,long,,,,,,,,,,,,,,[nan],1,1,low,single,,single,FALSE,TRUE,FALSE,,,,,FALSE,
GR_0108,GR_R0108,Morchard Road,MRD,Great_Western,Tarka Line,Devon,Devon,50.83189161,-3.776395869,FALSE,,FALSE,,,165,,,long,,,,,,,,,,,,,,[nan],1,1,low,single,,multiple,FALSE,TRUE,FALSE,,,,,FALSE,
GR_0109,GR_R0109,Moreton-in-Marsh,MIM,Great_Western,Oxford & Hereford Line,Gloucestershire,Cotswolds,51.99228415,-1.700388972,FALSE,,FALSE,,,95,,,regional,,,,,,,,,,,,,,[nan],1,1,low,single,,single,FALSE,TRUE,FALSE,,,,,FALSE,
GR_0110,GR_R0110,Mortimer,MOR,Great_Western,Reading-Basingstoke Line,Hampshire,Thames Valley,51.37207211,-1.03550347,FALSE,,FALSE,,,40,,,regional,,,,,,,,,,,,,,[nan],1,1,low,single,,single,FALSE,TRUE,FALSE,,,,,FALSE,
GR_0111,GR_R0111,Nailsea & Backwell,NLS,Great_Western,Great Western Main Line,Somerset,Thames Valley,51.41940681,-2.750646299,FALSE,,FALSE,,,90,,,long,,,,,,,,,,,,,,[nan],1,1,low,single,,multiple,FALSE,TRUE,FALSE,,,,,FALSE,
GR_0112,GR_R0112,Newbury,NBY,Great_Western,Berks & Hants Line,Berkshire,Thames Valley,51.39764427,-1.322862459,TRUE,,FALSE,,,50,,,local,,,,,,,,,,,,,,[nan],1,1,low,single,,single,FALSE,TRUE,FALSE,,,,,FALSE,
GR_0113,GR_R0113,Newbury Racecourse,NRC,Great_Western,Berks & Hants Line,Berkshire,Thames Valley,51.39845548,-1.307799999,FALSE,,FALSE,,,48,,,local,,,,,,,,,,,,,,[nan],1,1,low,single,,multiple,FALSE,TRUE,FALSE,,,,,FALSE,
GR_0114,GR_R0114,Newcourt,NCO,Great_Western,Exmouth Branch,Devon,Devon,50.7023,-3.472551,FALSE,,FALSE,,,150,,,long,,,,,,,,,,,,,,[nan],1,1,low,single,,single,FALSE,TRUE,FALSE,,,,,FALSE,
GR_0115,GR_R0115,Newquay,NQY,Great_Western,Atlantic Coast Line,Cornwall,Cornwall,50.41508811,-5.075708631,FALSE,,TRUE,,,275,,,remote,,,,,,,,,,,,,,[nan],1,1,low,single,,single,FALSE,TRUE,FALSE,,,,,FALSE,
GR_0116,GR_R0116,Newton Abbot,NTA,Great_Western,Great Western Main Line,Devon,Thames Valley,50.52956986,-3.599193375,FALSE,,FALSE,,,155,,,long,,,,,,,,,,,,,,[nan],1,1,low,single,,multiple,FALSE,TRUE,FALSE,,,,,FALSE,
GR_0117,GR_R0117,Newton St Cyres,NTC,Great_Western,Dartmoor Line,Devon,Devon,50.77891926,-3.589414088,FALSE,,FALSE,,,145,,,long,,,,,,,,,,,,,,[nan],1,1,low,single,,multiple,FALSE,TRUE,FALSE,,,,,FALSE,
GR_0118,GR_R0118,North Camp,NCM,Great_Western,0,0,0,51.27579399,-0.731198355,0,,0,,,0,,,0,,,,,,,,,,,,,,[nan],1,1,low,single,,multiple,FALSE,TRUE,FALSE,,,,,FALSE,
GR_0119,GR_R0119,Okehampton,OKE,Great_Western,Dartmoor Line,Devon,Devon,50.737521,-3.995299,FALSE,,TRUE,,,165,,,long,,,,,,,,,,,,,,[nan],1,1,low,single,,single,FALSE,TRUE,FALSE,,,,,FALSE,
GR_0120,GR_R0120,Okehampton Interchange,OKI,Great_Western,0,0,0,50.74346356,-3.975920588,0,,0,,,0,,,0,,,,,,,,,,,,,,[nan],1,1,low,single,,multiple,FALSE,TRUE,FALSE,,,,,FALSE,
GR_0121,GR_R0121,Oldfield Park,OLF,Great_Western,0,0,0,51.37920116,-2.3802945,0,,0,,,0,,,0,,,,,,,,,,,,,,[nan],1,1,low,single,,multiple,FALSE,TRUE,FALSE,,,,,FALSE,
GR_0122,GR_R0122,Oxford,OXF,Great_Western,Oxford & Hereford Line,Oxfordshire,Cotswolds,51.75350075,-1.270151173,TRUE,,FALSE,,,55,,,regional,,,,,,,,,,,,,,[nan],1,1,low,single,,single,FALSE,TRUE,FALSE,,,,,FALSE,
GR_0123,GR_R0123,Paignton,PGN,Great_Western,0,0,0,50.43470781,-3.564338773,0,,0,,,0,,,0,,,,,,,,,,,,,,[nan],1,1,low,single,,single,FALSE,TRUE,FALSE,,,,,FALSE,
GR_0124,GR_R0124,Pangbourne,PAN,Great_Western,Great Western Main Line,Berkshire,Thames Valley,51.4853982,-1.090464668,FALSE,,FALSE,,,35,,,regional,,,,,,,,,,,,,,[nan],1,1,low,single,,single,FALSE,TRUE,FALSE,,,,,FALSE,
GR_0125,GR_R0125,Par,PAR,Great_Western,Great Western Main Line,Cornwall,Thames Valley,50.35531723,-4.704719639,TRUE,,FALSE,,,235,,,remote,,,,,,,,,,,,,,[nan],1,1,low,single,,single,FALSE,TRUE,FALSE,,,,,FALSE,
GR_0126,GR_R0126,Parson Street,PSN,Great_Western,0,0,0,51.43353995,-2.608313932,0,,0,,,0,,,0,,,,,,,,,,,,,,[nan],1,1,low,single,,multiple,FALSE,TRUE,FALSE,,,,,FALSE,
GR_0127,GR_R0127,Patchway,PWY,Great_Western,0,0,0,51.52592522,-2.562695774,0,,0,,,0,,,0,,,,,,,,,,,,,,[nan],1,1,low,single,,single,FALSE,TRUE,FALSE,,,,,FALSE,
GR_0128,GR_R0128,Penmere,PNM,Great_Western,Maritime Line,Cornwall,Cornwall,50.1497831,-5.083003855,FALSE,,FALSE,,,278,,,remote,,,,,,,,,,,,,,[nan],1,1,low,single,,single,FALSE,TRUE,FALSE,,,,,FALSE,
GR_0129,GR_R0129,Penryn (Cornwall),PYN,Great_Western,Maritime Line,Cornwall,Cornwall,50.17026855,-5.110935401,FALSE,,FALSE,,,275,,,remote,,,,,,,,,,,,,,[nan],1,1,low,single,,multiple,FALSE,TRUE,FALSE,,,,,FALSE,
GR_0130,GR_R0130,Penzance,PNZ,Great_Western,Great Western Main Line,Cornwall,Thames Valley,50.12168229,-5.532467153,FALSE,,FALSE,,,300,,,remote,,,,,,,,,,,,,,[nan],1,1,low,single,,single,FALSE,TRUE,FALSE,,,,,FALSE,
GR_0131,GR_R0131,Perranwell,PRW,Great_Western,Maritime Line,Cornwall,Cornwall,50.21648441,-5.111839596,FALSE,,FALSE,,,265,,,remote,,,,,,,,,,,,,,[nan],1,1,low,single,,single,FALSE,TRUE,FALSE,,,,,FALSE,
GR_0132,GR_R0132,Pershore,PSH,Great_Western,Oxford & Hereford Line,Worcestershire,Cotswolds,52.13029348,-2.07154008,FALSE,,FALSE,,,120,,,regional,,,,,,,,,,,,,,[nan],1,1,low,single,,single,FALSE,TRUE,FALSE,,,,,FALSE,
GR_0133,GR_R0133,Pewsey,PEW,Great_Western,Berks & Hants Line,Wiltshire,Thames Valley,51.34218734,-1.770675036,FALSE,,FALSE,,,85,,,regional,,,,,,,,,,,,,,[nan],1,1,low,single,,single,FALSE,TRUE,FALSE,,,,,FALSE,
GR_0134,GR_R0134,Pilning,PIL,Great_Western,0,0,0,51.55662016,-2.627119757,0,,0,,,0,,,0,,,,,,,,,,,,,,[nan],1,1,low,single,,single,FALSE,TRUE,FALSE,,,,,FALSE,
GR_0135,GR_R0135,Plymouth,PLY,Great_Western,Great Western Main Line,Devon,Thames Valley,50.37781736,-4.143363131,TRUE,,FALSE,,,190,,,remote,,,,,,,,,,,,,,[nan],1,1,low,single,,single,FALSE,TRUE,FALSE,,,,,FALSE,
GR_0136,GR_R0136,Polsloe Bridge,POL,Great_Western,Exmouth Branch,Devon,Devon,50.73106987,-3.501496022,FALSE,,FALSE,,,145,,,long,,,,,,,,,,,,,,[nan],1,1,low,single,,multiple,FALSE,TRUE,FALSE,,,,,FALSE,
GR_0137,GR_R0137,Portsmouth Arms,PMA,Great_Western,Tarka Line,Devon,Devon,50.95699912,-3.950613811,FALSE,,FALSE,,,180,,,long,,,,,,,,,,,,,,[nan],1,1,low,single,,multiple,FALSE,TRUE,FALSE,,,,,FALSE,
GR_0138,GR_R0138,Portway Park & Ride,PRI,Great_Western,0,0,0,51.4901288,-2.6888666,0,,0,,,0,,,0,,,,,,,,,,,,,,[nan],1,1,low,single,,multiple,FALSE,TRUE,FALSE,,,,,FALSE,
GR_0139,GR_R0139,Quintrell Downs,QUI,Great_Western,Atlantic Coast Line,Cornwall,Cornwall,50.40396942,-5.029806255,FALSE,,FALSE,,,270,,,remote,,,,,,,,,,,,,,[nan],1,1,low,single,,multiple,FALSE,TRUE,FALSE,,,,,FALSE,
GR_0140,GR_R0140,Radley,RAD,Great_Western,Oxford & Hereford Line,Oxfordshire,Cotswolds,51.68620873,-1.240479351,FALSE,,FALSE,,,55,,,regional,,,,,,,,,,,,,,[nan],1,1,low,single,,single,FALSE,TRUE,FALSE,,,,,FALSE,
GR_0141,GR_R0141,Reading Green Park,RGP,Great_Western,0,0,0,51.4266639,-0.9996331,0,,0,,,0,,,0,,,,,,,,,,,,,,[nan],1,1,low,single,,multiple,FALSE,TRUE,FALSE,,,,,FALSE,
GR_0142,GR_R0142,Reading West,RDW,Great_Western,Berks & Hants Line,Berkshire,Thames Valley,51.45545321,-0.990294679,FALSE,,FALSE,,,28,,,local,,,,,,,,,,,,,,[nan],1,1,low,single,,multiple,FALSE,TRUE,FALSE,,,,,FALSE,
GR_0143,GR_R0143,Redland,RDA,Great_Western,Severn Beach Line,Bristol,Bristol,51.46838591,-2.599131362,FALSE,,FALSE,,,97,,,long,,,,,,,,,,,,,,[nan],1,1,low,single,,single,FALSE,TRUE,FALSE,,,,,FALSE,
GR_0144,GR_R0144,Redruth,RED,Great_Western,Great Western Main Line,Cornwall,Thames Valley,50.2332413,-5.225974546,FALSE,,FALSE,,,270,,,remote,,,,,,,,,,,,,,[nan],1,1,low,single,,single,FALSE,TRUE,FALSE,,,,,FALSE,
GR_0145,GR_R0145,Roche,ROC,Great_Western,Atlantic Coast Line,Cornwall,Cornwall,50.41826529,-4.830229067,FALSE,,FALSE,,,255,,,remote,,,,,,,,,,,,,,[nan],1,1,low,single,,single,FALSE,TRUE,FALSE,,,,,FALSE,
GR_0146,GR_R0146,Saltash,STS,Great_Western,Great Western Main Line,Cornwall,Thames Valley,50.40734763,-4.20915696,FALSE,,FALSE,,,195,,,remote,,,,,,,,,,,,,,[nan],1,1,low,single,,single,FALSE,TRUE,FALSE,,,,,FALSE,
GR_0147,GR_R0147,Sampford Courtenay,SMC,Great_Western,0,0,0,50.778968,-3.937485,0,,0,,,0,,,0,,,,,,,,,,,,,,[nan],1,1,low,single,,multiple,FALSE,TRUE,FALSE,,,,,FALSE,
GR_0148,GR_R0148,Sandhurst (Berks),SND,Great_Western,0,0,0,51.34647568,-0.803914472,0,,0,,,0,,,0,,,,,,,,,,,,,,[nan],1,1,low,single,,multiple,FALSE,TRUE,FALSE,,,,,FALSE,
GR_0149,GR_R0149,Sandplace,SDP,Great_Western,Looe Valley Line,Cornwall,0,50.38674429,-4.464517438,FALSE,,FALSE,,,232,,,remote,,,,,,,,,,,,,,[nan],1,1,low,single,,single,FALSE,TRUE,FALSE,,,,,FALSE,
GR_0150,GR_R0150,Sea Mills,SML,Great_Western,Severn Beach Line,Bristol,Bristol,51.47953406,-2.650110484,FALSE,,FALSE,,,102,,,long,,,,,,,,,,,,,,[nan],1,1,low,single,,multiple,FALSE,TRUE,FALSE,,,,,FALSE,
GR_0151,GR_R0151,Severn Beach,SVB,Great_Western,Severn Beach Line,Bristol,Bristol,51.55955383,-2.66427711,FALSE,,FALSE,,,105,,,long,,,,,,,,,,,,,,[nan],1,1,low,single,,multiple,FALSE,TRUE,FALSE,,,,,FALSE,
GR_0152,GR_R0152,Shalford (Surrey),SFR,Great_Western,0,0,0,51.21431997,-0.566799182,0,,0,,,0,,,0,,,,,,,,,,,,,,[nan],1,1,low,single,,multiple,FALSE,TRUE,FALSE,,,,,FALSE,
GR_0153,GR_R0153,Shiplake,SHI,Great_Western,Henley Branch,Berkshire,Thames Valley,51.51121587,-0.882524379,FALSE,,FALSE,,,45,,,local,,,,,,,,,,,,,,[nan],1,1,low,single,,single,FALSE,TRUE,FALSE,,,,,FALSE,
GR_0154,GR_R0154,Shipton,SIP,Great_Western,Oxford & Hereford Line,Oxfordshire,Cotswolds,51.86565386,-1.5926996,FALSE,,FALSE,,,85,,,regional,,,,,,,,,,,,,,[nan],1,1,low,single,,single,FALSE,TRUE,FALSE,,,,,FALSE,
GR_0155,GR_R0155,Shirehampton,SHH,Great_Western,Severn Beach Line,Bristol,Bristol,51.48458989,-2.678266118,FALSE,,FALSE,,,104,,,long,,,,,,,,,,,,,,[nan],1,1,low,single,,single,FALSE,TRUE,FALSE,,,,,FALSE,
GR_0156,GR_R0156,Slough,SLO,Great_Western,Great Western Main Line,Berkshire,Thames Valley,51.51187689,-0.591504981,TRUE,,FALSE,,,20,,,local,,,,,,,,,,,,,,[nan],1,1,low,single,,single,FALSE,TRUE,FALSE,,,,,FALSE,
GR_0157,GR_R0157,South Greenford,SGN,Great_Western,Greenford Branch,Greater London,London,51.53321485,-0.336653369,FALSE,,FALSE,,,15,,,local,,,,,,,,,,,,,,[nan],1,1,low,single,,multiple,FALSE,TRUE,FALSE,,,,,FALSE,
GR_0158,GR_R0158,St Andrews Road,SAR,Great_Western,Severn Beach Line,Bristol,Bristol,51.51279724,-2.696698481,FALSE,,FALSE,,,108,,,long,,,,,,,,,,,,,,[nan],1,1,low,single,,multiple,FALSE,TRUE,FALSE,,,,,FALSE,
GR_0159,GR_R0159,St Austell,SAU,Great_Western,Great Western Main Line,Cornwall,Thames Valley,50.33950737,-4.789405571,FALSE,,FALSE,,,245,,,remote,,,,,,,,,,,,,,[nan],1,1,low,single,,multiple,FALSE,TRUE,FALSE,,,,,FALSE,
GR_0160,GR_R0160,St Budeaux Ferry Road,SBF,Great_Western,0,0,0,50.40138693,-4.186644684,0,,0,,,0,,,0,,,,,,,,,,,,,,[nan],1,1,low,single,,multiple,FALSE,TRUE,FALSE,,,,,FALSE,
GR_0161,GR_R0161,St Budeaux Victoria Road,SBV,Great_Western,Tamar Valley Line,Cornwall,Cornwall,50.4021693,-4.188088002,FALSE,,FALSE,,,203,,,remote,,,,,,,,,,,,,,[nan],1,1,low,single,,multiple,FALSE,TRUE,FALSE,,,,,FALSE,
GR_0162,GR_R0162,St Columb Road,SCR,Great_Western,Atlantic Coast Line,Cornwall,Cornwall,50.39905812,-4.940828131,FALSE,,FALSE,,,265,,,remote,,,,,,,,,,,,,,[nan],1,1,low,single,,multiple,FALSE,TRUE,FALSE,,,,,FALSE,
GR_0163,GR_R0163,St Erth,SER,Great_Western,Great Western Main Line,Cornwall,Thames Valley,50.1704777,-5.444317521,TRUE,,FALSE,,,290,,,remote,,,,,,,,,,,,,,[nan],1,1,low,single,,multiple,FALSE,TRUE,FALSE,,,,,FALSE,
GR_0164,GR_R0164,St Germans,SGM,Great_Western,Great Western Main Line,Cornwall,Thames Valley,50.39426531,-4.30845147,FALSE,,FALSE,,,205,,,remote,,,,,,,,,,,,,,[nan],1,1,low,single,,multiple,FALSE,TRUE,FALSE,,,,,FALSE,
GR_0165,GR_R0165,St Ives (Cornwall),SIV,Great_Western,St Ives Bay Line,Cornwall,0,50.20864501,-5.47678695,FALSE,,TRUE,,,315,,,remote,,,,,,,,,,,,,,[nan],1,1,low,single,,multiple,FALSE,TRUE,FALSE,,,,,FALSE,
GR_0166,GR_R0166,St James Park (Exeter),SJP,Great_Western,Exmouth Branch,Devon,Devon,50.73068086,-3.523164103,FALSE,,FALSE,,,142,,,long,,,,,,,,,,,,,,[nan],1,1,low,single,,multiple,FALSE,TRUE,FALSE,,,,,FALSE,
GR_0167,GR_R0167,St Keyne Wishing Well Halt,SKN,Great_Western,Looe Valley Line,Cornwall,0,50.42305549,-4.461615382,FALSE,,FALSE,,,225,,,remote,,,,,,,,,,,,,,[nan],1,1,low,single,,multiple,FALSE,TRUE,FALSE,,,,,FALSE,
GR_0168,GR_R0168,Stapleton Road,SRD,Great_Western,Severn Beach Line,Bristol,Bristol,51.46750636,-2.566223864,FALSE,,FALSE,,,92,,,long,,,,,,,,,,,,,,[nan],1,1,low,single,,multiple,FALSE,TRUE,FALSE,,,,,FALSE,
GR_0169,GR_R0169,Starcross,SCS,Great_Western,Great Western Main Line,Devon,Thames Valley,50.62778455,-3.447726133,FALSE,,FALSE,,,145,,,long,,,,,,,,,,,,,,[nan],1,1,low,single,,single,FALSE,TRUE,FALSE,,,,,FALSE,
GR_0170,GR_R0170,Stonehouse,SHU,Great_Western,0,0,0,51.74588546,-2.279510293,0,,0,,,0,,,0,,,,,,,,,,,,,,[nan],1,1,low,single,,single,FALSE,TRUE,FALSE,,,,,FALSE,
GR_0171,GR_R0171,Stroud (Glos),STD,Great_Western,0,0,0,51.74457443,-2.219392567,0,,0,,,0,,,0,,,,,,,,,,,,,,[nan],1,1,low,single,,multiple,FALSE,TRUE,FALSE,,,,,FALSE,
GR_0172,GR_R0172,Swindon (Wilts),SWI,Great_Western,Great Western Main Line,Wiltshire,Thames Valley,51.56547293,-1.785510103,TRUE,,FALSE,,,50,,,regional,,,,,,,,,,,,,,[nan],1,1,low,single,,multiple,FALSE,TRUE,FALSE,,,,,FALSE,
GR_0173,GR_R0173,Tackley,TAC,Great_Western,0,0,0,51.88132548,-1.297226956,0,,0,,,0,,,0,,,,,,,,,,,,,,[nan],1,1,low,single,,single,FALSE,TRUE,FALSE,,,,,FALSE,
GR_0174,GR_R0174,Taunton,TAU,Great_Western,Great Western Main Line,Somerset,Thames Valley,51.02365625,-3.102132918,FALSE,,FALSE,,,110,,,long,,,,,,,,,,,,,,[nan],1,1,low,single,,single,FALSE,TRUE,FALSE,,,,,FALSE,
GR_0175,GR_R0175,Teignmouth,TGM,Great_Western,Great Western Main Line,Devon,Thames Valley,50.54804676,-3.494686366,FALSE,,FALSE,,,160,,,long,,,,,,,,,,,,,,[nan],1,1,low,single,,single,FALSE,TRUE,FALSE,,,,,FALSE,
GR_0176,GR_R0176,Thatcham,THA,Great_Western,Berks & Hants Line,Berkshire,Thames Valley,51.39383879,-1.243189177,FALSE,,FALSE,,,45,,,local,,,,,,,,,,,,,,[nan],1,1,low,single,,single,FALSE,TRUE,FALSE,,,,,FALSE,
GR_0177,GR_R0177,Theale,THE,Great_Western,Berks & Hants Line,Berkshire,Thames Valley,51.43344686,-1.074967204,FALSE,,FALSE,,,30,,,local,,,,,,,,,,,,,,[nan],1,1,low,single,,single,FALSE,TRUE,FALSE,,,,,FALSE,
GR_0178,GR_R0178,Thornford,THO,Great_Western,Heart of Wessex Line,Dorset,West Country,50.91195034,-2.57972607,FALSE,,FALSE,,,150,,,long,,,,,,,,,,,,,,[nan],1,1,low,single,,single,FALSE,TRUE,FALSE,,,,,FALSE,
GR_0179,GR_R0179,Tilehurst,TLH,Great_Western,Great Western Main Line,Berkshire,Thames Valley,51.47150508,-1.029822977,FALSE,,FALSE,,,30,,,regional,,,,,,,,,,,,,,[nan],1,1,low,single,,single,FALSE,TRUE,FALSE,,,,,FALSE,
GR_0180,GR_R0180,Tiverton Parkway,TVP,Great_Western,Great Western Main Line,Devon,Thames Valley,50.9175286,-3.359957026,FALSE,,FALSE,,,125,,,long,,,,,,,,,,,,,,[nan],1,1,low,single,,multiple,FALSE,TRUE,FALSE,,,,,FALSE,
GR_0181,GR_R0181,Topsham,TOP,Great_Western,Exmouth Branch,Devon,Devon,50.68604362,-3.463675278,FALSE,,FALSE,,,155,,,long,,,,,,,,,,,,,,[nan],1,1,low,single,,single,FALSE,TRUE,FALSE,,,,,FALSE,
GR_0182,GR_R0182,Torquay,TQY,Great_Western,0,0,0,50.46116534,-3.54366854,0,,0,,,0,,,0,,,,,,,,,,,,,,[nan],1,1,low,single,,single,FALSE,TRUE,FALSE,,,,,FALSE,
GR_0183,GR_R0183,Torre,TRR,Great_Western,0,0,0,50.4731714,-3.546441301,0,,0,,,0,,,0,,,,,,,,,,,,,,[nan],1,1,low,single,,single,FALSE,TRUE,FALSE,,,,,FALSE,
GR_0184,GR_R0184,Totnes,TOT,Great_Western,Great Western Main Line,Devon,Thames Valley,50.43584686,-3.688721847,FALSE,,FALSE,,,170,,,long,,,,,,,,,,,,,,[nan],1,1,low,single,,single,FALSE,TRUE,FALSE,,,,,FALSE,
GR_0185,GR_R0185,Trowbridge,TRO,Great_Western,Avon Valley Line,Wiltshire,West Country,51.31982565,-2.21434677,TRUE,,FALSE,,,105,,,long,,,,,,,,,,,,,,[nan],1,1,low,single,,single,FALSE,TRUE,FALSE,,,,,FALSE,
GR_0186,GR_R0186,Truro,TRU,Great_Western,Great Western Main Line,Cornwall,Thames Valley,50.26382962,-5.064866947,FALSE,,FALSE,,,255,,,remote,,,,,,,,,,,,,,[nan],1,1,low,single,,single,FALSE,TRUE,FALSE,,,,,FALSE,
GR_0187,GR_R0187,Twyford,TWY,Great_Western,Great Western Main Line,Berkshire,Thames Valley,51.47553018,-0.863294993,TRUE,,FALSE,,,30,,,local,,,,,,,,,,,,,,[nan],1,1,low,single,,single,FALSE,TRUE,FALSE,,,,,FALSE,
GR_0188,GR_R0188,Umberleigh,UMB,Great_Western,Tarka Line,Devon,Devon,50.99674639,-3.98292199,FALSE,,FALSE,,,182,,,long,,,,,,,,,,,,,,[nan],1,1,low,single,,single,FALSE,TRUE,FALSE,,,,,FALSE,
GR_0189,GR_R0189,Wargrave,WGV,Great_Western,Henley Branch,Berkshire,Thames Valley,51.49815593,-0.876519321,FALSE,,FALSE,,,35,,,local,,,,,,,,,,,,,,[nan],1,1,low,single,,single,FALSE,TRUE,FALSE,,,,,FALSE,
GR_0190,GR_R0190,Warminster,WMN,Great_Western,Westbury Branch,Wiltshire,West Country,51.2067679,-2.176745956,FALSE,,FALSE,,,110,,,long,,,,,,,,,,,,,,[nan],1,1,low,single,,single,FALSE,TRUE,FALSE,,,,,FALSE,
GR_0191,GR_R0191,Westbury,WSB,Great_Western,TransWilts Line,Wiltshire,West Country,51.26697915,-2.199193897,TRUE,,FALSE,,,100,,,long,,,,,,,,,,,,,,[nan],1,1,low,single,,single,FALSE,TRUE,FALSE,,,,,FALSE,
GR_0192,GR_R0192,Weston Milton,WNM,Great_Western,0,0,0,51.34877468,-2.943343959,0,,0,,,0,,,0,,,,,,,,,,,,,,[nan],1,1,low,single,,multiple,FALSE,TRUE,FALSE,,,,,FALSE,
GR_0193,GR_R0193,Weston-super-Mare,WSM,Great_Western,Great Western Main Line,Somerset,Thames Valley,51.34431671,-2.971681531,FALSE,,FALSE,,,105,,,long,,,,,,,,,,,,,,[nan],1,1,low,single,,single,FALSE,TRUE,FALSE,,,,,FALSE,
GR_0194,GR_R0194,Windsor & Eton Central,WNC,Great_Western,Windsor Branch,Berkshire,Thames Valley,51.48327262,-0.610374922,FALSE,,TRUE,,,35,,,local,,,,,,,,,,,,,,[nan],1,1,low,single,,multiple,FALSE,TRUE,FALSE,,,,,FALSE,
GR_0195,GR_R0195,Worcestershire Parkway,WOP,Great_Western,Oxford & Hereford Line,Worcestershire,Cotswolds,52.155817,-2.161471,FALSE,,FALSE,,,130,,,long,,,,,,,,,,,,,,[nan],1,1,low,single,,multiple,FALSE,TRUE,FALSE,,,,,FALSE,
GR_0196,GR_R0196,Worle,WOR,Great_Western,Great Western Main Line,Somerset,Thames Valley,51.35803344,-2.909638886,FALSE,,FALSE,,,100,,,long,,,,,,,,,,,,,,[nan],1,1,low,single,,single,FALSE,TRUE,FALSE,,,,,FALSE,
GR_0197,GR_R0197,Yate,YAE,Great_Western,0,0,0,51.54060333,-2.432524509,0,,0,,,0,,,0,,,,,,,,,,,,,,[nan],1,1,low,single,,single,FALSE,TRUE,FALSE,,,,,FALSE,
GR_0198,GR_R0198,Yatton ,YAT,Great_Western,Great Western Main Line,Somerset,Thames Valley,51.39101195,-2.82779361,FALSE,,FALSE,,,95,,,long,,,,,,,,,,,,,,[nan],1,1,low,single,,single,FALSE,TRUE,FALSE,,,,,FALSE,
GR_0199,GR_R0199,Yeoford,YEO,Great_Western,Tarka Line,Devon,Devon,50.7768865,-3.726083161,FALSE,,FALSE,,,155,,,long,,,,,,,,,,,,,,[nan],1,1,low,single,,single,FALSE,TRUE,FALSE,,,,,FALSE,
GR_0200,GR_R0200,Yeovil Pen Mill,YVP,Great_Western,Heart of Wessex Line,Somerset,West Country,50.94451153,-2.613439339,FALSE,,FALSE,,,145,,,long,,,,,,,,,,,,,,[nan],1,1,low,single,,multiple,FALSE,TRUE,FALSE,,,,,FALSE,
GR_0201,GR_R0201,Yetminster,YET,Great_Western,Heart of Wessex Line,Dorset,West Country,50.89615639,-2.572988939,FALSE,,FALSE,,,155,,,long,,,,,,,,,,,,,,[nan],1,1,low,single,,single,FALSE,TRUE,FALSE,,,,,FALSE,
