station_id,station_name,crs,operator,route,county,latitude,longitude,major_interchange,terminus,branch_junction,nearest_landmark,nearest_landmark_km,nearest_castle,nearest_castle_km,nearest_cathedral,nearest_cathedral_km,nearest_museum,nearest_museum_km,nearest_country_house,nearest_country_house_km,nearest_nature_reserve,nearest_nature_reserve_km,route_count,service_count,service_density,route_diversity_band,time_from_london,time_band,accessibility_score,difficulty_score,route_groups,region,is_branch_line,is_mainline,is_coastal,word_count_band,is_interchange,is_terminus,route_station_id,canonical_time_to_london,time_group,is_high_speed,distance_band
SR001,Angmering,ANG,,,,50.816704,-0.489559,False,,,,,,,,,,,,,,,1.0,1.0,low,few,40.5,30-60,2.0,8.0,['West Coastway'],West Coastway,False,True,True,single,False,False,SR001,40.5,30-60,False,commuter
SR002,Ashurst,,,,,,,,,,,,,,,,,,,,,,,,,,55.0,,,,['Uckfield Branch'],Uckfield Branch,True,False,False,single,False,False,SR002,55.0,,False,commuter
SR002,Balcombe,BAB,,,,51.05624,-0.137881,False,,,,,,,,,,,,,,,1.0,1.0,low,few,18.0,0-30,2.0,8.0,['Brighton Main Line'],Brighton Main Line,False,True,False,single,False,False,SR002,18.0,0-30,False,inner
SR003,Balham,BAL,,,,51.443169,-0.152403,False,,,,,,,,,,,,,,,2.0,2.0,medium,some,9.0,0-30,4.0,6.0,['Sutton & Metro'],Sutton & Metro,False,True,False,single,False,False,SR003,9.0,0-30,False,inner
SR004,Barnham,BAA,,,,50.831135,-0.639627,False,,,,,,,,,,,,,,,1.0,1.0,low,few,27.0,0-30,2.0,8.0,"['West Coastway', 'Arun Valley']",West Coastway,False,True,True,single,False,False,SR004,27.0,0-30,False,outer
SR005,Basingstoke,BSK,,,,51.26804,-1.086896,False,,,,,,,,,,,,,,,1.0,1.0,low,few,44.0,30-60,2.0,8.0,['Portsmouth Direct'],Portsmouth Direct,False,True,False,single,False,False,SR005,44.0,30-60,False,commuter
SR006,Bat & Ball,BBL,,,,51.289703,0.194258,False,,,,,,,,,,,,,,,1.0,1.0,low,few,27.0,0-30,2.0,8.0,['Southern Thameslink Branches'],Southern Thameslink Branches,False,True,False,multiple,False,False,SR006,27.0,0-30,False,outer
SR007,Battle,BAT,,,,50.91312,0.495169,False,,,,,,,,,,,,,,,1.0,1.0,low,few,81.0,60-120,2.0,8.0,['East Coastway'],East Coastway,False,True,True,single,False,False,SR007,81.0,60-120,False,regional
SR008,Berwick,BRK,,,,50.840569,0.164587,False,,,,,,,,,,,,,,,1.0,1.0,low,few,40.5,30-60,2.0,8.0,['East Coastway'],East Coastway,False,True,True,single,False,False,SR008,40.5,30-60,False,commuter
SR009,Bexhill,BEX,,,,50.840679,0.475678,False,,,,,,,,,,,,,,,1.0,1.0,low,few,76.5,60-120,2.0,8.0,['East Coastway'],East Coastway,False,True,True,single,False,False,SR009,76.5,60-120,False,regional
SR011,Blackfriars,,,,,,,,,,,,,,,,,,,,,,,,,,0.0,,,,"['Thameslink Core', 'Southern Thameslink Branches']",Thameslink Core,False,True,False,single,False,False,SR011,0.0,,False,inner
SR012,Bognor Regis,,,,,,,,,,,,,,,,,,,,,,,,,,95.0,,,,['West Coastway'],West Coastway,False,True,True,multiple,False,False,SR012,95.0,,False,regional
SR010,Bosham,BOH,,,,50.843262,-0.846655,False,,,,,,,,,,,,,,,1.0,1.0,low,few,40.5,30-60,2.0,8.0,['West Coastway'],West Coastway,False,True,True,single,False,False,SR010,40.5,30-60,False,commuter
SR011,Brighton,BTN,,,,50.829659,-0.141234,True,,,,,,,,,,,,,,,3.0,3.0,medium,some,18.0,0-30,6.0,4.0,"['Brighton Main Line', 'East Coastway', 'West Coastway']",Brighton Main Line,False,True,True,single,True,False,SR011,18.0,0-30,False,inner
SR012,Burgess Hill,BUG,,,,50.953552,-0.127749,False,,,,,,,,,,,,,,,1.0,1.0,low,few,22.5,0-30,2.0,8.0,['Brighton Main Line'],Brighton Main Line,False,True,False,multiple,False,False,SR012,22.5,0-30,False,outer
SR016,Buxted,,,,,,,,,,,,,,,,,,,,,,,,,,75.0,,,,['Uckfield Branch'],Uckfield Branch,True,False,False,single,False,False,SR016,75.0,,False,regional
SR013,Carshalton,CSH,,,,51.367859,-0.16693,False,,,,,,,,,,,,,,,1.0,1.0,low,few,45.0,30-60,2.0,8.0,['Sutton & Metro'],Sutton & Metro,False,True,False,single,False,False,SR013,45.0,30-60,False,commuter
SR014,Chichester,CCH,,,,50.831821,-0.783032,False,,,,,,,,,,,,,,,1.0,1.0,low,few,31.5,30-60,2.0,8.0,['West Coastway'],West Coastway,False,True,True,single,False,False,SR014,31.5,30-60,False,outer
SR019,City Thameslink,,,,,,,,,,,,,,,,,,,,,,,,,,0.0,,,,"['Thameslink Core', 'Southern Thameslink Branches']",Thameslink Core,False,True,False,multiple,False,False,SR019,0.0,,False,inner
SR015,Clapham Junction,CLJ,,,,51.464134,-0.170281,True,,,,,,,,,,,,,,,4.0,4.0,high,many,4.5,0-30,8.0,2.0,"['Brighton Main Line', 'Portsmouth Direct']",Brighton Main Line,False,True,False,multiple,True,False,SR015,4.5,0-30,False,inner
SR016,Collington,CLL,,,,50.839272,0.457142,False,,,,,,,,,,,,,,,1.0,1.0,low,few,72.0,60-120,2.0,8.0,['East Coastway'],East Coastway,False,True,True,single,False,False,SR016,72.0,60-120,False,regional
SR017,Cooden Beach,COB,,,,50.83271,0.426969,False,,,,,,,,,,,,,,,1.0,1.0,low,few,67.5,60-120,2.0,8.0,['East Coastway'],East Coastway,False,True,True,multiple,False,False,SR017,67.5,60-120,False,regional
SR018,Cosham,CSA,,,,50.841644,-1.068259,False,,,,,,,,,,,,,,,1.0,1.0,low,few,54.0,30-60,2.0,8.0,['Portsmouth Direct'],Portsmouth Direct,False,True,False,single,False,False,SR018,54.0,30-60,False,commuter
SR019,Coulsdon South,CDS,,,,51.315231,-0.13746,False,,,,,,,,,,,,,,,1.0,1.0,low,few,18.0,0-30,2.0,8.0,['Brighton Main Line'],Brighton Main Line,False,True,False,multiple,False,False,SR019,18.0,0-30,False,inner
SR025,Cowden,,,,,,,,,,,,,,,,,,,,,,,,,,60.0,,,,['Uckfield Branch'],Uckfield Branch,True,False,False,single,False,False,SR025,60.0,,False,commuter
SR026,Crowborough,,,,,,,,,,,,,,,,,,,,,,,,,,60.0,,,,['Uckfield Branch'],Uckfield Branch,True,False,False,single,False,False,SR026,60.0,,False,commuter
SR027,Dorking,,,,,,,,,,,,,,,,,,,,,,,,,,55.0,,,,['Arun Valley'],Arun Valley,False,True,False,single,False,False,SR027,55.0,,False,commuter
SR028,Dorking West,,,,,,,,,,,,,,,,,,,,,,,,,,60.0,,,,['Arun Valley'],Arun Valley,False,True,False,multiple,False,False,SR028,60.0,,False,commuter
SR029,Dormans,,,,,,,,,,,,,,,,,,,,,,,,,,55.0,,,,['East Grinstead Branch'],East Grinstead Branch,True,False,False,single,False,False,SR029,55.0,,False,commuter
SR020,Dunton Green,DNG,,,,51.296425,0.171616,False,,,,,,,,,,,,,,,1.0,1.0,low,few,31.5,30-60,2.0,8.0,['Southern Thameslink Branches'],Southern Thameslink Branches,False,True,False,multiple,False,False,SR020,31.5,30-60,False,outer
SR021,Durrington-on-Sea,DUR,,,,50.817463,-0.411463,False,,,,,,,,,,,,,,,1.0,1.0,low,few,31.5,30-60,2.0,8.0,['West Coastway'],West Coastway,False,True,True,single,False,False,SR021,31.5,30-60,False,outer
SR022,Earlswood,ELD,,,,51.227631,-0.171078,False,,,,,,,,,,,,,,,1.0,1.0,low,few,22.5,0-30,2.0,8.0,['Brighton Main Line'],Brighton Main Line,False,True,False,single,False,False,SR022,22.5,0-30,False,outer
SR023,East Croydon,ECR,,,,51.375679,-0.093335,False,,,,,,,,,,,,,,,1.0,1.0,low,few,4.5,0-30,2.0,8.0,"['Brighton Main Line', 'East Grinstead Branch', 'Uckfield Branch']",Brighton Main Line,True,False,False,multiple,False,False,SR023,4.5,0-30,False,inner
SR034,East Grinstead,,,,,,,,,,,,,,,,,,,,,,,,,,60.0,,,,['East Grinstead Branch'],East Grinstead Branch,True,False,False,multiple,False,False,SR034,60.0,,False,commuter
SR035,East Worthing,,,,,,,,,,,,,,,,,,,,,,,,,,65.0,,,,['West Coastway'],West Coastway,False,True,True,multiple,False,False,SR035,65.0,,False,regional
SR024,Eastbourne,EBN,,,,50.769085,0.281847,False,,,,,,,,,,,,,,,1.0,1.0,low,few,54.0,30-60,2.0,8.0,['East Coastway'],East Coastway,False,True,True,single,False,False,SR024,54.0,30-60,False,commuter
SR037,Edenbridge Town,,,,,,,,,,,,,,,,,,,,,,,,,,70.0,,,,['Uckfield Branch'],Uckfield Branch,True,False,False,multiple,False,False,SR037,70.0,,False,regional
SR025,Emsworth,EMS,,,,50.851326,-0.938784,False,,,,,,,,,,,,,,,1.0,1.0,low,few,36.0,30-60,2.0,8.0,['West Coastway'],West Coastway,False,True,True,single,False,False,SR025,36.0,30-60,False,outer
SR039,Eridge,,,,,,,,,,,,,,,,,,,,,,,,,,70.0,,,,['Uckfield Branch'],Uckfield Branch,True,False,False,single,False,False,SR039,70.0,,False,regional
SR026,Etchingham,ETC,,,,51.010479,0.441935,False,,,,,,,,,,,,,,,1.0,1.0,low,few,72.0,60-120,2.0,8.0,['East Coastway'],East Coastway,False,True,True,single,False,False,SR026,72.0,60-120,False,regional
SR027,Eynsford,EYN,,,,51.362377,0.203465,False,,,,,,,,,,,,,,,1.0,1.0,low,few,13.5,0-30,2.0,8.0,['Southern Thameslink Branches'],Southern Thameslink Branches,False,True,False,single,False,False,SR027,13.5,0-30,False,inner
SR028,Falmer,FMR,,,,50.862064,-0.087364,False,,,,,,,,,,,,,,,1.0,1.0,low,few,27.0,0-30,2.0,8.0,['East Coastway'],East Coastway,False,True,True,single,False,False,SR028,27.0,0-30,False,outer
SR029,Fareham,FRM,,,,50.853352,-1.19162,False,,,,,,,,,,,,,,,1.0,1.0,low,few,63.0,60-120,2.0,8.0,['Portsmouth Direct'],Portsmouth Direct,False,True,False,single,False,False,SR029,63.0,60-120,False,regional
SR030,Farningham Road,FNR,,,,51.401337,0.235533,False,,,,,,,,,,,,,,,1.0,1.0,low,few,9.0,0-30,2.0,8.0,['Southern Thameslink Branches'],Southern Thameslink Branches,False,True,False,multiple,False,False,SR030,9.0,0-30,False,inner
SR045,Farringdon,,,,,,,,,,,,,,,,,,,,,,,,,,0.0,,,,"['Thameslink Core', 'Southern Thameslink Branches']",Thameslink Core,False,True,False,single,False,False,SR045,0.0,,False,inner
SR031,Fishbourne,FSB,,,,50.839352,-0.815495,False,,,,,,,,,,,,,,,1.0,1.0,low,few,36.0,30-60,2.0,8.0,['West Coastway'],West Coastway,False,True,True,single,False,False,SR031,36.0,30-60,False,outer
SR032,Ford,FOD,,,,50.829506,-0.578611,False,,,,,,,,,,,,,,,1.0,1.0,low,few,31.5,30-60,2.0,8.0,"['West Coastway', 'Arun Valley']",West Coastway,False,True,True,single,False,False,SR032,31.5,30-60,False,outer
SR033,Frant,FRT,,,,51.104321,0.294034,False,,,,,,,,,,,,,,,1.0,1.0,low,few,58.5,30-60,2.0,8.0,['Uckfield Branch'],Uckfield Branch,True,False,False,single,False,False,SR033,58.5,30-60,False,commuter
SR034,Fratton,FTN,,,,50.795818,-1.073422,False,,,,,,,,,,,,,,,1.0,1.0,low,few,45.0,30-60,2.0,8.0,"['West Coastway', 'Portsmouth Direct']",West Coastway,False,True,True,single,False,False,SR034,45.0,30-60,False,commuter
SR035,Gatwick Airport,GTW,,,,51.156425,-0.161022,False,,,,,,,,,,,,,,,1.0,1.0,low,few,9.0,0-30,2.0,8.0,['Brighton Main Line'],Brighton Main Line,False,True,False,multiple,False,False,SR035,9.0,0-30,False,inner
SR036,Glynde,GLY,,,,50.859398,0.06883,False,,,,,,,,,,,,,,,1.0,1.0,low,few,36.0,30-60,2.0,8.0,['East Coastway'],East Coastway,False,True,True,single,False,False,SR036,36.0,30-60,False,outer
SR037,Goring-by-Sea,GBS,,,,50.817753,-0.432751,False,,,,,,,,,,,,,,,1.0,1.0,low,few,36.0,30-60,2.0,8.0,['West Coastway'],West Coastway,False,True,True,single,False,False,SR037,36.0,30-60,False,outer
SR038,Hackbridge,HCB,,,,51.378437,-0.15358,False,,,,,,,,,,,,,,,1.0,1.0,low,few,40.5,30-60,2.0,8.0,['Sutton & Metro'],Sutton & Metro,False,True,False,single,False,False,SR038,40.5,30-60,False,commuter
SR039,Hampden Park,HMD,,,,50.796124,0.278906,False,,,,,,,,,,,,,,,1.0,1.0,low,few,49.5,30-60,2.0,8.0,['East Coastway'],East Coastway,False,True,True,multiple,False,False,SR039,49.5,30-60,False,commuter
SR040,Hassocks,HSK,,,,50.923264,-0.146043,False,,,,,,,,,,,,,,,1.0,1.0,low,few,27.0,0-30,2.0,8.0,['Brighton Main Line'],Brighton Main Line,False,True,False,single,False,False,SR040,27.0,0-30,False,outer
SR041,Hastings,HGS,,,,50.858288,0.57608,True,,,,,,,,,,,,,,,2.0,2.0,medium,some,85.5,60-120,4.0,6.0,['East Coastway'],East Coastway,False,True,True,single,True,False,SR041,85.5,60-120,False,regional
SR042,Havant,HAV,,,,50.854416,-0.982763,True,,,,,,,,,,,,,,,1.0,1.0,low,few,31.5,30-60,2.0,8.0,"['West Coastway', 'Portsmouth Direct']",West Coastway,False,True,True,single,True,False,SR042,31.5,30-60,False,outer
SR043,Haywards Heath,HHE,,,,51.00536,-0.105717,False,,,,,,,,,,,,,,,1.0,1.0,low,few,13.5,0-30,2.0,8.0,['Brighton Main Line'],Brighton Main Line,False,True,False,multiple,False,False,SR043,13.5,0-30,False,inner
SR044,Hedge End,HDE,,,,50.927773,-1.297056,False,,,,,,,,,,,,,,,1.0,1.0,low,few,62.0,60-120,2.0,8.0,['Portsmouth Direct'],Portsmouth Direct,False,True,False,multiple,False,False,SR044,62.0,60-120,False,regional
SR060,Hever,,,,,,,,,,,,,,,,,,,,,,,,,,65.0,,,,['Uckfield Branch'],Uckfield Branch,True,False,False,single,False,False,SR060,65.0,,False,regional
SR045,High Brooms,HIB,,,,51.149609,0.277686,False,,,,,,,,,,,,,,,1.0,1.0,low,few,49.5,30-60,2.0,8.0,['Uckfield Branch'],Uckfield Branch,True,False,False,multiple,False,False,SR045,49.5,30-60,False,commuter
SR046,Hildenborough,HLB,,,,51.214451,0.226465,False,,,,,,,,,,,,,,,1.0,1.0,low,few,40.5,30-60,2.0,8.0,['Southern Thameslink Branches'],Southern Thameslink Branches,False,True,False,single,False,False,SR046,40.5,30-60,False,commuter
SR047,Hilsea,HLS,,,,50.828075,-1.058592,False,,,,,,,,,,,,,,,1.0,1.0,low,few,49.5,30-60,2.0,8.0,['Portsmouth Direct'],Portsmouth Direct,False,True,False,single,False,False,SR047,49.5,30-60,False,commuter
SR064,Holmwood,,,,,,,,,,,,,,,,,,,,,,,,,,70.0,,,,['Arun Valley'],Arun Valley,False,True,False,single,False,False,SR064,70.0,,False,regional
SR048,Horley,HOR,,,,51.168137,-0.161994,False,,,,,,,,,,,,,,,1.0,1.0,low,few,13.5,0-30,2.0,8.0,['Brighton Main Line'],Brighton Main Line,False,True,False,single,False,False,SR048,13.5,0-30,False,inner
SR066,Horsham,,,,,,,,,,,,,,,,,,,,,,,,,,55.0,,,,['Arun Valley'],Arun Valley,False,True,False,single,False,False,SR066,55.0,,False,commuter
SR049,Hove,HOV,,,,50.835514,-0.170824,False,,,,,,,,,,,,,,,1.0,1.0,low,few,22.5,0-30,2.0,8.0,['West Coastway'],West Coastway,False,True,True,single,False,False,SR049,22.5,0-30,False,outer
SR068,Hurst Green,,,,,,,,,,,,,,,,,,,,,,,,,,45.0,,,,"['East Grinstead Branch', 'Uckfield Branch']",East Grinstead Branch,True,False,False,multiple,False,False,SR068,45.0,,False,commuter
SR050,Kensington Olympia,KPA,,,,51.497753,-0.210189,False,,,,,,,,,,,,,,,1.0,1.0,low,few,13.5,0-30,2.0,8.0,['Southern Thameslink Branches'],Southern Thameslink Branches,False,True,False,multiple,False,False,SR050,13.5,0-30,False,inner
SR051,Lancing,LAC,,,,50.827015,-0.323103,False,,,,,,,,,,,,,,,1.0,1.0,low,few,27.0,0-30,2.0,8.0,['West Coastway'],West Coastway,False,True,True,single,False,False,SR051,27.0,0-30,False,outer
SR052,Lewes,LWS,,,,50.870281,0.012455,False,,,,,,,,,,,,,,,1.0,1.0,low,few,31.5,30-60,2.0,8.0,['East Coastway'],East Coastway,False,True,True,single,False,False,SR052,31.5,30-60,False,outer
SR072,Lingfield,,,,,,,,,,,,,,,,,,,,,,,,,,50.0,,,,['East Grinstead Branch'],East Grinstead Branch,True,False,False,single,False,False,SR072,50.0,,False,commuter
SR053,Littlehampton,LIT,,,,50.810226,-0.546547,False,,,,,,,,,,,,,,,1.0,1.0,low,few,36.0,30-60,2.0,8.0,['West Coastway'],West Coastway,False,True,True,single,False,False,SR053,36.0,30-60,False,outer
SR054,London Bridge,LBG,,,,51.505035,-0.085058,True,,,,,,,,,,,,,,,1.0,1.0,low,few,0.0,,2.0,8.0,"['Thameslink Core', 'Southern Thameslink Branches']",Thameslink Core,False,True,False,multiple,True,False,SR054,0.0,,False,inner
SR055,London Road (Brighton),LRB,,,,50.836773,-0.136696,False,,,,,,,,,,,,,,,1.0,1.0,low,few,22.5,0-30,2.0,8.0,['Brighton Main Line'],Brighton Main Line,False,True,False,multiple,False,False,SR055,22.5,0-30,False,outer
SR056,London Victoria,VIC,,,,51.4966,-0.1448,True,,,,,,,,,,,,,,,2.0,2.0,medium,some,0.0,,4.0,6.0,"['Brighton Main Line', 'Portsmouth Direct']",Brighton Main Line,False,True,False,multiple,True,False,SR056,0.0,,False,inner
SR057,London Waterloo,WAT,,,,51.501865,-0.111126,True,,,,,,,,,,,,,,,1.0,1.0,low,few,0.0,,2.0,8.0,['Southern Thameslink Branches'],Southern Thameslink Branches,False,True,False,multiple,True,False,SR057,0.0,,False,inner
SR058,Merstham,MHM,,,,51.264164,-0.149555,False,,,,,,,,,,,,,,,1.0,1.0,low,few,22.5,0-30,2.0,8.0,['Brighton Main Line'],Brighton Main Line,False,True,False,single,False,False,SR058,22.5,0-30,False,outer
SR059,Mitcham Eastfields,MTC,,,,51.407725,-0.154764,False,,,,,,,,,,,,,,,1.0,1.0,low,few,31.5,30-60,2.0,8.0,['Sutton & Metro'],Sutton & Metro,False,True,False,multiple,False,False,SR059,31.5,30-60,False,outer
SR060,Mitcham Junction,MIJ,,,,51.392887,-0.157308,False,,,,,,,,,,,,,,,1.0,1.0,low,few,36.0,30-60,2.0,8.0,['Sutton & Metro'],Sutton & Metro,False,True,False,multiple,False,False,SR060,36.0,30-60,False,outer
SR061,Moulsecoomb,MCB,,,,50.844616,-0.12076,False,,,,,,,,,,,,,,,1.0,1.0,low,few,22.5,0-30,2.0,8.0,['East Coastway'],East Coastway,False,True,True,single,False,False,SR061,22.5,0-30,False,outer
SR062,Norbury,NRB,,,,51.411236,-0.123492,False,,,,,,,,,,,,,,,1.0,1.0,low,few,18.0,0-30,2.0,8.0,['Sutton & Metro'],Sutton & Metro,False,True,False,single,False,False,SR062,18.0,0-30,False,inner
SR063,Normans Bay,NSB,,,,50.825382,0.389669,False,,,,,,,,,,,,,,,1.0,1.0,low,few,63.0,60-120,2.0,8.0,['East Coastway'],East Coastway,False,True,True,multiple,False,False,SR063,63.0,60-120,False,regional
SR084,Ockley,,,,,,,,,,,,,,,,,,,,,,,,,,65.0,,,,['Arun Valley'],Arun Valley,False,True,False,single,False,False,SR084,65.0,,False,regional
SR064,Otford,OTF,,,,51.312141,0.196757,False,,,,,,,,,,,,,,,1.0,1.0,low,few,22.5,0-30,2.0,8.0,['Southern Thameslink Branches'],Southern Thameslink Branches,False,True,False,single,False,False,SR064,22.5,0-30,False,outer
SR086,Oxted,,,,,,,,,,,,,,,,,,,,,,,,,,40.0,,,,"['East Grinstead Branch', 'Uckfield Branch']",East Grinstead Branch,True,False,False,single,False,False,SR086,40.0,,False,outer
SR065,Pevensey & Westham,PEV,,,,50.815899,0.325291,False,,,,,,,,,,,,,,,1.0,1.0,low,few,58.5,30-60,2.0,8.0,['East Coastway'],East Coastway,False,True,True,multiple,False,False,SR065,58.5,30-60,False,commuter
SR066,Polegate,PLG,,,,50.820934,0.251705,False,,,,,,,,,,,,,,,1.0,1.0,low,few,45.0,30-60,2.0,8.0,['East Coastway'],East Coastway,False,True,True,single,False,False,SR066,45.0,30-60,False,commuter
SR067,Portchester,PTC,,,,50.848389,-1.126361,False,,,,,,,,,,,,,,,1.0,1.0,low,few,58.5,30-60,2.0,8.0,['Portsmouth Direct'],Portsmouth Direct,False,True,False,single,False,False,SR067,58.5,30-60,False,commuter
SR068,Portslade,PLD,,,,50.836044,-0.204898,False,,,,,,,,,,,,,,,1.0,1.0,low,few,27.0,0-30,2.0,8.0,['West Coastway'],West Coastway,False,True,True,single,False,False,SR068,27.0,0-30,False,outer
SR069,Portsmouth & Southsea,PMS,,,,50.797756,-1.090417,False,,,,,,,,,,,,,,,1.0,1.0,low,few,40.5,30-60,2.0,8.0,"['West Coastway', 'Portsmouth Direct']",West Coastway,False,True,True,multiple,False,False,SR069,40.5,30-60,False,commuter
SR070,Portsmouth Harbour,PMH,,,,50.796097,-1.108895,True,,,,,,,,,,,,,,,1.0,1.0,low,few,36.0,30-60,2.0,8.0,"['West Coastway', 'Portsmouth Direct']",West Coastway,False,True,True,multiple,True,False,SR070,36.0,30-60,False,outer
SR071,Preston Park,PRP,,,,50.846054,-0.154787,False,,,,,,,,,,,,,,,1.0,1.0,low,few,27.0,0-30,2.0,8.0,['Brighton Main Line'],Brighton Main Line,False,True,False,multiple,False,False,SR071,27.0,0-30,False,outer
SR072,Purley,PUR,,,,51.337334,-0.113592,False,,,,,,,,,,,,,,,1.0,1.0,low,few,13.5,0-30,2.0,8.0,['Brighton Main Line'],Brighton Main Line,False,True,False,single,False,False,SR072,13.5,0-30,False,inner
SR073,Redhill,RDH,,,,51.240124,-0.164851,False,,,,,,,,,,,,,,,1.0,1.0,low,few,27.0,0-30,2.0,8.0,['Brighton Main Line'],Brighton Main Line,False,True,False,single,False,False,SR073,27.0,0-30,False,outer
SR074,Robertsbridge,RBR,,,,50.984726,0.469092,False,,,,,,,,,,,,,,,1.0,1.0,low,few,76.5,60-120,2.0,8.0,['East Coastway'],East Coastway,False,True,True,single,False,False,SR074,76.5,60-120,False,regional
SR075,Salfords,SAF,,,,51.201412,-0.162096,False,,,,,,,,,,,,,,,1.0,1.0,low,few,18.0,0-30,2.0,8.0,['Brighton Main Line'],Brighton Main Line,False,True,False,single,False,False,SR075,18.0,0-30,False,inner
SR076,Selhurst,SRS,,,,51.392704,-0.089759,False,,,,,,,,,,,,,,,1.0,1.0,low,few,9.0,0-30,2.0,8.0,['Sutton & Metro'],Sutton & Metro,False,True,False,single,False,False,SR076,9.0,0-30,False,inner
SR077,Sevenoaks,SEV,,,,51.27734,0.182193,False,,,,,,,,,,,,,,,1.0,1.0,low,few,36.0,30-60,2.0,8.0,['Southern Thameslink Branches'],Southern Thameslink Branches,False,True,False,single,False,False,SR077,36.0,30-60,False,outer
SR078,Shepherds Bush,SPB,,,,51.506,-0.218,True,,,,,,,,,,,,,,,1.0,1.0,low,few,18.0,0-30,2.0,8.0,['Southern Thameslink Branches'],Southern Thameslink Branches,False,True,False,multiple,True,False,SR078,18.0,0-30,False,inner
SR079,Shoreham (Kent),SEH,,,,51.332092,0.187665,False,,,,,,,,,,,,,,,1.0,1.0,low,few,18.0,0-30,2.0,8.0,['Southern Thameslink Branches'],Southern Thameslink Branches,False,True,False,multiple,False,False,SR079,18.0,0-30,False,inner
SR080,Shoreham-by-Sea,SSE,,,,50.834358,-0.271709,False,,,,,,,,,,,,,,,1.0,1.0,low,few,31.5,30-60,2.0,8.0,['West Coastway'],West Coastway,False,True,True,single,False,False,SR080,31.5,30-60,False,outer
SR081,South Croydon,SCY,,,,51.362194,-0.093903,False,,,,,,,,,,,,,,,1.0,1.0,low,few,9.0,0-30,2.0,8.0,"['East Grinstead Branch', 'Uckfield Branch']",East Grinstead Branch,True,False,False,multiple,False,False,SR081,9.0,0-30,False,inner
SR082,Southampton Central,SOU,,,,50.907742,-1.413983,True,,,,,,,,,,,,,,,2.0,2.0,medium,some,53.0,30-60,4.0,6.0,['Portsmouth Direct'],Portsmouth Direct,False,True,False,multiple,True,False,SR082,53.0,30-60,False,commuter
SR083,Southbourne,SOB,,,,50.848343,-0.907601,False,,,,,,,,,,,,,,,1.0,1.0,low,few,40.5,30-60,2.0,8.0,['West Coastway'],West Coastway,False,True,True,single,False,False,SR083,40.5,30-60,False,commuter
SR084,Southwick,SWK,,,,50.832928,-0.236254,False,,,,,,,,,,,,,,,1.0,1.0,low,few,31.5,30-60,2.0,8.0,['West Coastway'],West Coastway,False,True,True,single,False,False,SR084,31.5,30-60,False,outer
SR085,St Denys,SDN,,,,50.921997,-1.3882,False,,,,,,,,,,,,,,,1.0,1.0,low,few,57.5,30-60,2.0,8.0,['Portsmouth Direct'],Portsmouth Direct,False,True,False,multiple,False,False,SR085,57.5,30-60,False,commuter
SR086,St Leonards Warrior Square,SLQ,,,,50.855942,0.560326,False,,,,,,,,,,,,,,,1.0,1.0,low,few,85.5,60-120,2.0,8.0,['East Coastway'],East Coastway,False,True,True,multiple,False,False,SR086,85.5,60-120,False,regional
SR109,St Pancras International,,,,,,,,,,,,,,,,,,,,,,,,,,0.0,,,,"['Thameslink Core', 'Southern Thameslink Branches']",Thameslink Core,False,True,False,multiple,False,False,SR109,0.0,,False,inner
SR087,Stonegate,SOG,,,,51.020184,0.364016,False,,,,,,,,,,,,,,,1.0,1.0,low,few,67.5,60-120,2.0,8.0,['East Coastway'],East Coastway,False,True,True,single,False,False,SR087,67.5,60-120,False,regional
SR088,Streatham,STE,,,,51.425755,-0.131535,False,,,,,,,,,,,,,,,1.0,1.0,low,few,27.0,0-30,2.0,8.0,['Sutton & Metro'],Sutton & Metro,False,True,False,single,False,False,SR088,27.0,0-30,False,outer
SR089,Streatham Common,SRC,,,,51.418629,-0.136136,False,,,,,,,,,,,,,,,1.0,1.0,low,few,13.5,0-30,2.0,8.0,['Sutton & Metro'],Sutton & Metro,False,True,False,multiple,False,False,SR089,13.5,0-30,False,inner
SR090,Streatham Hill,SRH,,,,51.43829,-0.128136,False,,,,,,,,,,,,,,,1.0,1.0,low,few,13.5,0-30,2.0,8.0,['Sutton & Metro'],Sutton & Metro,False,True,False,multiple,False,False,SR090,13.5,0-30,False,inner
SR091,Sutton,SUO,,,,51.360126,-0.190223,True,,,,,,,,,,,,,,,1.0,1.0,low,few,49.5,30-60,2.0,8.0,['Sutton & Metro'],Sutton & Metro,False,True,False,single,True,False,SR091,49.5,30-60,False,commuter
SR092,Swanley,SAY,,,,51.392727,0.16755,False,,,,,,,,,,,,,,,1.0,1.0,low,few,4.5,0-30,2.0,8.0,['Southern Thameslink Branches'],Southern Thameslink Branches,False,True,False,single,False,False,SR092,4.5,0-30,False,inner
SR093,Swanwick,SNW,,,,50.875427,-1.265151,False,,,,,,,,,,,,,,,1.0,1.0,low,few,66.5,60-120,2.0,8.0,['Portsmouth Direct'],Portsmouth Direct,False,True,False,single,False,False,SR093,66.5,60-120,False,regional
SR094,Thornton Heath,TTH,,,,51.399181,-0.100981,False,,,,,,,,,,,,,,,1.0,1.0,low,few,13.5,0-30,2.0,8.0,['Sutton & Metro'],Sutton & Metro,False,True,False,multiple,False,False,SR094,13.5,0-30,False,inner
SR095,Three Bridges,TBD,,,,51.116863,-0.161162,False,,,,,,,,,,,,,,,1.0,1.0,low,few,13.5,0-30,2.0,8.0,['Brighton Main Line'],Brighton Main Line,False,True,False,multiple,False,False,SR095,13.5,0-30,False,inner
SR096,Tonbridge,TON,,,,51.191132,0.269715,False,,,,,,,,,,,,,,,1.0,1.0,low,few,45.0,30-60,2.0,8.0,['Southern Thameslink Branches'],Southern Thameslink Branches,False,True,False,single,False,False,SR096,45.0,30-60,False,commuter
SR097,Tulse Hill,TUH,,,,51.439713,-0.10506,False,,,,,,,,,,,,,,,1.0,1.0,low,few,22.5,0-30,2.0,8.0,['Sutton & Metro'],Sutton & Metro,False,True,False,multiple,False,False,SR097,22.5,0-30,False,outer
SR098,Tunbridge Wells,TBW,,,,51.130119,0.262435,False,,,,,,,,,,,,,,,1.0,1.0,low,few,54.0,30-60,2.0,8.0,['Uckfield Branch'],Uckfield Branch,True,False,False,multiple,False,False,SR098,54.0,30-60,False,commuter
SR122,Uckfield,,,,,,,,,,,,,,,,,,,,,,,,,,85.0,,,,['Uckfield Branch'],Uckfield Branch,True,False,False,single,False,False,SR122,85.0,,False,regional
SR123,Upper Warlingham,,,,,,,,,,,,,,,,,,,,,,,,,,40.0,,,,['Sutton & Metro'],Sutton & Metro,False,True,False,multiple,False,False,SR123,40.0,,False,outer
SR099,Wadhurst,WAD,,,,51.07338,0.312483,False,,,,,,,,,,,,,,,1.0,1.0,low,few,63.0,60-120,2.0,8.0,['Uckfield Branch'],Uckfield Branch,True,False,False,single,False,False,SR099,63.0,60-120,False,regional
SR125,Wallington,,,,,,,,,,,,,,,,,,,,,,,,,,25.0,,,,['Sutton & Metro'],Sutton & Metro,False,True,False,single,False,False,SR125,25.0,,False,outer
SR100,Wandsworth Common,WSW,,,,51.446072,-0.165239,False,,,,,,,,,,,,,,,1.0,1.0,low,few,9.0,0-30,2.0,8.0,['Sutton & Metro'],Sutton & Metro,False,True,False,multiple,False,False,SR100,9.0,0-30,False,inner
SR127,Warnham,,,,,,,,,,,,,,,,,,,,,,,,,,60.0,,,,['Arun Valley'],Arun Valley,False,True,False,single,False,False,SR127,60.0,,False,commuter
SR101,West Brompton,WBP,,,,51.487289,-0.195265,False,,,,,,,,,,,,,,,1.0,1.0,low,few,9.0,0-30,2.0,8.0,['Southern Thameslink Branches'],Southern Thameslink Branches,False,True,False,multiple,False,False,SR101,9.0,0-30,False,inner
SR102,West Norwood,WNW,,,,51.431583,-0.102517,False,,,,,,,,,,,,,,,1.0,1.0,low,few,18.0,0-30,2.0,8.0,['Sutton & Metro'],Sutton & Metro,False,True,False,multiple,False,False,SR102,18.0,0-30,False,inner
SR103,West St Leonards,WLD,,,,50.85368,0.540303,False,,,,,,,,,,,,,,,1.0,1.0,low,few,81.0,60-120,2.0,8.0,['East Coastway'],East Coastway,False,True,True,multiple,False,False,SR103,81.0,60-120,False,regional
SR131,West Sutton,,,,,,,,,,,,,,,,,,,,,,,,,,30.0,,,,['Sutton & Metro'],Sutton & Metro,False,True,False,multiple,False,False,SR131,30.0,,False,outer
SR104,West Worthing,WWO,,,,50.818111,-0.392983,False,,,,,,,,,,,,,,,1.0,1.0,low,few,27.0,0-30,2.0,8.0,['West Coastway'],West Coastway,False,True,True,multiple,False,False,SR104,27.0,0-30,False,outer
SR133,Whyteleafe,,,,,,,,,,,,,,,,,,,,,,,,,,35.0,,,,['Sutton & Metro'],Sutton & Metro,False,True,False,single,False,False,SR133,35.0,,False,outer
SR105,Winchester,WIN,,,,51.067303,-1.320628,False,,,,,,,,,,,,,,,1.0,1.0,low,few,48.5,30-60,2.0,8.0,['Portsmouth Direct'],Portsmouth Direct,False,True,False,single,False,False,SR105,48.5,30-60,False,commuter
SR106,Wivelsfield,WVF,,,,50.964249,-0.121633,False,,,,,,,,,,,,,,,1.0,1.0,low,few,18.0,0-30,2.0,8.0,['Brighton Main Line'],Brighton Main Line,False,True,False,single,False,False,SR106,18.0,0-30,False,inner
SR136,Woldingham,,,,,,,,,,,,,,,,,,,,,,,,,,45.0,,,,['Sutton & Metro'],Sutton & Metro,False,True,False,single,False,False,SR136,45.0,,False,commuter
SR107,Worthing,WRH,,,,50.818768,-0.375924,False,,,,,,,,,,,,,,,1.0,1.0,low,few,22.5,0-30,2.0,8.0,['West Coastway'],West Coastway,False,True,True,single,False,False,SR107,22.5,0-30,False,outer
