station_name,crs,nlc,slug,latitude,longitude,operator_code,operator_name,minimum_connection_time,platform_count,staffing_level,step_free_category,word_count,first_word,last_word,character_count,initial_letter,final_letter,contains_hyphen,contains_apostrophe,contains_digits,starts_with_the,starts_with_st,contains_and,contains_central,contains_parkway,contains_junction,is_request_stop,is_interchange,route_count,service_count,is_terminus,is_branch_line,is_mainline,primary_hub,canonical_time_to_hub,route_groups,service_density,route_diversity_band,region,word_count_band,is_coastal,station_id,route_station_id,time_from_london,canonical_time_to_london,time_band,time_group,is_high_speed,distance_band
Aigburth,AIG,225500,aigburth,53.3645833,-2.927160737,ME,Merseyrail,5,2.0,Full Time,"C, no step-free access to any platform",1,Aigburth,Aigburth,8,A,H,False,False,False,False,False,False,False,False,False,False,,1,,,True,False,Liverpool Central,,['Hunts Cross Line'],,single,Hunts Cross Line,single,False,MER0001,MER0001,,,,,False,
Ainsdale,ANS,235000,ainsdale,53.60183287,-3.042669326,ME,Merseyrail,5,2.0,Full Time,"A, Compliant step-free access to all platform(s)",1,Ainsdale,Ainsdale,8,A,E,False,False,False,False,False,False,False,False,False,False,,1,,,True,False,Liverpool Central,,['Southport Line'],,single,Southport Line,single,True,MER0002,MER0002,,,,,False,
Aintree,AIN,212500,aintree,53.47400907,-2.956664741,ME,Merseyrail,5,2.0,Full Time,"A, Compliant step-free access to all platform(s)",1,Aintree,Aintree,7,A,E,False,False,False,False,False,False,False,False,False,False,,1,,,True,False,Liverpool Central,,['Ormskirk Line'],,single,Ormskirk Line,single,False,MER0003,MER0003,,,,,False,
Aughton Park,AUG,221500,aughton-park,53.55448798,-2.895078195,ME,Merseyrail,5,2.0,Full Time,"C, no step-free access to any platform",2,Aughton,Park,12,A,K,False,False,False,False,False,False,False,False,False,False,,1,,,True,False,Liverpool Central,,['Ormskirk Line'],,single,Ormskirk Line,multiple,False,MER0004,MER0004,,,,,False,
Bache,BAC,218700,bache,53.20933376,-2.892360673,ME,Merseyrail,5,2.0,Unstaffed,"B2, (refer to quick reference guide)",1,Bache,Bache,5,B,E,False,False,False,False,False,False,False,False,False,False,,1,,,True,False,Liverpool Central,,['Chester Line'],,single,Chester Line,single,False,MER0005,MER0005,,,,,False,
Bank Hall,BAH,223800,bank-hall,53.43780206,-2.987464984,ME,Merseyrail,5,2.0,Full Time,"C, no step-free access to any platform",2,Bank,Hall,9,B,L,False,False,False,False,False,False,False,False,False,False,,1,,,True,False,Liverpool Central,,['Southport Line'],,single,Southport Line,multiple,True,MER0006,MER0006,,,,,False,
Bebington,BEB,218800,bebington,53.35767221,-3.003642726,ME,Merseyrail,5,2.0,Full Time,"A, Compliant step-free access to all platform(s)",1,Bebington,Bebington,9,B,N,False,False,False,False,False,False,False,False,False,False,,3,,,True,False,Liverpool Central,,"['West Kirby Line', 'Chester Line', 'Ellesmere Port Line']",,few,West Kirby Line,single,True,MER0007,MER0007,,,,,False,
Bidston,BID,213600,bidston,53.40914752,-3.078570263,ME,Merseyrail,5,2.0,Full Time,"C, no step-free access to any platform",1,Bidston,Bidston,7,B,N,False,False,False,False,False,False,False,False,False,False,,1,,,True,False,Liverpool Central,,['New Brighton Line'],,single,New Brighton Line,single,True,MER0008,MER0008,,,,,False,
Birkdale,BDL,235200,birkdale,53.63353433,-3.014715579,ME,Merseyrail,5,2.0,Full Time,"A, Compliant step-free access to all platform(s)",1,Birkdale,Birkdale,8,B,E,False,False,False,False,False,False,False,False,False,False,,0,,,False,True,Liverpool Central,,[],,single,,single,False,MER0009,MER0009,,,,,False,
Birkenhead Central,BKC,221700,birkenhead-central,53.38900094,-3.019416498,ME,Merseyrail,5,2.0,Full Time,"A, Compliant step-free access to all platform(s)",2,Birkenhead,Central,18,B,L,False,False,False,False,False,False,True,False,False,False,,3,,,True,False,Liverpool Central,,"['West Kirby Line', 'Chester Line', 'Ellesmere Port Line']",,few,West Kirby Line,multiple,True,MER0010,MER0010,,,,,False,
Birkenhead Hamilton Square,BKQ,221900,birkenhead-hamilton-square,53.39471293,-3.013687789,ME,Merseyrail,5,3.0,Full Time,"A, Compliant step-free access to all platform(s)",3,Birkenhead,Square,26,B,E,False,False,False,False,False,False,False,False,False,False,,0,,,False,True,Liverpool Central,,[],,single,,multiple,False,MER0011,MER0011,,,,,False,
Birkenhead North,BKN,214500,birkenhead-north,53.40484222,-3.057401666,ME,Merseyrail,5,3.0,Full Time,"A, Compliant step-free access to all platform(s)",2,Birkenhead,North,16,B,H,False,False,False,False,False,False,False,False,False,False,,1,,,True,False,Liverpool Central,,['New Brighton Line'],,single,New Brighton Line,multiple,True,MER0012,MER0012,,,,,False,
Birkenhead Park,BKP,222000,birkenhead-park,53.3978198,-3.039179402,ME,Merseyrail,5,2.0,Full Time,"A, Compliant step-free access to all platform(s)",2,Birkenhead,Park,15,B,K,False,False,False,False,False,False,False,False,False,False,,1,,,True,False,Liverpool Central,,['New Brighton Line'],,single,New Brighton Line,multiple,True,MER0013,MER0013,,,,,False,
Blundellsands & Crosby,BLN,212300,blundellsands-crosby,53.48769659,-3.03986789,ME,Merseyrail,5,2.0,Full Time,"A, Compliant step-free access to all platform(s)",3,Blundellsands,Crosby,22,B,Y,False,False,False,False,False,False,False,False,False,False,,1,,,True,False,Liverpool Central,,['Southport Line'],,single,Southport Line,multiple,True,MER0014,MER0014,,,,,False,
Bootle New Strand,BNW,219500,bootle-new-strand,53.45301817,-2.995347712,ME,Merseyrail,5,2.0,Full Time,"A, Compliant step-free access to all platform(s)",3,Bootle,Strand,17,B,D,False,False,False,False,False,False,False,False,False,False,,1,,,True,False,Liverpool Central,,['Southport Line'],,single,Southport Line,multiple,True,MER0015,MER0015,,,,,False,
Bootle Oriel Road,BOT,223900,bootle-oriel-road,53.44762574,-2.995221639,ME,Merseyrail,5,2.0,Full Time,"A, Compliant step-free access to all platform(s)",3,Bootle,Road,17,B,D,False,False,False,False,False,False,False,False,False,False,,1,,,True,False,Liverpool Central,,['Southport Line'],,single,Southport Line,multiple,True,MER0016,MER0016,,,,,False,
Bromborough,BOM,219000,bromborough,53.32184733,-2.987788553,ME,Merseyrail,5,2.0,Full Time,"C, no step-free access to any platform",1,Bromborough,Bromborough,11,B,H,False,False,False,False,False,False,False,False,False,False,,3,,,True,False,Liverpool Central,,"['West Kirby Line', 'Chester Line', 'Ellesmere Port Line']",,few,West Kirby Line,single,True,MER0017,MER0017,,,,,False,
Bromborough Rake,BMR,219100,bromborough-rake,53.32992372,-2.989476735,ME,Merseyrail,5,2.0,Full Time,"A, Compliant step-free access to all platform(s)",2,Bromborough,Rake,16,B,E,False,False,False,False,False,False,False,False,False,False,,3,,,True,False,Liverpool Central,,"['West Kirby Line', 'Chester Line', 'Ellesmere Port Line']",,few,West Kirby Line,multiple,True,MER0018,MER0018,,,,,False,
Brunswick,BRW,362300,brunswick,53.38217523,-2.975653248,ME,Merseyrail,5,2.0,Full Time,"A, Compliant step-free access to all platform(s)",1,Brunswick,Brunswick,9,B,K,False,False,False,False,False,False,False,False,False,False,,1,,,True,False,Liverpool Central,,['Hunts Cross Line'],,single,Hunts Cross Line,single,False,MER0019,MER0019,,,,,False,
Capenhurst,CPU,218600,capenhurst,53.26018901,-2.942291644,ME,Merseyrail,5,2.0,Unstaffed,"B2, (refer to quick reference guide)",1,Capenhurst,Capenhurst,10,C,T,False,False,False,False,False,False,False,False,False,False,,1,,,True,False,Liverpool Central,,['Chester Line'],,single,Chester Line,single,False,MER0020,MER0020,,,,,False,
Conway Park,CNP,362400,conway-park,53.39337776,-3.022679178,ME,Merseyrail,5,2.0,Full Time,"A, Compliant step-free access to all platform(s)",2,Conway,Park,11,C,K,False,False,False,False,False,False,False,False,False,False,,1,,,True,False,Liverpool Central,,['New Brighton Line'],,single,New Brighton Line,multiple,True,MER0021,MER0021,,,,,False,
Cressington,CSG,222500,cressington,53.35876717,-2.912008275,ME,Merseyrail,5,2.0,Full Time,"C, no step-free access to any platform",1,Cressington,Cressington,11,C,N,False,False,False,False,False,False,False,False,False,False,,1,,,True,False,Liverpool Central,,['Hunts Cross Line'],,single,Hunts Cross Line,single,False,MER0022,MER0022,,,,,False,
Eastham Rake,ERA,212800,eastham-rake,53.30759993,-2.981171169,ME,Merseyrail,5,2.0,Full Time,"B3, step-free access only to some platforms",2,Eastham,Rake,12,E,E,False,False,False,False,False,False,False,False,False,False,,3,,,True,False,Liverpool Central,,"['West Kirby Line', 'Chester Line', 'Ellesmere Port Line']",,few,West Kirby Line,multiple,True,MER0023,MER0023,,,,,False,
Ellesmere Port,ELP,212100,ellesmere-port,53.28220693,-2.896427988,ME,Merseyrail,5,2.0,Part Time,"B3, step-free access only to some platforms",2,Ellesmere,Port,14,E,T,False,False,False,False,False,False,False,False,False,False,,1,,,True,False,Liverpool Central,,['Ellesmere Port Line'],,single,Ellesmere Port Line,multiple,False,MER0024,MER0024,,,,,False,
Fazakerley,FAZ,212600,fazakerley,53.46878354,-2.93545612,ME,Merseyrail,5,2.0,Full Time,"A, Compliant step-free access to all platform(s)",1,Fazakerley,Fazakerley,10,F,Y,False,False,False,False,False,False,False,False,False,False,,2,,,True,False,Liverpool Central,,"['Ormskirk Line', 'Headbolt Lane Line']",,few,Ormskirk Line,single,False,MER0025,MER0025,,,,,False,
Formby,FBY,235400,formby,53.55349222,-3.070916313,ME,Merseyrail,5,2.0,Full Time,"A, Compliant step-free access to all platform(s)",1,Formby,Formby,6,F,Y,False,False,False,False,False,False,False,False,False,False,,1,,,True,False,Liverpool Central,,['Southport Line'],,single,Southport Line,single,True,MER0026,MER0026,,,,,False,
Freshfield,FRE,235500,freshfield,53.56606861,-3.071838001,ME,Merseyrail,5,2.0,Full Time,"A, Compliant step-free access to all platform(s)",1,Freshfield,Freshfield,10,F,D,False,False,False,False,False,False,False,False,False,False,,1,,,True,False,Liverpool Central,,['Southport Line'],,single,Southport Line,single,True,MER0027,MER0027,,,,,False,
Green Lane,GNL,221800,green-lane,53.38327334,-3.01642303,ME,Merseyrail,5,2.0,Full Time,"C, no step-free access to any platform",2,Green,Lane,10,G,E,False,False,False,False,False,False,False,False,False,False,,3,,,True,False,Liverpool Central,,"['West Kirby Line', 'Chester Line', 'Ellesmere Port Line']",,few,West Kirby Line,multiple,True,MER0028,MER0028,,,,,False,
Hall Road,HLR,222900,hall-road,53.49838894,-3.050682508,ME,Merseyrail,3,2.0,Full Time,"A, Compliant step-free access to all platform(s)",2,Hall,Road,9,H,D,False,False,False,False,False,False,False,False,False,False,,1,,,True,False,Liverpool Central,,['Southport Line'],,single,Southport Line,multiple,True,MER0029,MER0029,,,,,False,
Headbolt Lane,HBL,42500,headbolt-lane,53.49284,-2.87978,ME,Merseyrail,5,3.0,Full Time,"A, Compliant step-free access to all platform(s)",2,Headbolt,Lane,13,H,E,False,False,False,False,False,False,False,False,False,False,,1,,,True,False,Liverpool Central,,['Headbolt Lane Line'],,single,Headbolt Lane Line,multiple,False,MER0030,MER0030,,,,,False,
Hightown,HTO,235600,hightown,53.52512005,-3.057076334,ME,Merseyrail,5,2.0,Full Time,"B1, (refer to quick reference guide)",1,Hightown,Hightown,8,H,N,False,False,False,False,False,False,False,False,False,False,,1,,,True,False,Liverpool Central,,['Southport Line'],,single,Southport Line,single,True,MER0031,MER0031,,,,,False,
Hillside,HIL,223100,hillside,53.62212307,-3.024723262,ME,Merseyrail,5,2.0,Full Time,"A, Compliant step-free access to all platform(s)",1,Hillside,Hillside,8,H,E,False,False,False,False,False,False,False,False,False,False,,1,,,True,False,Liverpool Central,,['Southport Line'],,single,Southport Line,single,True,MER0032,MER0032,,,,,False,
Hooton,HOO,219300,hooton,53.29721539,-2.977016928,ME,Merseyrail,5,4.0,Full Time,"A, Compliant step-free access to all platform(s)",1,Hooton,Hooton,6,H,N,False,False,False,False,False,False,False,False,False,False,,3,,,True,False,Liverpool Central,,"['West Kirby Line', 'Chester Line', 'Ellesmere Port Line']",,few,West Kirby Line,single,True,MER0033,MER0033,,,,,False,
Hoylake,HYK,219400,hoylake,53.39022996,-3.178843698,ME,Merseyrail,5,2.0,Full Time,"A, Compliant step-free access to all platform(s)",1,Hoylake,Hoylake,7,H,E,False,False,False,False,False,False,False,False,False,False,,1,,,True,False,Liverpool Central,,['West Kirby Line'],,single,West Kirby Line,single,True,MER0034,MER0034,,,,,False,
Hunts Cross,HNX,223500,hunts-cross,53.36062783,-2.854946075,ME,Merseyrail,5,3.0,Full Time,"A, Compliant step-free access to all platform(s)",2,Hunts,Cross,11,H,S,False,False,False,False,False,False,False,False,False,False,,1,,,True,False,Liverpool Central,,['Hunts Cross Line'],,single,Hunts Cross Line,multiple,False,MER0035,MER0035,,,,,False,
Kirkby (Merseyside),KIR,212400,kirkby-merseyside,53.48620351,-2.902833396,ME,Merseyrail,5,2.0,Full Time,"A, Compliant step-free access to all platform(s)",2,Kirkby,(Merseyside),19,K,),False,False,False,False,False,False,False,False,False,False,,0,,,False,True,Liverpool Central,,[],,single,,multiple,False,MER0036,MER0036,,,,,False,
Kirkdale,KKD,224500,kirkdale,53.4405479,-2.981506598,ME,Merseyrail,5,2.0,Full Time,"A, Compliant step-free access to all platform(s)",1,Kirkdale,Kirkdale,8,K,E,False,False,False,False,False,False,False,False,False,False,,0,,,False,True,Liverpool Central,,[],,single,,single,False,MER0037,MER0037,,,,,False,
Leasowe,LSW,223700,leasowe,53.40805676,-3.099603994,ME,Merseyrail,5,2.0,Full Time,"A, Compliant step-free access to all platform(s)",1,Leasowe,Leasowe,7,L,E,False,False,False,False,False,False,False,False,False,False,,1,,,True,False,Liverpool Central,,['West Kirby Line'],,single,West Kirby Line,single,True,MER0038,MER0038,,,,,False,
Little Sutton,LTT,215600,little-sutton,53.28553102,-2.943299129,ME,Merseyrail,5,2.0,Unstaffed,"B2, (refer to quick reference guide)",2,Little,Sutton,13,L,N,False,False,False,False,False,False,False,False,False,False,,1,,,True,False,Liverpool Central,,['Ellesmere Port Line'],,single,Ellesmere Port Line,multiple,False,MER0039,MER0039,,,,,False,
Liverpool Central,LVC,224200,liverpool-central,53.40461053,-2.979159936,ME,Merseyrail,10,3.0,Full Time,"A, Compliant step-free access to all platform(s)",2,Liverpool,Central,17,L,L,False,False,False,False,False,False,True,False,False,False,,8,,,True,False,Liverpool Central,,"['Southport Line', 'Ormskirk Line', 'Headbolt Lane Line', 'Hunts Cross Line', 'West Kirby Line', 'New Brighton Line', 'Chester Line', 'Ellesmere Port Line']",,many,Southport Line,multiple,True,MER0040,MER0040,,,,,False,
Liverpool James Street,LVJ,224400,liverpool-james-street,53.40477452,-2.991964872,ME,Merseyrail,5,2.0,Full Time,"A, Compliant step-free access to all platform(s)",3,Liverpool,Street,22,L,T,False,False,False,False,False,False,False,False,False,False,,0,,,False,True,Liverpool Central,,[],,single,,multiple,False,MER0041,MER0041,,,,,False,
Liverpool South Parkway,LPY,970900,liverpool-south-parkway,53.35758121,-2.889294039,ME,Merseyrail,5,6.0,Full Time,"A, Compliant step-free access to all platform(s)",3,Liverpool,Parkway,23,L,Y,False,False,False,False,False,False,False,True,False,False,,1,,,True,False,Liverpool Central,,['Hunts Cross Line'],,single,Hunts Cross Line,multiple,False,MER0042,MER0042,,,,,False,
Maghull,MAG,215500,maghull,53.50648347,-2.930857798,ME,Merseyrail,5,2.0,Full Time,"A, Compliant step-free access to all platform(s)",1,Maghull,Maghull,7,M,L,False,False,False,False,False,False,False,False,False,False,,1,,,True,False,Liverpool Central,,['Ormskirk Line'],,single,Ormskirk Line,single,False,MER0043,MER0043,,,,,False,
Maghull North,MNS,6576,maghull-north,53.516,-2.922,ME,Merseyrail,5,2.0,Part Time,"A, Compliant step-free access to all platform(s)",2,Maghull,North,13,M,H,False,False,False,False,False,False,False,False,False,False,,1,,,True,False,Liverpool Central,,['Ormskirk Line'],,single,Ormskirk Line,multiple,False,MER0044,MER0044,,,,,False,
Manor Road,MNR,225300,manor-road,53.39479742,-3.171450295,ME,Merseyrail,5,2.0,Full Time,"B3, step-free access only to some platforms",2,Manor,Road,10,M,D,False,False,False,False,False,False,False,False,False,False,,1,,,True,False,Liverpool Central,,['West Kirby Line'],,single,West Kirby Line,multiple,True,MER0045,MER0045,,,,,False,
Meols,MEO,225400,meols,53.39945033,-3.154281087,ME,Merseyrail,5,2.0,Full Time,"A, Compliant step-free access to all platform(s)",1,Meols,Meols,5,M,S,False,False,False,False,False,False,False,False,False,False,,1,,,True,False,Liverpool Central,,['West Kirby Line'],,single,West Kirby Line,single,True,MER0046,MER0046,,,,,False,
Moorfields,MRF,222600,moorfields,53.40857308,-2.989179871,ME,Merseyrail,10,,Full Time,"A, Compliant step-free access to all platform(s)",1,Moorfields,Moorfields,10,M,S,False,False,False,False,False,False,False,False,False,False,,7,,,True,False,Liverpool Central,,"['Southport Line', 'Ormskirk Line', 'Headbolt Lane Line', 'West Kirby Line', 'New Brighton Line', 'Chester Line', 'Ellesmere Port Line']",,many,Southport Line,single,True,MER0047,MER0047,,,,,False,
Moreton (Merseyside),MRT,215100,moreton-merseyside,53.40793134,-3.113140165,ME,Merseyrail,5,2.0,Full Time,"A, Compliant step-free access to all platform(s)",2,Moreton,(Merseyside),20,M,),False,False,False,False,False,False,False,False,False,False,,0,,,False,True,Liverpool Central,,[],,single,,multiple,False,MER0048,MER0048,,,,,False,
New Brighton,NBN,215200,new-brighton,53.43727598,-3.049174288,ME,Merseyrail,5,2.0,Full Time,"A, Compliant step-free access to all platform(s)",2,New,Brighton,12,N,N,False,False,False,False,False,False,False,False,False,False,,1,,,True,False,Liverpool Central,,['New Brighton Line'],,single,New Brighton Line,multiple,True,MER0049,MER0049,,,,,False,
Old Roan,ORN,225800,old-roan,53.48690801,-2.951077083,ME,Merseyrail,5,2.0,Full Time,"A, Compliant step-free access to all platform(s)",2,Old,Roan,8,O,N,False,False,False,False,False,False,False,False,False,False,,1,,,True,False,Liverpool Central,,['Ormskirk Line'],,single,Ormskirk Line,multiple,False,MER0050,MER0050,,,,,False,
Ormskirk,OMS,228100,ormskirk,53.56896888,-2.88179342,ME,Merseyrail,5,2.0,Full Time,"A, Compliant step-free access to all platform(s)",1,Ormskirk,Ormskirk,8,O,K,False,False,False,False,False,False,False,False,False,False,,1,,,True,False,Liverpool Central,,['Ormskirk Line'],,single,Ormskirk Line,single,False,MER0051,MER0051,,,,,False,
Orrell Park,OPK,224700,orrell-park,53.46191022,-2.963321542,ME,Merseyrail,5,2.0,Full Time,"A, Compliant step-free access to all platform(s)",2,Orrell,Park,11,O,K,False,False,False,False,False,False,False,False,False,False,,0,,,False,True,Liverpool Central,,[],,single,,multiple,False,MER0052,MER0052,,,,,False,
Overpool,OVE,215700,overpool,53.28414758,-2.924818617,ME,Merseyrail,5,2.0,Unstaffed,"A, Compliant step-free access to all platform(s)",1,Overpool,Overpool,8,O,L,False,False,False,False,False,False,False,False,False,False,,1,,,True,False,Liverpool Central,,['Ellesmere Port Line'],,single,Ellesmere Port Line,single,False,MER0053,MER0053,,,,,False,
Port Sunlight,PSL,219800,port-sunlight,53.3492693,-2.99803707,ME,Merseyrail,5,2.0,Full Time,"C, no step-free access to any platform",2,Port,Sunlight,13,P,T,False,False,False,False,False,False,False,False,False,False,,3,,,True,False,Liverpool Central,,"['West Kirby Line', 'Chester Line', 'Ellesmere Port Line']",,few,West Kirby Line,multiple,True,MER0054,MER0054,,,,,False,
Rice Lane,RIL,213100,rice-lane,53.45778328,-2.962324455,ME,Merseyrail,5,2.0,Full Time,"C, no step-free access to any platform",2,Rice,Lane,9,R,E,False,False,False,False,False,False,False,False,False,False,,2,,,True,False,Liverpool Central,,"['Ormskirk Line', 'Headbolt Lane Line']",,few,Ormskirk Line,multiple,False,MER0055,MER0055,,,,,False,
Rock Ferry,RFY,218900,rock-ferry,53.37289259,-3.010914905,ME,Merseyrail,2,4.0,Full Time,"B2, (refer to quick reference guide)",2,Rock,Ferry,10,R,Y,False,False,False,False,False,False,False,False,False,False,,3,,,True,False,Liverpool Central,,"['West Kirby Line', 'Chester Line', 'Ellesmere Port Line']",,few,West Kirby Line,multiple,True,MER0056,MER0056,,,,,False,
Sandhills,SDL,224900,sandhills,53.42994809,-2.991497322,ME,Merseyrail,5,2.0,Full Time,"A, Compliant step-free access to all platform(s)",1,Sandhills,Sandhills,9,S,S,False,False,False,False,False,False,False,False,False,False,,3,,,True,False,Liverpool Central,,"['Southport Line', 'Ormskirk Line', 'Headbolt Lane Line']",,few,Southport Line,single,True,MER0057,MER0057,,,,,False,
Seaforth & Litherland,SFL,225000,seaforth-litherland,53.46611293,-3.005295121,ME,Merseyrail,5,2.0,Full Time,"A, Compliant step-free access to all platform(s)",3,Seaforth,Litherland,21,S,D,False,False,False,False,False,False,False,False,False,False,,1,,,True,False,Liverpool Central,,['Southport Line'],,single,Southport Line,multiple,True,MER0058,MER0058,,,,,False,
Southport,SOP,226200,southport,53.64652777,-3.00244063,ME,Merseyrail,5,6.0,Full Time,"A, Compliant step-free access to all platform(s)",1,Southport,Southport,9,S,T,False,False,False,False,False,False,False,False,False,False,,1,,,True,False,Liverpool Central,,['Southport Line'],,single,Southport Line,single,True,MER0059,MER0059,,,,,False,
Spital,SPI,219900,spital,53.33995485,-2.993914447,ME,Merseyrail,5,2.0,Full Time,"C, no step-free access to any platform",1,Spital,Spital,6,S,L,False,False,False,False,False,False,False,False,False,False,,3,,,True,False,Liverpool Central,,"['West Kirby Line', 'Chester Line', 'Ellesmere Port Line']",,few,West Kirby Line,single,True,MER0060,MER0060,,,,,False,
St Michaels,STM,224800,st-michaels,53.37561787,-2.952804749,ME,Merseyrail,5,2.0,Full Time,"A, Compliant step-free access to all platform(s)",2,St,Michaels,11,S,S,False,False,False,False,True,False,False,False,False,False,,1,,,True,False,Liverpool Central,,['Hunts Cross Line'],,single,Hunts Cross Line,multiple,False,MER0061,MER0061,,,,,False,
Town Green,TWN,228300,town-green,53.54282147,-2.904490485,ME,Merseyrail,5,2.0,Full Time,"A, Compliant step-free access to all platform(s)",2,Town,Green,10,T,N,False,False,False,False,False,False,False,False,False,False,,1,,,True,False,Liverpool Central,,['Ormskirk Line'],,single,Ormskirk Line,multiple,False,MER0062,MER0062,,,,,False,
Wallasey Grove Road,WLG,215400,wallasey-grove-road,53.42801467,-3.069716325,ME,Merseyrail,5,2.0,Full Time,"B1, (refer to quick reference guide)",3,Wallasey,Road,19,W,D,False,False,False,False,False,False,False,False,False,False,,1,,,True,False,Liverpool Central,,['New Brighton Line'],,single,New Brighton Line,multiple,True,MER0063,MER0063,,,,,False,
Wallasey Village,WLV,226500,wallasey-village,53.422896,-3.069136355,ME,Merseyrail,5,2.0,Full Time,"C, no step-free access to any platform",2,Wallasey,Village,16,W,E,False,False,False,False,False,False,False,False,False,False,,1,,,True,False,Liverpool Central,,['New Brighton Line'],,single,New Brighton Line,multiple,True,MER0064,MER0064,,,,,False,
Walton (Merseyside),WAO,225100,walton-merseyside,53.45622746,-2.965753228,ME,Merseyrail,5,2.0,Full Time,"B3, step-free access only to some platforms",2,Walton,(Merseyside),19,W,),False,False,False,False,False,False,False,False,False,False,,0,,,False,True,Liverpool Central,,[],,single,,multiple,False,MER0065,MER0065,,,,,False,
Waterloo (Merseyside),WLO,213300,waterloo-merseyside,53.47496593,-3.025543946,ME,Merseyrail,5,2.0,Full Time,"A, Compliant step-free access to all platform(s)",2,Waterloo,(Merseyside),21,W,),False,False,False,False,False,False,False,False,False,False,,0,,,False,True,Liverpool Central,,[],,single,,multiple,False,MER0066,MER0066,,,,,False,
West Kirby,WKI,220100,west-kirby,53.37319127,-3.183769494,ME,Merseyrail,5,2.0,Full Time,"A, Compliant step-free access to all platform(s)",2,West,Kirby,10,W,Y,False,False,False,False,False,False,False,False,False,False,,1,,,True,False,Liverpool Central,,['West Kirby Line'],,single,West Kirby Line,multiple,True,MER0067,MER0067,,,,,False,
