station_id,crs,station_name,latitude,longitude,region
uk_000001,ANG,Angmering,50.816704,-0.489559,
uk_000002,BAB,Balcombe,51.05624,-0.137881,
uk_000003,BAL,Balham,51.443169,-0.152403,
uk_000004,BAA,Barnham,50.831135,-0.639627,
uk_000005,BSK,Basingstoke,51.26804,-1.086896,
uk_000006,BBL,Bat & Ball,51.289703,0.194258,
uk_000007,BAT,Battle,50.91312,0.495169,
uk_000008,BRK,Berwick,50.840569,0.164587,
uk_000009,BEX,Bexhill,50.840679,0.475678,
uk_000010,BOH,Bosham,50.843262,-0.846655,
uk_000011,BTN,Brighton,50.829659,-0.141234,
uk_000012,BUG,Burgess Hill,50.953552,-0.127749,
uk_000013,CSH,Carshalton,51.367859,-0.16693,
uk_000014,CCH,Chichester,50.831821,-0.783032,
uk_000015,CLJ,Clapham Junction,51.464134,-0.170281,
uk_000016,CLL,Collington,50.839272,0.457142,
uk_000017,COB,Cooden Beach,50.83271,0.426969,
uk_000018,CSA,Cosham,50.841644,-1.068259,
uk_000019,CDS,Coulsdon South,51.315231,-0.13746,
uk_000020,DNG,Dunton Green,51.296425,0.171616,
uk_000021,DUR,Durrington-on-Sea,50.817463,-0.411463,
uk_000022,ELD,Earlswood,51.227631,-0.171078,
uk_000023,ECR,East Croydon,51.375679,-0.093335,
uk_000024,EBN,Eastbourne,50.769085,0.281847,
uk_000025,EMS,Emsworth,50.851326,-0.938784,
uk_000026,ETC,Etchingham,51.010479,0.441935,
uk_000027,EYN,Eynsford,51.362377,0.203465,
uk_000028,FMR,Falmer,50.862064,-0.087364,
uk_000029,FRM,Fareham,50.853352,-1.19162,
uk_000030,FNR,Farningham Road,51.401337,0.235533,
uk_000031,FSB,Fishbourne,50.839352,-0.815495,
uk_000032,FOD,Ford,50.829506,-0.578611,
uk_000033,FRT,Frant,51.104321,0.294034,
uk_000034,FTN,Fratton,50.795818,-1.073422,
uk_000035,GTW,Gatwick Airport,51.156425,-0.161022,
uk_000036,GLY,Glynde,50.859398,0.06883,
uk_000037,GBS,Goring-by-Sea,50.817753,-0.432751,
uk_000038,HCB,Hackbridge,51.378437,-0.15358,
uk_000039,HMD,Hampden Park,50.796124,0.278906,
uk_000040,HSK,Hassocks,50.923264,-0.146043,
uk_000041,HGS,Hastings,50.858288,0.57608,
uk_000042,HAV,Havant,50.854416,-0.982763,
uk_000043,HHE,Haywards Heath,51.00536,-0.105717,
uk_000044,HDE,Hedge End,50.927773,-1.297056,
uk_000045,HIB,High Brooms,51.149609,0.277686,
uk_000046,HLB,Hildenborough,51.214451,0.226465,
uk_000047,HLS,Hilsea,50.828075,-1.058592,
uk_000048,HOR,Horley,51.168137,-0.161994,
uk_000049,HOV,Hove,50.835514,-0.170824,
uk_000050,KPA,Kensington Olympia,51.497753,-0.210189,
uk_000051,LAC,Lancing,50.827015,-0.323103,
uk_000052,LWS,Lewes,50.870281,0.012455,
uk_000053,LIT,Littlehampton,50.810226,-0.546547,
uk_000054,LBG,London Bridge,51.505035,-0.085058,
uk_000055,LRB,London Road (Brighton),50.836773,-0.136696,
uk_000056,VIC,London Victoria,51.4966,-0.1448,
uk_000057,WAT,London Waterloo,51.501865,-0.111126,
uk_000058,MHM,Merstham,51.264164,-0.149555,
uk_000059,MTC,Mitcham Eastfields,51.407725,-0.154764,
uk_000060,MIJ,Mitcham Junction,51.392887,-0.157308,
uk_000061,MCB,Moulsecoomb,50.844616,-0.12076,
uk_000062,NRB,Norbury,51.411236,-0.123492,
uk_000063,NSB,Normans Bay,50.825382,0.389669,
uk_000064,OTF,Otford,51.312141,0.196757,
uk_000065,PEV,Pevensey & Westham,50.815899,0.325291,
uk_000066,PLG,Polegate,50.820934,0.251705,
uk_000067,PTC,Portchester,50.848389,-1.126361,
uk_000068,PLD,Portslade,50.836044,-0.204898,
uk_000069,PMS,Portsmouth & Southsea,50.797756,-1.090417,
uk_000070,PMH,Portsmouth Harbour,50.796097,-1.108895,
uk_000071,PRP,Preston Park,50.846054,-0.154787,
uk_000072,PUR,Purley,51.337334,-0.113592,
uk_000073,RDH,Redhill,51.240124,-0.164851,
uk_000074,RBR,Robertsbridge,50.984726,0.469092,
uk_000075,SAF,Salfords,51.201412,-0.162096,
uk_000076,SRS,Selhurst,51.392704,-0.089759,
uk_000077,SEV,Sevenoaks,51.27734,0.182193,
uk_000078,SPB,Shepherds Bush,51.506,-0.218,
uk_000079,SEH,Shoreham (Kent),51.332092,0.187665,
uk_000080,SSE,Shoreham-by-Sea,50.834358,-0.271709,
uk_000081,SCY,South Croydon,51.362194,-0.093903,
uk_000082,SOU,Southampton Central,50.907742,-1.413983,
uk_000083,SOB,Southbourne,50.848343,-0.907601,
uk_000084,SWK,Southwick,50.832928,-0.236254,
uk_000085,SDN,St Denys,50.921997,-1.3882,
uk_000086,SLQ,St Leonards Warrior Square,50.855942,0.560326,
uk_000087,SOG,Stonegate,51.020184,0.364016,
uk_000088,STE,Streatham,51.425755,-0.131535,
uk_000089,SRC,Streatham Common,51.418629,-0.136136,
uk_000090,SRH,Streatham Hill,51.43829,-0.128136,
uk_000091,SUO,Sutton,51.360126,-0.190223,
uk_000092,SAY,Swanley,51.392727,0.16755,
uk_000093,SNW,Swanwick,50.875427,-1.265151,
uk_000094,TTH,Thornton Heath,51.399181,-0.100981,
uk_000095,TBD,Three Bridges,51.116863,-0.161162,
uk_000096,TON,Tonbridge,51.191132,0.269715,
uk_000097,TUH,Tulse Hill,51.439713,-0.10506,
uk_000098,TBW,Tunbridge Wells,51.130119,0.262435,
uk_000099,WAD,Wadhurst,51.07338,0.312483,
uk_000100,WSW,Wandsworth Common,51.446072,-0.165239,
uk_000101,WBP,West Brompton,51.487289,-0.195265,
uk_000102,WNW,West Norwood,51.431583,-0.102517,
uk_000103,WLD,West St Leonards,50.85368,0.540303,
uk_000104,WWO,West Worthing,50.818111,-0.392983,
uk_000105,WIN,Winchester,51.067303,-1.320628,
uk_000106,WVF,Wivelsfield,50.964249,-0.121633,
uk_000107,WRH,Worthing,50.818768,-0.375924,
uk_000108,BEF,Benfleet,51.543964,0.561273,
uk_000109,BKG,Barking,51.539982,0.080804,
uk_000110,BRE,Brentwood,51.61322,0.30083,
uk_000111,BSO,Basildon,51.568672,0.457309,
uk_000112,CHM,Chelmsford,51.736595,0.469316,
uk_000113,CFH,Chafford Hundred Lakeside,51.502792,0.290938,
uk_000114,CTH,Chadwell Heath,51.567905,0.128263,
uk_000115,CHW,Chalkwell,51.53883,0.6706,
uk_000116,COL,Colchester,51.900478,0.894085,
uk_000117,DDK,Dagenham Dock,51.526237,0.14505,
uk_000118,DIS,Diss,52.373096,1.123274,
uk_000119,EMP,Emerson Park,51.56889,0.220658,
uk_000120,ETL,East Tilbury,51.485065,0.412479,
uk_000121,FOG,Forest Gate,51.549976,0.023568,
uk_000122,FST,London Fenchurch Street,51.511234,-0.079039,
uk_000123,GDP,Gidea Park,51.581772,0.205411,
uk_000124,GMY,Goodmayes,51.565502,0.112277,
uk_000125,GRY,Grays,51.476089,0.322719,
uk_000126,HAP,Hatfield Peverel,51.779785,0.593463,
uk_000127,HRO,Harold Wood,51.592907,0.234819,
uk_000128,IFD,Ilford,51.559078,0.068699,
uk_000129,INT,Ingatestone,51.667301,0.384556,
uk_000130,IPS,Ipswich,52.050552,1.144481,
uk_000131,KEL,Kelvedon,51.841202,0.701529,
uk_000132,LAI,Laindon,51.567566,0.424063,
uk_000133,LES,Leigh-on-Sea,51.541309,0.640454,
uk_000134,LHS,Limehouse,51.51239,-0.040071,
uk_000135,LST,London Liverpool Street,51.517551,-0.08021,
uk_000136,MKT,Marks Tey,51.880695,0.782372,
uk_000137,MNG,Manningtree,51.948818,1.045653,
uk_000138,MNP,Manor Park,51.552296,0.045309,
uk_000139,MYL,Maryland,51.545784,0.006075,
uk_000140,NRW,Norwich,52.627121,1.306879,
uk_000141,OCK,Ockendon,51.521687,0.290439,
uk_000142,PFL,Purfleet,51.481358,0.236575,
uk_000143,PSE,Pitsea,51.560387,0.508806,
uk_000144,RMF,Romford,51.575016,0.181986,
uk_000146,RNM,Rainham,51.517449,0.190716,
uk_000147,SFO,Stanford-le-Hope,51.513634,0.422634,
uk_000148,SMK,Stowmarket,52.190105,1.000662,
uk_000149,SNF,Shenfield,51.630615,0.330602,
uk_000150,SOC,Southend Central,51.536972,0.712305,
uk_000151,SRA,Stratford,51.542358,-0.004175,
uk_000152,SRY,Shoeburyness,51.531414,0.795616,
uk_000153,SVK,Seven Kings,51.563992,0.096325,
uk_000154,TIL,Tilbury Town,51.462879,0.353724,
uk_000155,TPB,Thorpe Bay,51.537586,0.762828,
uk_000156,UPM,Upminster,51.559307,0.251938,
uk_000157,WCF,Westcliff,51.537437,0.692146,
uk_000158,WEH,West Ham,51.528709,0.005323,
uk_000159,WTM,Witham,51.805702,0.641373,
uk_000160,BIC,Billericay,51.628834,0.418656,
uk_000161,WIC,Wickford,51.615025,0.519052,
uk_000162,BLB,Battlesbridge,51.624805,0.565826,
uk_000163,SOF,South Woodham Ferrers,51.64957,0.606512,
uk_000164,NFA,North Fambridge,51.64859,0.681703,
uk_000165,ALN,Althorne,51.647526,0.753603,
uk_000166,BUU,Burnham-on-Crouch,51.633526,0.813459,
uk_000167,SMN,Southminster,51.660873,0.835397,
uk_000168,RLG,Rayleigh,51.589851,0.601393,
uk_000169,HOC,Hockley,51.603825,0.659971,
uk_000170,RFD,Rochford,51.581276,0.701959,
uk_000171,SIA,Southend Airport,51.5687,0.704084,
uk_000172,PRL,Prittlewell,51.550476,0.71167,
uk_000173,SOV,Southend Victoria,51.542389,0.711184,
uk_000174,WNY,White Notley,51.839069,0.596874,
uk_000175,CES,Cressing,51.852028,0.580186,
uk_000176,BTP,Braintree Freeport,51.869316,0.568258,
uk_000177,BTR,Braintree,51.874989,0.558261,
uk_000178,HYH,Hythe,51.885281,0.926539,
uk_000179,WIV,Wivenhoe,51.855789,0.955116,
uk_000180,ALR,Alresford,51.853828,0.997114,
uk_000181,GRB,Great Bentley,51.85207,1.065258,
uk_000182,WEE,Weeley,51.852566,1.114661,
uk_000183,TLS,Thorpe-le-Soken,51.847698,1.162258,
uk_000184,CLT,Clacton-on-Sea,51.793953,1.154134,
uk_000185,KBX,Kirby Cross,51.840897,1.214045,
uk_000186,FRI,Frinton-on-Sea,51.838314,1.242907,
uk_000187,WON,Walton-on-the-Naze,51.846603,1.268192,
uk_000188,WRB,Wrabness,51.939228,1.17014,
uk_000189,MIS,Mistley,51.943417,1.080205,
uk_000190,HPQ,Harwich International,51.947701,1.255167,
uk_000191,DVC,Dovercourt,51.938892,1.280724,
uk_000192,HWC,Harwich Town,51.944157,1.285469,
uk_000193,CWC,Chappel and Wakes Colne,51.925312,0.758944,
uk_000194,BUE,Bures,51.97094,0.769021,
uk_000195,SUY,Sudbury,52.035591,0.735111,
uk_000196,MYB,London Marylebone,51.52248,-0.163605,
uk_000197,WCX,Wembley Stadium,51.553993,-0.284958,
uk_000198,SRU,South Ruislip,51.556742,-0.398812,
uk_000199,WRU,West Ruislip,51.569708,-0.437812,
uk_000200,DNM,Denham,51.578495,-0.497633,
uk_000201,DGC,Denham Golf Club,51.580544,-0.517774,
uk_000202,GER,Gerrards Cross,51.588883,-0.555367,
uk_000203,SRG,Seer Green & Jordans,51.609524,-0.607809,
uk_000204,BCF,Beaconsfield,51.611141,-0.643644,
uk_000205,HWY,High Wycombe,51.629793,-0.745139,
uk_000206,SDR,Saunderton,51.675751,-0.825626,
uk_000207,PRR,Princes Risborough,51.717697,-0.844059,
uk_000208,HDM,Haddenham & Thame Parkway,51.770788,-0.942121,
uk_000209,BIT,Bicester Village,51.893429,-1.148393,
uk_000210,KGS,Kings Sutton,52.020184,-1.280066,
uk_000211,BAN,Banbury,52.060925,-1.327541,
uk_000212,LMS,Leamington Spa,52.284893,-1.536723,
uk_000213,WRW,Warwick,52.286861,-1.582155,
uk_000214,WRP,Warwick Parkway,52.286268,-1.613493,
uk_000215,HTN,Hatton,52.295242,-1.672982,
uk_000216,DDG,Dorridge,52.371861,-1.753209,
uk_000217,SOL,Solihull,52.415081,-1.78972,
uk_000218,BMO,Birmingham Moor Street,52.479053,-1.892483,
uk_000219,BSW,Birmingham Snow Hill,52.483555,-1.899833,
uk_000220,HOH,Harrow-on-the-Hill,51.57931,-0.336628,
uk_000221,NLT,Northolt Park,51.557762,-0.359827,
uk_000222,SDH,Sudbury Hill Harrow,51.558423,-0.336092,
uk_000223,SUD,Sudbury & Harrow Road,51.554459,-0.316676,
uk_000224,AMR,Amersham,51.67439,-0.60613,
uk_000225,GMN,Great Missenden,51.703304,-0.709132,
uk_000226,WND,Wendover,51.76193,-0.747778,
uk_000227,SKM,Stoke Mandeville,51.78772,-0.783575,
uk_000228,AYS,Aylesbury,51.813868,-0.815048,
uk_000229,AVP,Aylesbury Vale Parkway,51.8327,-0.8623,
uk_000230,MRS,Monks Risborough,51.735134,-0.829882,
uk_000231,LTK,Little Kimble,51.752014,-0.809152,
uk_000232,BCS,Bicester North,51.903401,-1.150517,
uk_000233,OXP,Oxford Parkway,51.8042,-1.2745,
uk_000234,OXF,Oxford,51.753549,-1.270037,
uk_000235,ISP,Islip,51.82571,-1.238185,
uk_000236,BER,Bearley,52.244252,-1.750259,
uk_000237,STY,Stratford-upon-Avon Parkway,52.20642,-1.7307,
uk_000238,SAV,Stratford-upon-Avon,52.19376,-1.716148,
uk_000239,LPW,Lapworth,52.341232,-1.72549,
uk_000240,BHM,Birmingham New Street,52.478153,-1.898375,
uk_000241,FWY,Five Ways,52.470078,-1.913116,
uk_000242,UNI,University,52.451218,-1.936691,
uk_000243,SLY,Selly Oak,52.441322,-1.936708,
uk_000244,BRV,Bournville,52.426937,-1.926434,
uk_000245,KNN,King's Norton,52.413456,-1.933801,
uk_000246,NFD,Northfield,52.408073,-1.96469,
uk_000247,LOB,Longbridge,52.396385,-1.980861,
uk_000248,BTG,Barnt Green,52.361328,-1.994098,
uk_000249,ALV,Alvechurch,52.346607,-1.967854,
uk_000250,RDC,Redditch,52.306337,-1.945248,
uk_000251,BMV,Bromsgrove,52.322662,-2.048379,
uk_000252,AST,Aston,52.505104,-1.871788,
uk_000253,GVH,Gravelly Hill,52.514969,-1.852612,
uk_000254,ERD,Erdington,52.528435,-1.839297,
uk_000255,CRD,Chester Road,52.535575,-1.832582,
uk_000256,WYL,Wylde Green,52.545599,-1.831461,
uk_000257,SUT,Sutton Coldfield,52.565269,-1.824404,
uk_000258,FOK,Four Oaks,52.579662,-1.8273,
uk_000259,BKT,Blake Street,52.605054,-1.844888,
uk_000260,SEN,Shenstone,52.638985,-1.844528,
uk_000261,LIC,Lichfield City,52.680347,-1.825431,
uk_000262,LTV,Lichfield Trent Valley,52.6869,-1.800014,
uk_000263,SGB,Smethwick Galton Bridge,52.501826,-1.980632,
uk_000264,SAD,Sandwell & Dudley,52.508431,-2.011281,
uk_000265,DDP,Dudley Port,52.524517,-2.049401,
uk_000266,TIP,Tipton,52.53039,-2.065499,
uk_000267,CSY,Coseley,52.545738,-2.086051,
uk_000268,WVH,Wolverhampton,52.587818,-2.119529,
uk_000269,ADD,Adderley Park,52.483505,-1.854184,
uk_000270,SCF,Stechford,52.485241,-1.810006,
uk_000271,LEH,Lea Hall,52.480709,-1.786457,
uk_000272,MGN,Marston Green,52.467159,-1.755616,
uk_000273,BHI,Birmingham International,52.450673,-1.725149,
uk_000274,HIA,Hampton-in-Arden,52.428375,-1.699934,
uk_000275,BKW,Berkswell,52.395851,-1.642845,
uk_000276,THL,Tile Hill,52.394798,-1.594357,
uk_000277,CNL,Canley,52.399418,-1.547232,
uk_000278,COV,Coventry,52.400787,-1.513466,
uk_000279,DUD,Duddeston,52.488018,-1.871842,
uk_000280,WTT,Witton,52.51141,-1.883566,
uk_000281,PRY,Perry Barr,52.516361,-1.90196,
uk_000282,HSD,Hamstead,52.530718,-1.92838,
uk_000283,TAB,Tame Bridge Parkway,52.551022,-1.974899,
uk_000284,BSC,Bescot Stadium,52.562702,-1.991116,
uk_000285,WSL,Walsall,52.584282,-1.98521,
uk_000286,BLX,Bloxwich,52.61853,-2.011783,
uk_000287,BWN,Bloxwich North,52.625637,-2.019173,
uk_000288,LAW,Landywood,52.657101,-2.020659,
uk_000289,CAO,Cannock,52.686768,-2.022158,
uk_000290,HNF,Hednesford,52.709922,-2.00199,
uk_000291,RGT,Rugeley Town,52.754672,-1.936963,
uk_000292,RGL,Rugeley Trent Valley,52.769451,-1.930309,
uk_000293,WLN,Wellington (Shropshire),52.700928,-2.516438,
uk_000294,TFC,Telford Central,52.678764,-2.440744,
uk_000295,OKN,Oakengates,52.693104,-2.451245,
uk_000296,SFN,Shifnal,52.666405,-2.371116,
uk_000297,COS,Cosford,52.645031,-2.301479,
uk_000298,ALB,Albrighton,52.637917,-2.268913,
uk_000299,SHR,Shrewsbury,52.711369,-2.74897,
uk_000300,KID,Kidderminster,52.384457,-2.239458,
uk_000301,HBY,Hartlebury,52.335049,-2.22158,
uk_000302,DTW,Droitwich Spa,52.26862,-2.158239,
uk_000303,WOF,Worcester Foregate Street,52.194801,-2.220885,
uk_000304,WOS,Worcester Shrub Hill,52.194817,-2.210642,
uk_000305,MVL,Malvern Link,52.12534,-2.31987,
uk_000306,GMV,Great Malvern,52.109165,-2.318289,
uk_000307,CWL,Colwall,52.080284,-2.357489,
uk_000308,LED,Ledbury,52.044991,-2.425728,
uk_000309,HFD,Hereford,52.060715,-2.708854,
uk_000310,JEQ,Jewellery Quarter,52.489514,-1.913522,
uk_000311,THW,The Hawthorns,52.505165,-1.96313,
uk_000312,LGG,Langley Green,52.494385,-2.005857,
uk_000313,ROW,Rowley Regis,52.477299,-2.030885,
uk_000314,OHL,Old Hill,52.470993,-2.055913,
uk_000315,CRA,Cradley Heath,52.469177,-2.08976,
uk_000316,LYE,Lye,52.459267,-2.116233,
uk_000317,SBJ,Stourbridge Junction,52.447563,-2.133857,
uk_000318,SBT,Stourbridge Town,52.456539,-2.142716,
uk_000319,HAG,Hagley,52.422375,-2.147018,
uk_000320,BKD,Blakedown,52.406147,-2.176365,
uk_000321,NUN,Nuneaton,52.526436,-1.463431,
uk_000322,BEH,Bedworth,52.479133,-1.46749,
uk_000323,BEP,Bermuda Park,52.5029,-1.4726,
uk_000325,CST,London Cannon Street,51.510525,-0.090589,
uk_000326,CHX,London Charing Cross,51.508362,-0.123835,
uk_000328,STP,St Pancras International,51.531921,-0.126361,
uk_000329,SFA,Stratford International,51.544306,-0.009882,
uk_000330,LEW,Lewisham,51.466099,-0.014703,
uk_000331,CFB,Catford Bridge,51.444725,-0.027142,
uk_000332,LAD,Ladywell,51.456291,-0.019445,
uk_000333,SYH,Sydenham Hill,51.433002,-0.079444,
uk_000334,WDU,West Dulwich,51.440388,-0.090646,
uk_000335,NWX,New Cross,51.476299,-0.032984,
uk_000336,EBD,Ebbsfleet International,51.443009,0.320887,
uk_000337,ZFD,Farringdon,51.520071,-0.104665,
uk_000338,SAJ,St Johns,51.468937,-0.023225,
uk_000339,PLU,Plumstead,51.48959,0.082828,
uk_000340,SRT,Shortlands,51.405548,0.002798,
uk_000341,WWA,Woolwich Arsenal,51.489815,0.069883,
uk_000342,BRX,Brixton,51.463245,-0.114164,
uk_000343,WAE,London Waterloo (East),51.504513,-0.10814,
uk_000344,CTK,City Thameslink,51.514336,-0.103412,
uk_000345,BFR,London Blackfriars,51.510735,-0.103554,
uk_000346,ORP,Orpington,51.373463,0.089049,
uk_000347,PNE,Penge East,51.419125,-0.055566,
uk_000348,WWD,Woolwich Dockyard,51.49099,0.054083,
uk_000349,KTH,Kent House,51.412659,-0.045786,
uk_000350,ABW,Abbey Wood,51.490719,0.120343,
uk_000351,CLD,Chelsfield,51.35603,0.108373,
uk_000352,BKJ,Beckenham Junction,51.411446,-0.027144,
uk_000353,BKL,Bickley,51.40033,0.044272,
uk_000356,BVD,Belvedere,51.491936,0.152088,
uk_000357,ERH,Erith,51.481621,0.174651,
uk_000358,SWM,Swanscombe,51.449356,0.309854,
uk_000359,DFD,Dartford,51.447548,0.217643,
uk_000360,AFK,Ashford International,51.14335294,0.875167251,
uk_000361,NFL,Northfleet,51.446384,0.324092,
uk_000364,SOO,Strood,51.396,0.4998,
uk_000366,CWU,Crowhurst,50.888702,0.500984,
uk_000367,LEE,Lee,51.449432,0.013364,
uk_000368,CTF,Catford,51.444706,-0.025701,
uk_000369,EPH,Elephant & Castle,51.494469,-0.098462,
uk_000370,GNH,Greenhithe For Bluewater,51.450855,0.279694,
uk_000372,PDW,Paddock Wood,51.182453,0.389485,
uk_000373,SGR,Slade Green,51.466957,0.189792,
uk_000374,SMY,St Mary Cray,51.394714,0.107269,
uk_000376,CLK,Clock House,51.408096,-0.041668,
uk_000377,KMS,Kemsing,51.297684,0.247716,
uk_000378,NEH,New Eltham,51.437649,0.0704,
uk_000380,SUP,Sundridge Park,51.413338,0.020402,
uk_000381,LGJ,Loughborough Junction,51.46666,-0.102499,
uk_000382,MDE,Maidstone East,51.277729,0.520618,
uk_000383,MDW,Maidstone West,51.270943,0.515975,
uk_000384,YAL,Yalding,51.226067,0.4118,
uk_000387,SID,Sidcup,51.434361,0.103342,
uk_000388,CRY,Crayford,51.448273,0.178826,
uk_000389,DMK,Denmark Hill,51.468243,-0.089475,
uk_000390,MDB,Maidstone Barracks,51.277288,0.514148,
uk_000391,PLC,Pluckley,51.156578,0.748571,
uk_000392,SOR,Sole Street,51.38327,0.376939,
uk_000393,SCG,Stone Crossing,51.452053,0.263924,
uk_000394,AYP,Albany Park,51.435745,0.126427,
uk_000395,EDN,Eden Park,51.390762,-0.026587,
uk_000396,FCN,Falconwood,51.459087,0.078571,
uk_000398,HGR,Hither Green,51.452374,-0.000906,
uk_000399,LSY,Lower Sydenham,51.425056,-0.033746,
uk_000400,DEP,Deptford,51.478897,-0.02711,
uk_000401,GNW,Greenwich,51.477779,-0.014198,
uk_000404,BXY,Bexley,51.440742,0.148248,
uk_000405,BXH,Bexleyheath,51.463493,0.133471,
uk_000406,BMN,Bromley North,51.408894,0.017325,
uk_000407,CIT,Chislehurst,51.405506,0.057437,
uk_000408,WWI,West Wickham,51.381577,-0.015495,
uk_000409,BEG,Beltring,51.204651,0.403518,
uk_000410,CUX,Cuxton,51.374298,0.462693,
uk_000411,NHE,New Hythe,51.312401,0.455075,
uk_000412,SPU,Staplehurst,51.171856,0.55061,
uk_000414,BRG,Borough Green & Wrotham,51.29295,0.306296,
uk_000415,ELE,Elmers End,51.398335,-0.049263,
uk_000416,GRP,Grove Park,51.430389,0.022597,
uk_000417,MTG,Mottingham,51.439804,0.050353,
uk_000420,AYL,Aylesford,51.301384,0.465964,
uk_000422,MZH,Maze Hill,51.482883,0.003311,
uk_000423,PET,Petts Wood,51.388996,0.075393,
uk_000424,WTR,Wateringbury,51.249214,0.423039,
uk_000425,ELW,Eltham,51.455101,0.0496,
uk_000427,KDB,Kidbrooke,51.462662,0.028331,
uk_000428,NBC,New Beckenham,51.416988,-0.035525,
uk_000429,BNH,Barnehurst,51.464798,0.160885,
uk_000430,BEC,Beckenham Hill,51.424767,-0.016497,
uk_000431,HAI,Halling,51.352169,0.445711,
uk_000432,HCN,Headcorn,51.165657,0.627507,
uk_000433,LGF,Longfield,51.396496,0.299994,
uk_000434,CFT,Crofton Park,51.454777,-0.03678,
uk_000435,EFL,East Farleigh,51.255112,0.48498,
uk_000436,HNH,Herne Hill,51.453148,-0.101624,
uk_000437,NHD,Nunhead,51.466747,-0.053546,
uk_000438,PMR,Peckham Rye,51.470585,-0.067782,
uk_000439,RVB,Ravensbourne,51.413803,-0.0069,
uk_000440,RTR,Rochester,51.384968,0.510698,
uk_000441,WCB,Westcombe Park,51.484428,0.017787,
uk_000442,ESD,Elmstead Woods,51.417435,0.043594,
uk_000443,HYS,Hayes,51.375744,0.010123,
uk_000444,KCK,Knockholt,51.34573,0.130865,
uk_000445,WLI,Welling,51.464966,0.101872,
uk_000446,BGM,Bellingham,51.433826,-0.020421,
uk_000447,BKH,Blackheath,51.465706,0.008317,
uk_000448,BMS,Bromley South,51.399887,0.018374,
uk_000449,CTN,Charlton,51.486904,0.030852,
uk_000450,MRN,Marden,51.175785,0.49359,
uk_000451,MEP,Meopham,51.386368,0.356977,
uk_000452,SDA,Snodland,51.330521,0.448864,
uk_000453,BSD,Bearsted,51.275589,0.57786,
uk_000454,GRV,Gravesend,51.441029,0.36699,
uk_000455,HGM,Higham,51.426376,0.466931,
uk_000456,WMA,West Malling,51.291584,0.418098,
uk_000457,CBW,Canterbury West,51.284279,1.074608,
uk_000458,KML,Kemsley,51.361996,0.733559,
uk_000459,NGT,Newington,51.353733,0.66269,
uk_000460,EML,East Malling,51.285748,0.439308,
uk_000461,CTM,Chatham,51.381161,0.520559,
uk_000462,QBR,Queenborough,51.416473,0.749756,
uk_000463,HRH,Harrietsham,51.066174,-0.318753,
uk_000464,HBN,Hollingbourne,51.265484,0.627465,
uk_000465,BMG,Barming,51.284904,0.479428,
uk_000466,GLM,Gillingham (Kent),51.386829,0.549618,
uk_000467,RAI,Rainham (Kent),51.36657,0.611698,
uk_000468,CHG,Charing,51.208649,0.790337,
uk_000469,LEN,Lenham,51.233986,0.707337,
uk_000470,FAV,Faversham,51.311436,0.891278,
uk_000471,SEG,Selling,51.277817,0.940801,
uk_000472,SSS,Sheerness-On-Sea,51.440559,0.758397,
uk_000473,SIT,Sittingbourne,51.342201,0.733817,
uk_000474,WHI,Whitstable,51.358204,1.033577,
uk_000475,CRT,Chartham,51.256958,1.018303,
uk_000476,HNB,Herne Bay,51.364059,1.118742,
uk_000478,ORE,Ore,50.866959,0.590783,
uk_000479,AYH,Aylesham,51.227185,1.209682,
uk_000480,CSW,Chestfield & Swalecliffe,51.360004,1.068182,
uk_000481,FKW,Folkestone West,51.085163,1.154209,
uk_000482,TEY,Teynham,51.333248,0.807944,
uk_000483,THP,Thanet Parkway,51.330843,1.361777,
uk_000484,ADM,Adisham,51.241352,1.199277,
uk_000485,DVP,Dover Priory,51.125988,1.304227,
uk_000486,SDW,Sandwich,51.269711,1.343208,
uk_000487,SWO,Snowdown,51.214886,1.213187,
uk_000488,WAM,Walmer,51.203808,1.382819,
uk_000489,CIL,Chilham,51.244549,0.975937,
uk_000490,BKS,Bekesbourne,51.261051,1.136125,
uk_000491,BCH,Birchington-On-Sea,51.377956,1.300781,
uk_000492,MTM,Martin Mill,51.170593,1.348907,
uk_000493,SWL,Swale,51.390434,0.748194,
uk_000494,WHA,Westenhanger,51.095444,1.037775,
uk_000495,WGA,Westgate-On-Sea,51.381386,1.338402,
uk_000496,WYE,Wye,51.185463,0.929188,
uk_000497,APD,Appledore,51.032623,0.816826,
uk_000498,HST,Ham Street,55.858719,-4.239953,
uk_000499,FKC,Folkestone Central,51.082985,1.168331,
uk_000500,MSR,Minster,51.329807,1.317431,
uk_000501,SDG,Sandling,51.09021,1.065995,
uk_000502,STU,Sturry,51.301018,1.121644,
uk_000503,CBE,Canterbury East,51.275261,1.075434,
uk_000505,DEA,Deal,51.223129,1.398559,
uk_000506,KSN,Kearsney,51.149399,1.271566,
uk_000507,SPH,Shepherds Well,51.188339,1.229952,
uk_000508,BSR,Broadstairs,51.360653,1.43317,
uk_000509,DMP,Dumpton Park,51.345566,1.426291,
uk_000510,MAR,Margate,51.384926,1.371737,
uk_000511,RAM,Ramsgate,51.340767,1.405833,
uk_000513,RYE,Rye,50.951916,0.730782,
uk_000514,APF,Appleford,51.639562,-1.242375,
uk_000515,AUW,Ascott-under-Wychwood,51.867376,-1.564136,
uk_000516,AVN,Avonmouth,51.500194,-2.699332,
uk_000517,BNP,Barnstaple,51.073532,-4.064032,
uk_000519,BTH,Bath Spa,51.378059,-2.356302,
uk_000520,BAS,Bere Alston,50.485535,-4.200418,
uk_000521,BFE,Bere Ferrers,50.450798,-4.181901,
uk_000522,BOD,Bodmin Parkway,50.445822,-4.663026,
uk_000523,BNE,Bourne End,51.576538,-0.711287,
uk_000524,BMY,Bramley,51.32988,-1.061265,
uk_000525,BGN,Bridgend,51.506481,-3.576296,
uk_000526,BWT,Bridgwater,51.128025,-2.99031,
uk_000527,BPW,Bristol Parkway,51.514061,-2.53461,
uk_000528,BRI,Bristol Temple Meads,51.449093,-2.581349,
uk_000529,BGL,Bugle,50.399979,-4.791736,
uk_000530,BNM,Burnham,51.523538,-0.647335,
uk_000531,CSK,Calstock,50.497487,-4.208665,
uk_000532,CBN,Camborne,50.210392,-5.297921,
uk_000533,CBB,Carbis Bay,50.19746,-5.463815,
uk_000534,CDF,Cardiff Central,51.475193,-3.177794,
uk_000535,CMN,Carmarthen,51.853233,-4.305732,
uk_000536,CBP,Castle Bar Park,51.522865,-0.331575,
uk_000537,CAU,Causeland,50.405525,-4.466937,
uk_000538,CPN,Chapleton,51.01577,-4.024398,
uk_000539,CBY,Charlbury,51.872929,-1.490133,
uk_000540,CPM,Chippenham,51.462162,-2.115123,
uk_000541,CHO,Cholsey,51.570135,-1.157942,
uk_000542,CFN,Clifton Down,51.46423,-2.611761,
uk_000544,CME,Combe,51.832277,-1.392817,
uk_000545,COO,Cookham,51.556873,-0.721948,
uk_000546,COE,Coombe Junction Halt,50.44479,-4.481655,
uk_000547,COP,Copplestone,50.814228,-3.751624,
uk_000548,CDI,Crediton,50.783375,-3.646912,
uk_000549,CUM,Culham,51.653773,-1.236445,
uk_000550,DWL,Dawlish,50.580692,-3.464583,
uk_000551,DWW,Dawlish Warren,50.599311,-3.443903,
uk_000552,DID,Didcot Parkway,51.611275,-1.242614,
uk_000553,DIG,Digby & Sowton,50.716434,-3.474574,
uk_000554,DRG,Drayton Green,51.516326,-0.330089,
uk_000555,EAL,Ealing Broadway,51.51466,-0.300843,
uk_000556,EGG,Eggesford,50.887848,-3.875235,
uk_000557,EVE,Evesham,52.098793,-1.947413,
uk_000558,EXC,Exeter Central,50.726471,-3.532973,
uk_000559,EXD,Exeter St Davids,50.729019,-3.544387,
uk_000560,EXM,Exmouth,50.620937,-3.415035,
uk_000561,EXN,Exton,50.668255,-3.443337,
uk_000562,FAL,Falmouth Docks,50.15075,-5.0559,
uk_000563,FMT,Falmouth Town,50.148392,-5.065443,
uk_000564,FYS,Ferryside,51.76833,-4.36952,
uk_000565,FIN,Finstock,51.85305,-1.47003,
uk_000566,FZP,Furze Platt,51.533082,-0.728467,
uk_000567,GOR,Goring & Streatley,51.521428,-1.133051,
uk_000569,GFD,Greenford,51.54235,-0.3463,
uk_000570,GSL,Gunnislake,50.515992,-4.219437,
uk_000571,HND,Hanborough,51.825172,-1.373471,
uk_000572,HAY,Hayes & Harlington,51.502973,-0.420785,
uk_000573,HYL,Hayle,50.186176,-5.419558,
uk_000574,HOT,Henley-on-Thames,51.534182,-0.900133,
uk_000576,HIG,Highbridge & Burnham,51.218098,-2.972192,
uk_000577,HYB,Honeybourne,52.101383,-1.834989,
uk_000578,IVR,Iver,51.508342,-0.506659,
uk_000579,KWL,Kidwelly,51.734299,-4.317046,
uk_000580,KGM,Kingham,51.902222,-1.629331,
uk_000581,KGN,Kings Nympton,50.935921,-3.905634,
uk_000582,LNY,Langley,51.508011,-0.541747,
uk_000583,LAP,Lapford,50.857384,-3.811489,
uk_000584,LWH,Lawrence Hill,51.458168,-2.564183,
uk_000586,LEL,Lelant,50.183887,-5.436207,
uk_000587,LTS,Lelant Saltings,50.17923,-5.441468,
uk_000588,LSK,Liskeard,50.446711,-4.46753,
uk_000589,LLE,Llanelli,51.673405,-4.162068,
uk_000590,PAD,London Paddington,51.516014,-0.176049,
uk_000591,LOO,Looe,50.359234,-4.456029,
uk_000592,LUX,Luxulyan,50.390244,-4.747551,
uk_000593,LYC,Lympstone Commando,50.661121,-3.438876,
uk_000594,LYM,Lympstone Village,50.648621,-3.431419,
uk_000595,MAI,Maidenhead,51.518601,-0.722464,
uk_000597,MLW,Marlow,51.570995,-0.766452,
uk_000598,MEN,Menheniot,50.426183,-4.40938,
uk_000599,MTP,Montpelier,51.468205,-2.588525,
uk_000600,MRD,Morchard Road,50.831841,-3.776424,
uk_000601,MIM,Moreton-in-Marsh,51.992336,-1.7014,
uk_000602,MOR,Mortimer,51.371941,-1.035979,
uk_000603,NLS,Nailsea & Backwell,51.419357,-2.750661,
uk_000604,NTH,Neath,51.662315,-3.807267,
uk_000605,NCO,Newcourt,50.705418,-3.47259,
uk_000606,NWP,Newport,51.590145,-2.998873,
uk_000607,NQY,Newquay,50.415245,-5.075769,
uk_000608,NTA,Newton Abbot,50.529507,-3.599957,
uk_000609,NTC,Newton St Cyres,50.77879,-3.588594,
uk_000610,OKE,Okehampton,50.731679,-3.988267,
uk_000612,PAN,Pangbourne,51.485231,-1.090522,
uk_000613,PAR,Par,50.355263,-4.704752,
uk_000614,PBY,Pembrey & Burry Port,51.683487,-4.247899,
uk_000615,PNM,Penmere,50.149736,-5.083108,
uk_000616,PYN,Penryn,50.170206,-5.110885,
uk_000617,PNZ,Penzance,50.12162,-5.532489,
uk_000618,PRW,Perranwell,50.216431,-5.111868,
uk_000619,PSH,Pershore,52.130249,-2.071555,
uk_000620,PLY,Plymouth,50.377762,-4.143386,
uk_000621,POL,Polsloe Bridge,50.731274,-3.501785,
uk_000622,PTA,Port Talbot Parkway,51.591671,-3.781362,
uk_000623,PMA,Portsmouth Arms,50.956768,-3.950633,
uk_000624,QUI,Quintrell Downs,50.403908,-5.029838,
uk_000625,RAD,Radley,51.685588,-1.240398,
uk_000626,RDG,Reading,51.458767,-0.972172,
uk_000627,RDA,Redland,51.468792,-2.598875,
uk_000628,RED,Redruth,50.233111,-5.225877,
uk_000629,ROC,Roche,50.418911,-4.830658,
uk_000630,STS,Saltash,50.407108,-4.209449,
uk_000632,SDP,Sandplace,50.386684,-4.464549,
uk_000633,SML,Sea Mills,51.480209,-2.649427,
uk_000634,SVB,Severn Beach,51.559864,-2.664227,
uk_000635,SHI,Shiplake,51.51121,-0.882452,
uk_000636,SIP,Shipton,51.866131,-1.591864,
uk_000637,SHH,Shirehampton,51.484216,-2.679162,
uk_000638,SLO,Slough,51.511921,-0.591803,
uk_000639,SGN,South Greenford,51.533339,-0.336403,
uk_000640,STL,Southall,51.505884,-0.378513,
uk_000641,SAR,St Andrews Road,51.513214,-2.696009,
uk_000642,SAU,St Austell,50.338863,-4.789557,
uk_000643,SBV,St Budeaux Victoria Road,50.403008,-4.188144,
uk_000644,SCR,St Columb Road,50.399002,-4.94085,
uk_000645,SER,St Erth,50.171074,-5.443694,
uk_000646,SGM,St Germans,50.394386,-4.308757,
uk_000647,SIV,St Ives,50.208759,-5.477247,
uk_000648,SJP,St James Park,50.731094,-3.523202,
uk_000649,SKN,St Keyne Wishing Well Halt,50.422714,-4.462204,
uk_000650,SRD,Stapleton Road,51.468052,-2.565747,
uk_000651,SCS,Starcross,50.627731,-3.447757,
uk_000652,SWA,Swansea,51.625103,-3.941598,
uk_000653,SWI,Swindon,51.565437,-1.786448,
uk_000654,TAP,Taplow,51.523528,-0.681474,
uk_000655,TAU,Taunton,51.023613,-3.102146,
uk_000656,TGM,Teignmouth,50.547993,-3.494712,
uk_000657,TLH,Tilehurst,51.471333,-1.029754,
uk_000658,TVP,Tiverton Parkway,50.917477,-3.359979,
uk_000659,TOP,Topsham,50.685989,-3.4637,
uk_000660,TOT,Totnes,50.435623,-3.688317,
uk_000661,TRU,Truro,50.263603,-5.063017,
uk_000662,TWY,Twyford,51.475605,-0.86389,
uk_000663,UMB,Umberleigh,50.996704,-3.982228,
uk_000664,WGV,Wargrave,51.498217,-0.876589,
uk_000665,WDT,West Drayton,51.509827,-0.472515,
uk_000666,WEA,West Ealing,51.513123,-0.320792,
uk_000667,WSM,Weston-super-Mare,51.34454,-2.972301,
uk_000668,WNC,Windsor & Eton Central,51.48275,-0.608806,
uk_000671,WOP,Worcestershire Parkway,52.15622,-2.1597,
uk_000672,WOR,Worle,51.357995,-2.909703,
uk_000673,YAT,Yatton,51.390965,-2.827815,
uk_000674,YEO,Yeoford,50.77684,-3.726109,
uk_000675,THE,Theale,51.433395,-1.074968,
uk_000676,RDW,Reading West,51.455077,-0.990143,
uk_000677,AMT,Aldermaston,51.402047,-1.136972,
uk_000678,MDG,Midgham,51.395805,-1.177683,
uk_000679,THA,Thatcham,51.39384,-1.243048,
uk_000680,NRC,Newbury Racecourse,51.39814,-1.308549,
uk_000681,NBY,Newbury,51.397599,-1.322608,
uk_000682,KIT,Kintbury,51.40247,-1.445059,
uk_000683,HGD,Hungerford,51.415344,-1.511056,
uk_000684,BDW,Bedwyn,51.379715,-1.599077,
uk_000685,PEW,Pewsey,51.342411,-1.771691,
uk_000686,WSB,Westbury,51.26693,-2.199202,
uk_000687,DMH,Dilton Marsh,51.248928,-2.207723,
uk_000688,WMN,Warminster,51.206722,-2.177467,
uk_000689,TRO,Trowbridge,51.319954,-2.215222,
uk_000690,BOA,Bradford-on-Avon,51.345058,-2.252669,
uk_000691,FFD,Freshford,51.342251,-2.30146,
uk_000692,AVF,Avoncliff,51.339596,-2.281342,
uk_000693,MKM,Melksham,51.379803,-2.14449,
uk_000694,FRO,Frome,51.227131,-2.309302,
uk_000695,BRU,Bruton,51.111584,-2.447103,
uk_000696,CLC,Castle Cary,51.099583,-2.522683,
uk_000697,YVP,Yeovil Pen Mill,50.944466,-2.613461,
uk_000698,THO,Thornford,50.911377,-2.57889,
uk_000699,YET,Yetminster,50.896114,-2.573004,
uk_000700,CNO,Chetnole,50.866428,-2.574072,
uk_000701,MDN,Maiden Newton,50.780128,-2.568749,
uk_000702,DCW,Dorchester West,50.710526,-2.443274,
uk_000703,UPW,Upwey,50.64838,-2.466731,
uk_000704,WEY,Weymouth,50.61515,-2.455103,
