route_id,pattern_id
R00001,SP000001
R00002,SP000002
R00002,SP000190
R00002,SP002971
R00002,SP002987
R00002,SP003027
R00003,SP000003
R00003,SP000019
R00003,SP000779
R00003,SP001023
R00004,SP000004
R00004,SP000035
R00004,SP000059
R00004,SP000061
R00004,SP000081
R00004,SP000088
R00004,SP000117
R00004,SP000124
R00004,SP000168
R00004,SP000199
R00004,SP000227
R00004,SP000248
R00004,SP000298
R00004,SP000305
R00004,SP000313
R00004,SP000328
R00004,SP000552
R00004,SP001643
R00004,SP002429
R00004,SP002777
R00004,SP002783
R00004,SP003198
R00004,SP003867
R00004,SP004114
R00004,SP004157
R00004,SP004185
R00004,SP004191
R00004,SP004257
R00004,SP004445
R00004,SP004479
R00004,SP004626
R00004,SP004639
R00004,SP004641
R00005,SP000005
R00006,SP000006
R00006,SP000015
R00007,SP000007
R00008,SP000008
R00008,SP000634
R00009,SP000009
R00010,SP000010
R00010,SP002204
R00011,SP000011
R00012,SP000012
R00012,SP000056
R00012,SP000120
R00012,SP000206
R00012,SP000679
R00012,SP000689
R00012,SP004149
R00012,SP004560
R00012,SP004636
R00013,SP000013
R00014,SP000014
R00014,SP000021
R00014,SP000031
R00014,SP000039
R00014,SP000337
R00014,SP000349
R00014,SP000413
R00014,SP000477
R00014,SP000659
R00014,SP000668
R00014,SP000670
R00014,SP001044
R00014,SP001137
R00014,SP001138
R00014,SP001883
R00014,SP001892
R00014,SP002537
R00014,SP002807
R00014,SP002976
R00014,SP003387
R00014,SP003400
R00014,SP004546
R00014,SP004547
R00014,SP004549
R00014,SP004551
R00015,SP000016
R00016,SP000017
R00016,SP000627
R00017,SP000018
R00017,SP000024
R00018,SP000020
R00019,SP000022
R00020,SP000023
R00020,SP000780
R00020,SP001020
R00020,SP003630
R00020,SP004580
R00021,SP000025
R00021,SP001701
R00022,SP000026
R00023,SP000027
R00023,SP000118
R00023,SP001526
R00023,SP003482
R00023,SP004105
R00024,SP000028
R00025,SP000029
R00026,SP000030
R00027,SP000032
R00027,SP002048
R00027,SP002547
R00027,SP003407
R00028,SP000033
R00028,SP000522
R00028,SP000531
R00028,SP003494
R00029,SP000034
R00029,SP001577
R00029,SP001704
R00030,SP000036
R00031,SP000037
R00032,SP000038
R00033,SP000040
R00033,SP000045
R00033,SP000073
R00033,SP004152
R00033,SP004488
R00033,SP004633
R00033,SP004643
R00034,SP000041
R00034,SP000044
R00034,SP000048
R00034,SP000094
R00034,SP000096
R00034,SP000099
R00034,SP000105
R00034,SP000106
R00034,SP000129
R00034,SP000184
R00034,SP000198
R00034,SP000326
R00034,SP000364
R00034,SP000462
R00034,SP000581
R00034,SP000651
R00034,SP000801
R00034,SP000835
R00034,SP000840
R00034,SP000848
R00034,SP000858
R00034,SP000862
R00034,SP001654
R00034,SP001823
R00034,SP001838
R00034,SP001939
R00034,SP002174
R00034,SP002183
R00034,SP002209
R00034,SP002216
R00034,SP002711
R00034,SP003385
R00034,SP003417
R00034,SP003420
R00034,SP003428
R00034,SP003429
R00034,SP003434
R00034,SP003440
R00034,SP003448
R00034,SP003480
R00034,SP003666
R00034,SP003788
R00034,SP004186
R00034,SP004248
R00034,SP004338
R00034,SP004416
R00034,SP004476
R00034,SP004599
R00035,SP000042
R00035,SP004617
R00035,SP004619
R00036,SP000043
R00036,SP000645
R00036,SP004180
R00037,SP000046
R00037,SP000196
R00037,SP001479
R00038,SP000047
R00038,SP000234
R00038,SP002642
R00038,SP003839
R00038,SP003966
R00038,SP004470
R00039,SP000049
R00039,SP000194
R00039,SP000605
R00039,SP000607
R00039,SP000667
R00039,SP004609
R00040,SP000050
R00040,SP003932
R00040,SP003934
R00041,SP000051
R00041,SP000114
R00041,SP004163
R00042,SP000052
R00042,SP000617
R00042,SP001449
R00042,SP002329
R00042,SP003402
R00043,SP000053
R00043,SP000998
R00043,SP001162
R00043,SP002968
R00043,SP003547
R00044,SP000054
R00044,SP000063
R00044,SP000108
R00044,SP000154
R00044,SP000174
R00045,SP000055
R00045,SP001531
R00046,SP000057
R00046,SP000071
R00046,SP000170
R00046,SP004099
R00046,SP004555
R00046,SP004566
R00047,SP000058
R00048,SP000060
R00048,SP003757
R00048,SP003767
R00049,SP000062
R00050,SP000064
R00051,SP000065
R00051,SP002274
R00051,SP003064
R00051,SP004122
R00051,SP004553
R00052,SP000066
R00053,SP000067
R00053,SP000576
R00053,SP000644
R00053,SP000655
R00053,SP004174
R00053,SP004634
R00053,SP004645
R00054,SP000068
R00055,SP000069
R00055,SP003486
R00056,SP000070
R00056,SP000077
R00056,SP000195
R00056,SP000212
R00056,SP000266
R00056,SP000392
R00056,SP000398
R00056,SP000401
R00056,SP000533
R00056,SP000868
R00056,SP000882
R00056,SP000885
R00056,SP000892
R00056,SP001313
R00056,SP001327
R00056,SP001329
R00056,SP001343
R00056,SP001346
R00056,SP001451
R00056,SP001454
R00056,SP001807
R00056,SP002179
R00056,SP002202
R00056,SP002261
R00056,SP002647
R00056,SP002655
R00056,SP002872
R00056,SP003031
R00056,SP003036
R00056,SP003114
R00056,SP003191
R00056,SP003207
R00056,SP003300
R00056,SP003360
R00056,SP003475
R00056,SP003568
R00056,SP003958
R00056,SP004012
R00056,SP004017
R00056,SP004025
R00056,SP004034
R00056,SP004036
R00056,SP004111
R00056,SP004131
R00056,SP004188
R00056,SP004207
R00056,SP004232
R00056,SP004384
R00056,SP004399
R00056,SP004433
R00056,SP004516
R00056,SP004529
R00057,SP000072
R00057,SP001252
R00058,SP000074
R00058,SP000076
R00058,SP001786
R00058,SP002133
R00058,SP002825
R00058,SP004583
R00059,SP000075
R00059,SP000579
R00059,SP001775
R00059,SP002341
R00060,SP000078
R00060,SP000145
R00061,SP000079
R00062,SP000080
R00062,SP000085
R00062,SP000089
R00062,SP000109
R00062,SP000113
R00062,SP001826
R00062,SP002454
R00062,SP003537
R00063,SP000082
R00063,SP000086
R00063,SP000091
R00063,SP000093
R00063,SP000121
R00063,SP000126
R00063,SP000128
R00063,SP000133
R00063,SP000750
R00063,SP001354
R00063,SP001360
R00063,SP001362
R00063,SP001365
R00063,SP001366
R00063,SP001875
R00063,SP002673
R00063,SP003089
R00063,SP003115
R00063,SP003496
R00063,SP003657
R00063,SP004143
R00063,SP004261
R00063,SP004268
R00063,SP004269
R00064,SP000083
R00064,SP001871
R00064,SP003095
R00065,SP000084
R00066,SP000087
R00067,SP000090
R00068,SP000092
R00069,SP000095
R00069,SP000428
R00069,SP000431
R00069,SP003734
R00070,SP000097
R00070,SP000101
R00070,SP002109
R00070,SP002497
R00070,SP002568
R00070,SP004514
R00071,SP000098
R00071,SP002824
R00071,SP003468
R00072,SP000100
R00072,SP000226
R00072,SP000555
R00072,SP000609
R00072,SP002430
R00073,SP000102
R00073,SP000107
R00073,SP000450
R00073,SP000521
R00073,SP000529
R00073,SP000698
R00073,SP000700
R00073,SP000799
R00073,SP000920
R00073,SP000930
R00073,SP000950
R00073,SP000952
R00073,SP000958
R00073,SP000999
R00073,SP001003
R00073,SP001007
R00073,SP001047
R00073,SP001120
R00073,SP001594
R00073,SP001727
R00073,SP001880
R00073,SP002020
R00073,SP002363
R00073,SP002914
R00073,SP002953
R00073,SP003540
R00073,SP003600
R00073,SP003669
R00074,SP000103
R00074,SP002306
R00074,SP002883
R00075,SP000104
R00075,SP001311
R00076,SP000110
R00076,SP000588
R00076,SP001310
R00076,SP001623
R00076,SP001677
R00076,SP003020
R00077,SP000111
R00077,SP001609
R00077,SP002857
R00077,SP002858
R00077,SP003485
R00077,SP003488
R00077,SP003492
R00077,SP003590
R00077,SP003617
R00077,SP003676
R00077,SP003678
R00077,SP003686
R00077,SP003692
R00077,SP004209
R00077,SP004565
R00078,SP000112
R00078,SP001872
R00078,SP003665
R00079,SP000115
R00079,SP000131
R00079,SP000982
R00079,SP001665
R00079,SP002289
R00079,SP002797
R00079,SP002803
R00080,SP000116
R00081,SP000119
R00082,SP000122
R00082,SP000274
R00082,SP000494
R00082,SP000694
R00082,SP000697
R00082,SP000702
R00082,SP001593
R00082,SP002302
R00082,SP002641
R00082,SP003869
R00082,SP003980
R00082,SP004117
R00082,SP004465
R00083,SP000123
R00084,SP000125
R00085,SP000127
R00086,SP000130
R00087,SP000132
R00088,SP000134
R00088,SP000175
R00088,SP000692
R00088,SP001440
R00088,SP002004
R00088,SP004100
R00088,SP004108
R00088,SP004113
R00089,SP000135
R00089,SP003436
R00089,SP003751
R00090,SP000136
R00090,SP000192
R00090,SP000209
R00090,SP000631
R00090,SP004375
R00091,SP000137
R00092,SP000138
R00092,SP000761
R00092,SP001629
R00092,SP001681
R00092,SP001778
R00092,SP003915
R00092,SP004591
R00093,SP000139
R00093,SP001284
R00094,SP000140
R00094,SP003701
R00095,SP000141
R00096,SP000142
R00097,SP000143
R00097,SP002157
R00097,SP002176
R00097,SP002247
R00097,SP002262
R00097,SP003062
R00097,SP004218
R00097,SP004576
R00098,SP000144
R00098,SP000152
R00099,SP000146
R00099,SP002097
R00099,SP002136
R00100,SP000147
R00101,SP000148
R00101,SP000961
R00101,SP003398
R00101,SP004474
R00102,SP000149
R00102,SP003250
R00102,SP003562
R00102,SP003970
R00102,SP004263
R00103,SP000150
R00104,SP000151
R00104,SP001412
R00104,SP002268
R00105,SP000153
R00105,SP000176
R00105,SP003226
R00105,SP004296
R00105,SP004581
R00106,SP000155
R00106,SP001992
R00106,SP001995
R00106,SP002669
R00106,SP002998
R00106,SP003768
R00106,SP003770
R00106,SP003773
R00106,SP003782
R00107,SP000156
R00107,SP000186
R00108,SP000157
R00109,SP000158
R00109,SP001211
R00110,SP000159
R00111,SP000160
R00111,SP002286
R00111,SP003573
R00111,SP003985
R00112,SP000161
R00112,SP004264
R00113,SP000162
R00113,SP003405
R00114,SP000163
R00114,SP000172
R00114,SP002084
R00114,SP002229
R00114,SP003323
R00114,SP004009
R00114,SP004033
R00114,SP004044
R00115,SP000164
R00115,SP002758
R00115,SP003974
R00116,SP000165
R00116,SP002006
R00117,SP000166
R00118,SP000167
R00119,SP000169
R00119,SP000188
R00119,SP000984
R00119,SP003781
R00119,SP004106
R00120,SP000171
R00121,SP000173
R00121,SP000197
R00122,SP000177
R00122,SP000334
R00122,SP003024
R00122,SP003107
R00123,SP000178
R00123,SP000888
R00124,SP000179
R00125,SP000180
R00125,SP000185
R00125,SP001031
R00125,SP001056
R00125,SP001064
R00125,SP001893
R00125,SP001895
R00125,SP002910
R00125,SP003122
R00125,SP003425
R00125,SP004537
R00125,SP004538
R00126,SP000181
R00126,SP000347
R00127,SP000182
R00127,SP000229
R00128,SP000183
R00128,SP003806
R00129,SP000187
R00129,SP001726
R00129,SP002354
R00129,SP002757
R00129,SP002762
R00130,SP000189
R00130,SP000205
R00130,SP000560
R00130,SP000565
R00130,SP000570
R00130,SP000610
R00130,SP003292
R00130,SP003707
R00130,SP004451
R00130,SP004500
R00131,SP000191
R00132,SP000193
R00133,SP000200
R00133,SP003239
R00134,SP000201
R00135,SP000202
R00135,SP000224
R00135,SP002685
R00136,SP000203
R00137,SP000204
R00137,SP001898
R00137,SP003823
R00137,SP003825
R00137,SP003827
R00137,SP003830
R00137,SP003835
R00137,SP003848
R00137,SP003850
R00138,SP000207
R00139,SP000208
R00139,SP000495
R00139,SP001812
R00139,SP001944
R00139,SP003718
R00140,SP000210
R00141,SP000211
R00141,SP000232
R00142,SP000213
R00142,SP000241
R00142,SP000249
R00142,SP000251
R00142,SP001670
R00143,SP000214
R00144,SP000215
R00144,SP000704
R00144,SP000708
R00144,SP003777
R00144,SP003778
R00144,SP003785
R00144,SP003787
R00144,SP003791
R00144,SP004095
R00144,SP004425
R00144,SP004428
R00144,SP004439
R00144,SP004442
R00145,SP000216
R00145,SP004140
R00145,SP004293
R00146,SP000217
R00147,SP000218
R00148,SP000219
R00149,SP000220
R00150,SP000221
R00151,SP000222
R00151,SP002077
R00151,SP003685
R00151,SP003747
R00152,SP000223
R00153,SP000225
R00154,SP000228
R00155,SP000230
R00156,SP000231
R00156,SP000312
R00156,SP002465
R00157,SP000233
R00158,SP000235
R00158,SP000240
R00158,SP000297
R00158,SP000311
R00158,SP001640
R00158,SP002792
R00158,SP003190
R00158,SP003410
R00158,SP004159
R00158,SP004182
R00158,SP004233
R00158,SP004563
R00158,SP004635
R00158,SP004637
R00159,SP000236
R00160,SP000237
R00160,SP000255
R00161,SP000238
R00162,SP000239
R00162,SP004504
R00163,SP000242
R00163,SP004247
R00164,SP000243
R00165,SP000244
R00166,SP000245
R00166,SP002688
R00166,SP002989
R00166,SP003270
R00166,SP004447
R00167,SP000246
R00168,SP000247
R00169,SP000250
R00170,SP000252
R00171,SP000253
R00172,SP000254
R00173,SP000256
R00174,SP000257
R00175,SP000258
R00176,SP000259
R00177,SP000260
R00177,SP000904
R00177,SP001827
R00178,SP000261
R00179,SP000262
R00179,SP000502
R00179,SP000559
R00179,SP001993
R00179,SP003776
R00179,SP003779
R00179,SP003792
R00179,SP003796
R00179,SP003893
R00179,SP003897
R00179,SP003902
R00179,SP004316
R00180,SP000263
R00180,SP004436
R00181,SP000264
R00181,SP003653
R00182,SP000265
R00183,SP000267
R00183,SP000268
R00183,SP001952
R00183,SP002087
R00183,SP004448
R00184,SP000269
R00184,SP004454
R00185,SP000270
R00186,SP000271
R00186,SP003581
R00187,SP000272
R00187,SP001468
R00187,SP001470
R00187,SP001477
R00187,SP001485
R00187,SP001508
R00187,SP001520
R00187,SP004104
R00188,SP000273
R00188,SP000760
R00188,SP000784
R00188,SP001141
R00188,SP001144
R00188,SP001661
R00189,SP000275
R00190,SP000276
R00190,SP002689
R00190,SP004329
R00191,SP000277
R00192,SP000278
R00193,SP000279
R00193,SP003964
R00194,SP000280
R00195,SP000281
R00196,SP000282
R00196,SP000294
R00197,SP000283
R00197,SP000285
R00197,SP000296
R00197,SP000303
R00198,SP000284
R00199,SP000286
R00199,SP000639
R00199,SP000945
R00199,SP000971
R00199,SP001001
R00199,SP001002
R00199,SP001005
R00199,SP001015
R00199,SP001077
R00199,SP001083
R00199,SP001092
R00199,SP001239
R00199,SP001241
R00199,SP001255
R00199,SP001291
R00199,SP001295
R00199,SP002276
R00199,SP002965
R00199,SP002980
R00199,SP002983
R00199,SP002986
R00199,SP002991
R00199,SP002992
R00199,SP002995
R00199,SP003006
R00199,SP003014
R00199,SP003026
R00199,SP003130
R00199,SP003179
R00199,SP003294
R00199,SP003298
R00199,SP003675
R00199,SP003677
R00199,SP003756
R00199,SP004020
R00199,SP004086
R00200,SP000287
R00201,SP000288
R00202,SP000289
R00203,SP000290
R00203,SP002233
R00203,SP003696
R00204,SP000291
R00205,SP000292
R00206,SP000293
R00206,SP000299
R00206,SP000301
R00206,SP000740
R00206,SP000759
R00206,SP003670
R00206,SP004097
R00206,SP004229
R00206,SP004426
R00206,SP004526
R00207,SP000295
R00207,SP001251
R00208,SP000300
R00209,SP000302
R00210,SP000304
R00211,SP000306
R00212,SP000307
R00212,SP000723
R00212,SP002963
R00212,SP003236
R00213,SP000308
R00214,SP000309
R00214,SP002550
R00214,SP002558
R00215,SP000310
R00216,SP000314
R00217,SP000315
R00217,SP000573
R00217,SP000575
R00217,SP001121
R00217,SP001499
R00217,SP001501
R00217,SP001504
R00217,SP002023
R00217,SP002028
R00217,SP002033
R00217,SP003303
R00217,SP003549
R00217,SP003599
R00217,SP003991
R00217,SP003992
R00217,SP003994
R00217,SP003996
R00217,SP004155
R00217,SP004339
R00217,SP004341
R00218,SP000316
R00218,SP000320
R00218,SP000330
R00218,SP001763
R00218,SP003161
R00219,SP000317
R00220,SP000318
R00220,SP001209
R00220,SP001352
R00221,SP000319
R00221,SP000718
R00221,SP000783
R00221,SP000787
R00221,SP000791
R00221,SP004605
R00221,SP004613
R00222,SP000321
R00222,SP000323
R00222,SP000327
R00222,SP000329
R00222,SP001108
R00222,SP001109
R00222,SP001118
R00222,SP002466
R00223,SP000322
R00224,SP000324
R00224,SP000438
R00225,SP000325
R00226,SP000331
R00227,SP000332
R00228,SP000333
R00228,SP000666
R00228,SP000688
R00228,SP000696
R00228,SP000701
R00228,SP000705
R00228,SP002726
R00228,SP003313
R00229,SP000335
R00230,SP000336
R00231,SP000338
R00231,SP000386
R00231,SP001000
R00231,SP001733
R00231,SP002945
R00231,SP003695
R00232,SP000339
R00233,SP000340
R00233,SP001337
R00234,SP000341
R00235,SP000342
R00236,SP000343
R00236,SP003560
R00237,SP000344
R00238,SP000345
R00238,SP001125
R00238,SP002195
R00238,SP003595
R00238,SP003822
R00239,SP000346
R00239,SP000378
R00239,SP001115
R00239,SP001298
R00239,SP001595
R00239,SP002578
R00239,SP003029
R00240,SP000348
R00240,SP003033
R00241,SP000350
R00241,SP003694
R00242,SP000351
R00242,SP002096
R00242,SP002206
R00242,SP002444
R00243,SP000352
R00244,SP000353
R00245,SP000354
R00246,SP000355
R00246,SP000553
R00246,SP004162
R00247,SP000356
R00248,SP000357
R00248,SP000946
R00249,SP000358
R00249,SP003687
R00250,SP000359
R00251,SP000360
R00252,SP000361
R00252,SP000444
R00252,SP000909
R00252,SP001619
R00252,SP001698
R00253,SP000362
R00253,SP001026
R00253,SP001042
R00253,SP001734
R00253,SP002173
R00253,SP002256
R00253,SP002498
R00253,SP002506
R00253,SP002516
R00253,SP002725
R00253,SP002810
R00253,SP003249
R00254,SP000363
R00254,SP000376
R00254,SP002915
R00254,SP003117
R00254,SP003458
R00255,SP000365
R00256,SP000366
R00256,SP003218
R00256,SP003252
R00256,SP003664
R00256,SP004404
R00256,SP004618
R00257,SP000367
R00258,SP000368
R00258,SP000665
R00259,SP000369
R00259,SP000457
R00259,SP000461
R00259,SP000464
R00260,SP000370
R00260,SP000954
R00261,SP000371
R00262,SP000372
R00262,SP002275
R00263,SP000373
R00264,SP000374
R00265,SP000375
R00266,SP000377
R00266,SP001055
R00266,SP001127
R00266,SP001129
R00266,SP001140
R00266,SP003472
R00266,SP003502
R00267,SP000379
R00268,SP000380
R00269,SP000381
R00270,SP000382
R00270,SP004253
R00271,SP000383
R00271,SP002168
R00271,SP004217
R00271,SP004574
R00271,SP004579
R00272,SP000384
R00273,SP000385
R00274,SP000387
R00275,SP000388
R00276,SP000389
R00277,SP000390
R00278,SP000391
R00279,SP000393
R00280,SP000394
R00280,SP001955
R00281,SP000395
R00282,SP000396
R00282,SP001151
R00282,SP003305
R00283,SP000397
R00283,SP000549
R00283,SP001459
R00283,SP001666
R00283,SP001669
R00283,SP001672
R00283,SP001774
R00283,SP003253
R00283,SP003266
R00283,SP003377
R00283,SP004023
R00284,SP000399
R00284,SP004002
R00285,SP000400
R00286,SP000402
R00286,SP001598
R00287,SP000403
R00288,SP000404
R00289,SP000405
R00289,SP003681
R00289,SP003774
R00289,SP003892
R00290,SP000406
R00290,SP001641
R00290,SP004011
R00290,SP004377
R00291,SP000407
R00292,SP000408
R00293,SP000409
R00293,SP001339
R00293,SP002145
R00293,SP002146
R00293,SP004090
R00294,SP000410
R00295,SP000411
R00296,SP000412
R00296,SP000415
R00296,SP000432
R00296,SP000684
R00296,SP000717
R00296,SP001820
R00296,SP002994
R00296,SP003423
R00297,SP000414
R00298,SP000416
R00298,SP002645
R00298,SP002650
R00298,SP002652
R00298,SP004047
R00299,SP000417
R00300,SP000418
R00301,SP000419
R00302,SP000420
R00302,SP002812
R00303,SP000421
R00303,SP000454
R00304,SP000422
R00304,SP001004
R00304,SP002674
R00305,SP000423
R00306,SP000424
R00306,SP004408
R00307,SP000425
R00307,SP000433
R00307,SP001135
R00307,SP001401
R00307,SP003088
R00307,SP003551
R00307,SP003553
R00307,SP003565
R00307,SP004368
R00308,SP000426
R00309,SP000427
R00310,SP000429
R00311,SP000430
R00311,SP001592
R00311,SP001792
R00311,SP002081
R00311,SP003111
R00311,SP004026
R00312,SP000434
R00313,SP000435
R00313,SP004187
R00314,SP000436
R00315,SP000437
R00316,SP000439
R00316,SP000593
R00316,SP000652
R00316,SP001110
R00316,SP002149
R00316,SP003074
R00317,SP000440
R00317,SP000446
R00317,SP001179
R00317,SP001204
R00317,SP002990
R00317,SP004250
R00318,SP000441
R00318,SP000671
R00319,SP000442
R00319,SP000991
R00319,SP002493
R00319,SP002494
R00319,SP002502
R00319,SP002602
R00319,SP002623
R00319,SP002765
R00319,SP002973
R00319,SP003030
R00319,SP003175
R00319,SP004237
R00320,SP000443
R00321,SP000445
R00321,SP000537
R00321,SP001429
R00321,SP001671
R00321,SP001674
R00321,SP001676
R00321,SP001680
R00321,SP001876
R00321,SP001877
R00321,SP002344
R00321,SP002854
R00321,SP002942
R00321,SP002958
R00321,SP003384
R00321,SP003476
R00321,SP004602
R00322,SP000447
R00322,SP001374
R00322,SP001376
R00323,SP000448
R00323,SP001415
R00323,SP004150
R00323,SP004561
R00324,SP000449
R00324,SP000451
R00324,SP002492
R00324,SP002520
R00324,SP002811
R00324,SP002814
R00324,SP002815
R00325,SP000452
R00325,SP000456
R00326,SP000453
R00326,SP003044
R00326,SP003189
R00327,SP000455
R00328,SP000458
R00328,SP000772
R00328,SP002933
R00329,SP000459
R00329,SP000672
R00329,SP000673
R00329,SP001213
R00329,SP001844
R00329,SP001845
R00329,SP002488
R00329,SP003903
R00329,SP004466
R00330,SP000460
R00331,SP000463
R00331,SP000944
R00331,SP001030
R00331,SP001041
R00331,SP001068
R00331,SP001071
R00331,SP001186
R00331,SP001187
R00331,SP001190
R00331,SP001194
R00331,SP001197
R00331,SP001198
R00331,SP001206
R00331,SP001217
R00331,SP001227
R00331,SP001233
R00331,SP003109
R00331,SP003844
R00331,SP003846
R00331,SP003849
R00331,SP003851
R00331,SP004198
R00332,SP000465
R00332,SP001706
R00333,SP000466
R00334,SP000467
R00334,SP000508
R00334,SP000714
R00335,SP000468
R00336,SP000469
R00336,SP001846
R00336,SP001847
R00336,SP002697
R00336,SP002948
R00336,SP003953
R00336,SP004275
R00336,SP004379
R00336,SP004518
R00336,SP004628
R00337,SP000470
R00337,SP001689
R00338,SP000471
R00338,SP000473
R00338,SP000475
R00339,SP000472
R00339,SP001150
R00340,SP000474
R00340,SP001616
R00340,SP001684
R00341,SP000476
R00341,SP001405
R00341,SP001413
R00341,SP003374
R00342,SP000478
R00342,SP002278
R00342,SP003435
R00343,SP000479
R00343,SP000491
R00343,SP000498
R00343,SP000503
R00343,SP000551
R00343,SP003059
R00343,SP003378
R00343,SP004534
R00343,SP004587
R00343,SP004640
R00344,SP000480
R00344,SP001396
R00344,SP001397
R00344,SP001398
R00344,SP001399
R00344,SP001735
R00344,SP004096
R00345,SP000481
R00345,SP000487
R00345,SP000496
R00345,SP000556
R00345,SP004588
R00346,SP000482
R00347,SP000483
R00347,SP001434
R00347,SP001462
R00347,SP001645
R00347,SP002628
R00347,SP003251
R00347,SP003381
R00348,SP000484
R00348,SP000493
R00348,SP002415
R00348,SP002423
R00348,SP002644
R00348,SP003409
R00348,SP003532
R00349,SP000485
R00350,SP000486
R00350,SP002357
R00350,SP002359
R00350,SP002366
R00350,SP002369
R00350,SP002371
R00350,SP004513
R00351,SP000488
R00352,SP000489
R00352,SP001500
R00353,SP000490
R00353,SP001525
R00353,SP001528
R00354,SP000492
R00355,SP000497
R00355,SP002051
R00355,SP002063
R00356,SP000499
R00357,SP000500
R00358,SP000501
R00358,SP002530
R00358,SP002562
R00358,SP003512
R00358,SP003529
R00358,SP003571
R00359,SP000504
R00359,SP002934
R00359,SP002935
R00360,SP000505
R00360,SP001863
R00360,SP004276
R00361,SP000506
R00362,SP000507
R00362,SP002121
R00362,SP002122
R00362,SP002309
R00362,SP002864
R00362,SP003443
R00362,SP003875
R00363,SP000509
R00364,SP000510
R00365,SP000511
R00366,SP000512
R00367,SP000513
R00368,SP000514
R00369,SP000515
R00369,SP001644
R00370,SP000516
R00370,SP001054
R00370,SP001300
R00371,SP000517
R00371,SP002671
R00371,SP002677
R00371,SP003514
R00371,SP003517
R00371,SP004333
R00372,SP000518
R00372,SP000550
R00372,SP000558
R00372,SP001152
R00372,SP001156
R00372,SP001165
R00372,SP001167
R00372,SP001168
R00372,SP001542
R00372,SP001556
R00372,SP002411
R00372,SP002570
R00372,SP003285
R00372,SP003415
R00372,SP003513
R00372,SP004093
R00372,SP004167
R00373,SP000519
R00374,SP000520
R00374,SP002187
R00375,SP000523
R00375,SP002027
R00375,SP004305
R00376,SP000524
R00377,SP000525
R00378,SP000526
R00378,SP000528
R00378,SP002694
R00378,SP003001
R00378,SP003003
R00378,SP003916
R00378,SP004206
R00378,SP004235
R00379,SP000527
R00379,SP001522
R00380,SP000530
R00381,SP000532
R00382,SP000534
R00382,SP001318
R00382,SP003060
R00382,SP003369
R00383,SP000535
R00383,SP001941
R00383,SP002038
R00383,SP002475
R00383,SP003229
R00384,SP000536
R00384,SP000557
R00384,SP000594
R00384,SP000611
R00385,SP000538
R00385,SP000891
R00386,SP000539
R00387,SP000540
R00387,SP002312
R00387,SP003441
R00387,SP003811
R00388,SP000541
R00388,SP004373
R00389,SP000542
R00390,SP000543
R00390,SP001287
R00390,SP002611
R00391,SP000544
R00392,SP000545
R00393,SP000546
R00394,SP000547
R00394,SP004258
R00395,SP000548
R00395,SP002065
R00395,SP002066
R00396,SP000554
R00396,SP000612
R00396,SP004102
R00397,SP000561
R00398,SP000562
R00398,SP000978
R00398,SP001203
R00398,SP003055
R00399,SP000563
R00399,SP003913
R00400,SP000564
R00401,SP000566
R00402,SP000567
R00403,SP000568
R00403,SP001637
R00403,SP002522
R00404,SP000569
R00405,SP000571
R00406,SP000572
R00407,SP000574
R00408,SP000577
R00409,SP000578
R00409,SP000661
R00409,SP000678
R00409,SP000719
R00409,SP001561
R00409,SP002978
R00409,SP003048
R00409,SP003058
R00409,SP003072
R00409,SP003075
R00409,SP003134
R00409,SP003279
R00409,SP003960
R00409,SP004138
R00410,SP000580
R00411,SP000582
R00412,SP000583
R00413,SP000584
R00413,SP000587
R00413,SP000599
R00413,SP000602
R00413,SP000620
R00413,SP000654
R00413,SP000951
R00413,SP000953
R00413,SP000960
R00413,SP000964
R00413,SP001887
R00413,SP003152
R00413,SP003155
R00413,SP003334
R00413,SP003576
R00414,SP000585
R00415,SP000586
R00416,SP000589
R00416,SP001013
R00416,SP001608
R00417,SP000590
R00417,SP000972
R00417,SP001219
R00417,SP003038
R00417,SP003509
R00418,SP000591
R00418,SP002826
R00418,SP002828
R00418,SP003057
R00419,SP000592
R00420,SP000595
R00421,SP000596
R00422,SP000597
R00422,SP000603
R00422,SP001511
R00422,SP001514
R00422,SP002281
R00422,SP002293
R00422,SP003413
R00423,SP000598
R00424,SP000600
R00425,SP000601
R00426,SP000604
R00426,SP002123
R00426,SP002323
R00426,SP004372
R00427,SP000606
R00427,SP004101
R00428,SP000608
R00429,SP000613
R00429,SP000650
R00429,SP004486
R00430,SP000614
R00430,SP002751
R00430,SP004524
R00431,SP000615
R00431,SP000935
R00431,SP001245
R00431,SP001835
R00432,SP000616
R00433,SP000618
R00434,SP000619
R00434,SP002453
R00434,SP002462
R00435,SP000621
R00436,SP000622
R00436,SP003178
R00436,SP003206
R00436,SP003263
R00436,SP004398
R00437,SP000623
R00437,SP002377
R00437,SP003609
R00438,SP000624
R00439,SP000625
R00440,SP000626
R00440,SP001679
R00440,SP001693
R00440,SP002622
R00440,SP004468
R00441,SP000628
R00441,SP000712
R00441,SP000737
R00441,SP003705
R00442,SP000629
R00443,SP000630
R00444,SP000632
R00444,SP000638
R00444,SP000643
R00444,SP000649
R00444,SP003328
R00445,SP000633
R00446,SP000635
R00447,SP000636
R00448,SP000637
R00449,SP000640
R00449,SP003041
R00449,SP003526
R00449,SP003531
R00449,SP003736
R00450,SP000641
R00451,SP000642
R00451,SP001051
R00451,SP003759
R00451,SP004505
R00452,SP000646
R00452,SP001830
R00452,SP003454
R00453,SP000647
R00453,SP000731
R00453,SP003083
R00454,SP000648
R00454,SP000757
R00454,SP000795
R00454,SP000970
R00454,SP001541
R00454,SP001777
R00454,SP003754
R00454,SP004459
R00455,SP000653
R00455,SP001628
R00455,SP002336
R00455,SP002402
R00455,SP002404
R00455,SP002649
R00455,SP002658
R00455,SP002663
R00455,SP003371
R00455,SP003649
R00455,SP004277
R00455,SP004492
R00455,SP004494
R00456,SP000656
R00457,SP000657
R00457,SP000660
R00457,SP000769
R00457,SP001012
R00457,SP002166
R00457,SP003102
R00457,SP004241
R00457,SP004592
R00458,SP000658
R00458,SP001513
R00459,SP000662
R00459,SP002577
R00459,SP002601
R00459,SP004037
R00460,SP000663
R00460,SP002552
R00460,SP003555
R00460,SP003567
R00461,SP000664
R00462,SP000669
R00463,SP000674
R00464,SP000675
R00464,SP001006
R00464,SP001946
R00464,SP002067
R00464,SP004319
R00464,SP004321
R00465,SP000676
R00465,SP000988
R00465,SP001196
R00465,SP001562
R00465,SP001657
R00465,SP001659
R00465,SP001667
R00465,SP001683
R00465,SP001878
R00465,SP004589
R00466,SP000677
R00466,SP000706
R00466,SP002679
R00467,SP000680
R00467,SP000860
R00467,SP000863
R00467,SP000867
R00467,SP000875
R00467,SP000877
R00467,SP000878
R00467,SP000883
R00467,SP000887
R00467,SP000890
R00467,SP000895
R00467,SP000896
R00467,SP003167
R00467,SP004297
R00467,SP004298
R00467,SP004300
R00468,SP000681
R00468,SP001648
R00468,SP002307
R00469,SP000682
R00469,SP001565
R00469,SP003243
R00469,SP003281
R00469,SP004531
R00469,SP004536
R00470,SP000683
R00470,SP003542
R00470,SP003986
R00471,SP000685
R00471,SP002794
R00472,SP000686
R00473,SP000687
R00473,SP001149
R00473,SP001563
R00473,SP001991
R00473,SP003042
R00473,SP003146
R00473,SP003157
R00474,SP000690
R00475,SP000691
R00476,SP000693
R00477,SP000695
R00478,SP000699
R00479,SP000703
R00480,SP000707
R00480,SP002438
R00480,SP003008
R00480,SP003650
R00480,SP003901
R00480,SP003907
R00480,SP003909
R00480,SP003912
R00480,SP004222
R00480,SP004290
R00481,SP000709
R00482,SP000710
R00483,SP000711
R00484,SP000713
R00484,SP002716
R00484,SP002795
R00485,SP000715
R00485,SP001072
R00485,SP004604
R00486,SP000716
R00486,SP000915
R00486,SP003723
R00487,SP000720
R00488,SP000721
R00489,SP000722
R00490,SP000724
R00491,SP000725
R00491,SP000905
R00491,SP001142
R00491,SP003314
R00491,SP003479
R00492,SP000726
R00492,SP004386
R00493,SP000727
R00494,SP000728
R00494,SP000746
R00494,SP001617
R00494,SP002188
R00495,SP000729
R00496,SP000730
R00497,SP000732
R00498,SP000733
R00498,SP001566
R00499,SP000734
R00500,SP000735
R00501,SP000736
R00502,SP000738
R00502,SP000821
R00503,SP000739
R00503,SP000941
R00504,SP000741
R00505,SP000742
R00505,SP001265
R00506,SP000743
R00506,SP001963
R00507,SP000744
R00508,SP000745
R00508,SP000754
R00508,SP003724
R00509,SP000747
R00509,SP002708
R00510,SP000748
R00511,SP000749
R00511,SP000816
R00511,SP000824
R00512,SP000751
R00513,SP000752
R00513,SP002561
R00513,SP002563
R00513,SP002564
R00513,SP002580
R00513,SP002581
R00513,SP004172
R00514,SP000753
R00514,SP002775
R00514,SP003720
R00515,SP000755
R00516,SP000756
R00516,SP002505
R00516,SP002969
R00517,SP000758
R00517,SP001857
R00517,SP001861
R00517,SP002277
R00517,SP002476
R00517,SP002996
R00517,SP003000
R00517,SP003147
R00517,SP003149
R00517,SP003552
R00517,SP004120
R00517,SP004126
R00517,SP004128
R00518,SP000762
R00519,SP000763
R00519,SP002469
R00519,SP002472
R00520,SP000764
R00520,SP001112
R00520,SP001756
R00520,SP001759
R00521,SP000765
R00521,SP003979
R00521,SP004212
R00522,SP000766
R00522,SP003200
R00523,SP000767
R00524,SP000768
R00524,SP000770
R00525,SP000771
R00525,SP003248
R00526,SP000773
R00526,SP000894
R00526,SP002931
R00526,SP003463
R00527,SP000774
R00527,SP000906
R00527,SP001736
R00527,SP002950
R00527,SP004042
R00528,SP000775
R00529,SP000776
R00530,SP000777
R00530,SP001200
R00530,SP001226
R00530,SP001228
R00530,SP001336
R00530,SP001550
R00530,SP002809
R00530,SP003550
R00530,SP004552
R00531,SP000778
R00532,SP000781
R00532,SP000834
R00533,SP000782
R00534,SP000785
R00535,SP000786
R00535,SP000789
R00536,SP000788
R00536,SP002941
R00536,SP004493
R00536,SP004501
R00537,SP000790
R00537,SP000792
R00537,SP000806
R00538,SP000793
R00539,SP000794
R00540,SP000796
R00540,SP000814
R00541,SP000797
R00542,SP000798
R00543,SP000800
R00544,SP000802
R00545,SP000803
R00546,SP000804
R00546,SP000955
R00547,SP000805
R00548,SP000807
R00549,SP000808
R00550,SP000809
R00550,SP001822
R00550,SP002137
R00550,SP002867
R00550,SP003367
R00551,SP000810
R00552,SP000811
R00553,SP000812
R00554,SP000813
R00555,SP000815
R00556,SP000817
R00556,SP000833
R00556,SP000898
R00557,SP000818
R00558,SP000819
R00559,SP000820
R00559,SP001326
R00559,SP001909
R00559,SP003203
R00559,SP003748
R00560,SP000822
R00561,SP000823
R00561,SP002835
R00561,SP003336
R00562,SP000825
R00562,SP001537
R00562,SP001953
R00562,SP002636
R00562,SP003145
R00563,SP000826
R00564,SP000827
R00564,SP002405
R00565,SP000828
R00565,SP003604
R00566,SP000829
R00567,SP000830
R00568,SP000831
R00568,SP001642
R00568,SP002839
R00568,SP003586
R00569,SP000832
R00570,SP000836
R00570,SP001330
R00571,SP000837
R00571,SP000839
R00571,SP000850
R00571,SP000859
R00572,SP000838
R00573,SP000841
R00573,SP001230
R00574,SP000842
R00574,SP003396
R00574,SP004620
R00575,SP000843
R00575,SP001081
R00575,SP001718
R00575,SP001762
R00575,SP003228
R00575,SP003838
R00576,SP000844
R00577,SP000845
R00578,SP000846
R00578,SP002704
R00578,SP004378
R00579,SP000847
R00579,SP001789
R00579,SP002882
R00579,SP003605
R00579,SP003612
R00579,SP003990
R00580,SP000849
R00581,SP000851
R00581,SP003346
R00581,SP004019
R00582,SP000852
R00582,SP001417
R00582,SP001423
R00582,SP001543
R00582,SP001568
R00582,SP001621
R00582,SP001622
R00582,SP001624
R00582,SP001626
R00582,SP001627
R00582,SP002263
R00582,SP002264
R00582,SP002265
R00582,SP003365
R00582,SP003366
R00582,SP003368
R00582,SP003372
R00582,SP003616
R00582,SP003651
R00583,SP000853
R00583,SP002407
R00583,SP002541
R00584,SP000854
R00585,SP000855
R00586,SP000856
R00587,SP000857
R00587,SP003672
R00588,SP000861
R00589,SP000864
R00590,SP000865
R00590,SP001787
R00590,SP002269
R00590,SP002840
R00590,SP003654
R00591,SP000866
R00592,SP000869
R00592,SP000873
R00592,SP002573
R00592,SP002860
R00592,SP002893
R00592,SP002902
R00592,SP003061
R00592,SP003495
R00592,SP003525
R00592,SP003619
R00592,SP004084
R00592,SP004294
R00593,SP000870
R00593,SP001067
R00593,SP004274
R00594,SP000871
R00594,SP001290
R00594,SP003693
R00595,SP000872
R00596,SP000874
R00597,SP000876
R00598,SP000879
R00599,SP000880
R00599,SP000881
R00599,SP000929
R00599,SP001095
R00599,SP001747
R00599,SP001750
R00600,SP000884
R00600,SP001591
R00600,SP003470
R00600,SP003474
R00600,SP003744
R00601,SP000886
R00601,SP001229
R00601,SP001246
R00601,SP001371
R00601,SP001957
R00602,SP000889
R00602,SP001804
R00602,SP002078
R00602,SP002646
R00603,SP000893
R00604,SP000897
R00604,SP000899
R00604,SP002420
R00605,SP000900
R00605,SP001049
R00605,SP001134
R00605,SP001907
R00605,SP003362
R00605,SP003467
R00605,SP004262
R00606,SP000901
R00607,SP000902
R00608,SP000903
R00609,SP000907
R00609,SP000913
R00610,SP000908
R00610,SP000922
R00610,SP000986
R00610,SP002979
R00610,SP003156
R00610,SP003188
R00610,SP003315
R00610,SP003760
R00611,SP000910
R00612,SP000911
R00613,SP000912
R00614,SP000914
R00614,SP002844
R00614,SP002846
R00615,SP000916
R00616,SP000917
R00617,SP000918
R00617,SP003012
R00618,SP000919
R00619,SP000921
R00620,SP000923
R00620,SP000937
R00620,SP001177
R00620,SP002904
R00620,SP004078
R00621,SP000924
R00622,SP000925
R00623,SP000926
R00624,SP000927
R00625,SP000928
R00625,SP004623
R00626,SP000931
R00626,SP000932
R00626,SP001294
R00626,SP002241
R00626,SP003842
R00627,SP000933
R00627,SP001048
R00627,SP002503
R00627,SP003812
R00627,SP004147
R00627,SP004595
R00628,SP000934
R00628,SP001472
R00628,SP003660
R00628,SP003929
R00628,SP003935
R00628,SP004171
R00628,SP004176
R00628,SP004210
R00628,SP004278
R00629,SP000936
R00629,SP000938
R00629,SP001297
R00630,SP000939
R00631,SP000940
R00631,SP000942
R00631,SP000943
R00631,SP001249
R00631,SP001260
R00631,SP001263
R00631,SP002944
R00632,SP000947
R00632,SP003283
R00632,SP003556
R00632,SP003640
R00632,SP004554
R00633,SP000948
R00634,SP000949
R00634,SP000963
R00634,SP000967
R00634,SP000974
R00634,SP001740
R00634,SP003076
R00635,SP000956
R00636,SP000957
R00637,SP000959
R00638,SP000962
R00638,SP003046
R00638,SP003882
R00638,SP003967
R00638,SP004063
R00639,SP000965
R00640,SP000966
R00640,SP001350
R00640,SP002517
R00640,SP003711
R00640,SP004118
R00640,SP004489
R00640,SP004503
R00640,SP004572
R00640,SP004585
R00641,SP000968
R00641,SP004252
R00642,SP000969
R00643,SP000973
R00643,SP003523
R00644,SP000975
R00645,SP000976
R00646,SP000977
R00647,SP000979
R00647,SP002612
R00647,SP004205
R00648,SP000980
R00649,SP000981
R00650,SP000983
R00651,SP000985
R00651,SP003316
R00651,SP003998
R00652,SP000987
R00652,SP001009
R00652,SP003208
R00653,SP000989
R00654,SP000990
R00654,SP000996
R00654,SP002900
R00655,SP000992
R00656,SP000993
R00657,SP000994
R00657,SP001139
R00657,SP001730
R00657,SP001858
R00657,SP001867
R00657,SP003439
R00658,SP000995
R00658,SP002967
R00659,SP000997
R00660,SP001008
R00660,SP001010
R00660,SP002171
R00660,SP002185
R00660,SP002754
R00660,SP002780
R00660,SP002782
R00660,SP003025
R00660,SP003287
R00660,SP003515
R00661,SP001011
R00661,SP001431
R00661,SP001463
R00661,SP001635
R00661,SP002095
R00661,SP002243
R00661,SP002607
R00662,SP001014
R00662,SP001040
R00662,SP001816
R00662,SP003128
R00663,SP001016
R00664,SP001017
R00664,SP001021
R00665,SP001018
R00665,SP001032
R00666,SP001019
R00667,SP001022
R00667,SP001029
R00668,SP001024
R00668,SP001033
R00669,SP001025
R00670,SP001027
R00671,SP001028
R00672,SP001034
R00673,SP001035
R00673,SP003987
R00674,SP001036
R00675,SP001037
R00676,SP001038
R00677,SP001039
R00678,SP001043
R00679,SP001045
R00680,SP001046
R00681,SP001050
R00682,SP001052
R00682,SP001128
R00683,SP001053
R00684,SP001057
R00685,SP001058
R00685,SP001060
R00686,SP001059
R00687,SP001061
R00687,SP001070
R00687,SP002073
R00687,SP002075
R00687,SP002294
R00687,SP002373
R00687,SP003810
R00687,SP004310
R00687,SP004615
R00688,SP001062
R00688,SP002822
R00689,SP001063
R00690,SP001065
R00690,SP001076
R00690,SP001086
R00690,SP001100
R00690,SP001578
R00690,SP001655
R00690,SP002068
R00690,SP003116
R00691,SP001066
R00692,SP001069
R00692,SP003889
R00693,SP001073
R00693,SP002951
R00694,SP001074
R00695,SP001075
R00695,SP001572
R00695,SP001575
R00695,SP001579
R00695,SP001597
R00696,SP001078
R00697,SP001079
R00698,SP001080
R00699,SP001082
R00699,SP001282
R00699,SP001289
R00699,SP001829
R00699,SP001831
R00699,SP003557
R00700,SP001084
R00701,SP001085
R00702,SP001087
R00702,SP003554
R00703,SP001088
R00704,SP001089
R00704,SP001090
R00704,SP002715
R00704,SP004228
R00704,SP004317
R00704,SP004382
R00705,SP001091
R00705,SP001358
R00705,SP001889
R00705,SP002055
R00706,SP001093
R00706,SP002481
R00707,SP001094
R00707,SP001678
R00707,SP001690
R00707,SP001695
R00707,SP001703
R00707,SP002144
R00707,SP002297
R00707,SP002299
R00707,SP002342
R00707,SP002753
R00707,SP003174
R00707,SP003376
R00708,SP001096
R00709,SP001097
R00709,SP001126
R00709,SP001147
R00709,SP001207
R00709,SP002956
R00709,SP004061
R00710,SP001098
R00711,SP001099
R00711,SP001201
R00711,SP003872
R00711,SP004266
R00712,SP001101
R00713,SP001102
R00714,SP001103
R00714,SP001529
R00715,SP001104
R00716,SP001105
R00717,SP001106
R00717,SP004455
R00718,SP001107
R00718,SP001321
R00718,SP001386
R00718,SP001582
R00718,SP003288
R00719,SP001111
R00720,SP001113
R00720,SP002735
R00721,SP001114
R00722,SP001116
R00723,SP001117
R00724,SP001119
R00724,SP002625
R00724,SP004541
R00725,SP001122
R00725,SP001124
R00725,SP003123
R00725,SP003939
R00726,SP001123
R00726,SP001652
R00726,SP003131
R00727,SP001130
R00727,SP001133
R00727,SP002025
R00727,SP002030
R00727,SP002191
R00727,SP002834
R00728,SP001131
R00728,SP003386
R00729,SP001132
R00729,SP004057
R00730,SP001136
R00731,SP001143
R00731,SP001195
R00732,SP001145
R00733,SP001146
R00733,SP001153
R00733,SP001192
R00734,SP001148
R00735,SP001154
R00736,SP001155
R00737,SP001157
R00737,SP001389
R00737,SP001742
R00737,SP001744
R00737,SP001849
R00737,SP001850
R00738,SP001158
R00739,SP001159
R00739,SP004226
R00740,SP001160
R00741,SP001161
R00742,SP001163
R00742,SP001171
R00742,SP002189
R00742,SP003067
R00742,SP003069
R00742,SP003070
R00742,SP003073
R00742,SP003500
R00742,SP004135
R00743,SP001164
R00743,SP001169
R00744,SP001166
R00745,SP001170
R00745,SP001791
R00745,SP004611
R00746,SP001172
R00746,SP001181
R00746,SP001382
R00746,SP003871
R00746,SP003917
R00747,SP001173
R00747,SP001175
R00747,SP001796
R00747,SP001798
R00747,SP001882
R00747,SP003035
R00747,SP003511
R00747,SP003545
R00748,SP001174
R00748,SP002013
R00749,SP001176
R00749,SP001605
R00749,SP002317
R00749,SP002335
R00749,SP002940
R00749,SP003855
R00749,SP003859
R00750,SP001178
R00750,SP001869
R00750,SP001940
R00750,SP002148
R00751,SP001180
R00752,SP001182
R00753,SP001183
R00753,SP003478
R00754,SP001184
R00754,SP004088
R00755,SP001185
R00756,SP001188
R00757,SP001189
R00758,SP001191
R00758,SP003220
R00759,SP001193
R00759,SP003949
R00760,SP001199
R00760,SP002819
R00761,SP001202
R00762,SP001205
R00762,SP001510
R00762,SP001611
R00762,SP001782
R00762,SP003019
R00762,SP004414
R00763,SP001208
R00764,SP001210
R00764,SP002539
R00764,SP003043
R00765,SP001212
R00765,SP002661
R00765,SP004490
R00766,SP001214
R00767,SP001215
R00768,SP001216
R00768,SP001222
R00768,SP001428
R00769,SP001218
R00769,SP002536
R00769,SP002546
R00769,SP003559
R00770,SP001220
R00771,SP001221
R00772,SP001223
R00773,SP001224
R00773,SP001248
R00774,SP001225
R00775,SP001231
R00776,SP001232
R00776,SP001458
R00776,SP001483
R00776,SP002610
R00777,SP001234
R00778,SP001235
R00779,SP001236
R00780,SP001237
R00780,SP001427
R00780,SP001505
R00780,SP001530
R00781,SP001238
R00782,SP001240
R00782,SP001247
R00782,SP003918
R00783,SP001242
R00783,SP001244
R00783,SP001286
R00783,SP001299
R00784,SP001243
R00785,SP001250
R00786,SP001253
R00787,SP001254
R00787,SP003977
R00788,SP001256
R00788,SP001473
R00789,SP001257
R00790,SP001258
R00790,SP001874
R00790,SP002964
R00791,SP001259
R00791,SP001261
R00791,SP001279
R00791,SP001285
R00792,SP001262
R00793,SP001264
R00794,SP001266
R00795,SP001267
R00796,SP001268
R00796,SP003578
R00796,SP003620
R00796,SP003623
R00796,SP003709
R00796,SP003713
R00796,SP003883
R00796,SP003963
R00797,SP001269
R00797,SP001356
R00797,SP001367
R00797,SP003184
R00798,SP001270
R00798,SP001271
R00798,SP001309
R00798,SP001370
R00799,SP001272
R00799,SP001493
R00799,SP003534
R00799,SP004601
R00799,SP004603
R00800,SP001273
R00800,SP001409
R00800,SP001512
R00801,SP001274
R00801,SP001478
R00801,SP003118
R00802,SP001275
R00802,SP001560
R00802,SP001954
R00802,SP003262
R00803,SP001276
R00804,SP001277
R00804,SP001278
R00804,SP001280
R00804,SP001387
R00804,SP001741
R00804,SP001761
R00804,SP003306
R00805,SP001281
R00805,SP001673
R00806,SP001283
R00807,SP001288
R00807,SP001821
R00808,SP001292
R00808,SP001834
R00809,SP001293
R00810,SP001296
R00810,SP003404
R00810,SP004260
R00811,SP001301
R00812,SP001302
R00812,SP001749
R00812,SP003098
R00812,SP003293
R00812,SP003682
R00812,SP004200
R00812,SP004202
R00812,SP004208
R00813,SP001303
R00814,SP001304
R00814,SP002158
R00814,SP003015
R00815,SP001305
R00816,SP001306
R00816,SP001781
R00817,SP001307
R00817,SP002155
R00817,SP002164
R00818,SP001308
R00819,SP001312
R00819,SP001866
R00820,SP001314
R00820,SP001868
R00821,SP001315
R00822,SP001316
R00823,SP001317
R00824,SP001319
R00825,SP001320
R00826,SP001322
R00826,SP003745
R00827,SP001323
R00828,SP001324
R00829,SP001325
R00829,SP002327
R00829,SP002648
R00829,SP004121
R00829,SP004127
R00830,SP001328
R00830,SP001873
R00831,SP001331
R00831,SP001965
R00832,SP001332
R00832,SP001402
R00832,SP001404
R00832,SP001410
R00832,SP001416
R00832,SP001433
R00832,SP001450
R00832,SP001702
R00832,SP002337
R00832,SP002388
R00832,SP002507
R00832,SP002519
R00832,SP002684
R00832,SP003126
R00832,SP003205
R00832,SP003598
R00832,SP003738
R00832,SP003741
R00832,SP003743
R00832,SP003905
R00832,SP003908
R00832,SP003910
R00832,SP003922
R00832,SP003923
R00832,SP003926
R00832,SP003947
R00832,SP003948
R00832,SP003999
R00832,SP004024
R00832,SP004028
R00832,SP004029
R00832,SP004039
R00832,SP004049
R00832,SP004050
R00832,SP004053
R00832,SP004153
R00833,SP001333
R00833,SP002431
R00834,SP001334
R00835,SP001335
R00836,SP001338
R00836,SP001811
R00837,SP001340
R00838,SP001341
R00838,SP001934
R00839,SP001342
R00840,SP001344
R00840,SP001363
R00841,SP001345
R00841,SP001853
R00841,SP002339
R00842,SP001347
R00843,SP001348
R00844,SP001349
R00845,SP001351
R00845,SP001885
R00845,SP003039
R00845,SP003329
R00846,SP001353
R00847,SP001355
R00847,SP002729
R00847,SP004361
R00848,SP001357
R00849,SP001359
R00850,SP001361
R00850,SP001390
R00850,SP003272
R00850,SP003284
R00851,SP001364
R00852,SP001368
R00853,SP001369
R00854,SP001372
R00854,SP001381
R00854,SP001904
R00854,SP001905
R00854,SP002398
R00855,SP001373
R00855,SP004600
R00856,SP001375
R00857,SP001377
R00858,SP001378
R00858,SP003708
R00859,SP001379
R00860,SP001380
R00861,SP001383
R00862,SP001384
R00862,SP002403
R00863,SP001385
R00863,SP002196
R00863,SP002230
R00863,SP003105
R00863,SP003331
R00864,SP001388
R00864,SP001552
R00864,SP001584
R00865,SP001391
R00866,SP001392
R00866,SP001675
R00866,SP003528
R00866,SP003544
R00866,SP003928
R00867,SP001393
R00868,SP001394
R00869,SP001395
R00870,SP001400
R00871,SP001403
R00872,SP001406
R00872,SP002391
R00872,SP002393
R00872,SP002399
R00873,SP001407
R00874,SP001408
R00874,SP003321
R00874,SP003880
R00874,SP003888
R00874,SP004156
R00875,SP001411
R00876,SP001414
R00877,SP001418
R00877,SP003920
R00878,SP001419
R00879,SP001420
R00879,SP001424
R00879,SP001426
R00880,SP001421
R00881,SP001422
R00881,SP003005
R00881,SP004001
R00881,SP004366
R00882,SP001425
R00882,SP004003
R00882,SP004334
R00882,SP004336
R00882,SP004607
R00883,SP001430
R00883,SP003976
R00883,SP003978
R00883,SP003988
R00884,SP001432
R00885,SP001435
R00886,SP001436
R00886,SP001444
R00887,SP001437
R00888,SP001438
R00888,SP004046
R00888,SP004048
R00889,SP001439
R00890,SP001441
R00890,SP004060
R00891,SP001442
R00892,SP001443
R00893,SP001445
R00894,SP001446
R00895,SP001447
R00896,SP001448
R00896,SP001461
R00896,SP001466
R00896,SP001476
R00896,SP001480
R00896,SP002759
R00897,SP001452
R00897,SP002223
R00897,SP002787
R00898,SP001453
R00898,SP002414
R00898,SP002538
R00898,SP002869
R00898,SP003954
R00898,SP003955
R00899,SP001455
R00900,SP001456
R00901,SP001457
R00901,SP001460
R00901,SP001464
R00901,SP001474
R00901,SP002773
R00902,SP001465
R00902,SP001467
R00902,SP002239
R00902,SP003786
R00903,SP001469
R00904,SP001471
R00905,SP001475
R00905,SP001567
R00906,SP001481
R00907,SP001482
R00907,SP001715
R00907,SP001717
R00907,SP002234
R00907,SP004051
R00908,SP001484
R00909,SP001486
R00910,SP001487
R00911,SP001488
R00912,SP001489
R00913,SP001490
R00913,SP001634
R00914,SP001491
R00915,SP001492
R00916,SP001494
R00916,SP001536
R00916,SP002856
R00916,SP003269
R00916,SP003356
R00917,SP001495
R00917,SP003355
R00917,SP003462
R00917,SP003464
R00918,SP001496
R00919,SP001497
R00920,SP001498
R00921,SP001502
R00922,SP001503
R00923,SP001506
R00924,SP001507
R00925,SP001509
R00926,SP001515
R00926,SP001517
R00926,SP003527
R00927,SP001516
R00927,SP001553
R00927,SP002319
R00927,SP002330
R00927,SP002353
R00927,SP002355
R00927,SP003728
R00928,SP001518
R00929,SP001519
R00930,SP001521
R00931,SP001523
R00932,SP001524
R00933,SP001527
R00934,SP001532
R00935,SP001533
R00935,SP001546
R00935,SP001559
R00935,SP002930
R00935,SP003965
R00936,SP001534
R00937,SP001535
R00938,SP001538
R00939,SP001539
R00939,SP002212
R00940,SP001540
R00941,SP001544
R00942,SP001545
R00943,SP001547
R00943,SP001551
R00943,SP003731
R00944,SP001548
R00945,SP001549
R00946,SP001554
R00946,SP001555
R00947,SP001557
R00948,SP001558
R00948,SP001569
R00948,SP001625
R00948,SP003418
R00948,SP004107
R00949,SP001564
R00949,SP003873
R00950,SP001570
R00950,SP001581
R00950,SP002682
R00950,SP003121
R00951,SP001571
R00951,SP002521
R00951,SP002535
R00952,SP001573
R00953,SP001574
R00953,SP002112
R00953,SP002531
R00953,SP002582
R00953,SP003032
R00953,SP003290
R00954,SP001576
R00954,SP002412
R00954,SP002732
R00954,SP002868
R00954,SP004311
R00954,SP004312
R00955,SP001580
R00956,SP001583
R00957,SP001585
R00958,SP001586
R00959,SP001587
R00960,SP001588
R00961,SP001589
R00962,SP001590
R00962,SP001663
R00963,SP001596
R00964,SP001599
R00964,SP002016
R00964,SP002070
R00965,SP001600
R00966,SP001601
R00967,SP001602
R00968,SP001603
R00968,SP001606
R00968,SP001614
R00968,SP001618
R00968,SP001620
R00968,SP001819
R00968,SP002175
R00968,SP002177
R00968,SP002221
R00968,SP002242
R00968,SP002246
R00968,SP002474
R00968,SP002724
R00968,SP002841
R00968,SP003141
R00968,SP003395
R00968,SP003399
R00968,SP003546
R00968,SP003588
R00968,SP003809
R00968,SP003989
R00968,SP004194
R00968,SP004487
R00968,SP004582
R00969,SP001604
R00969,SP001783
R00969,SP001936
R00969,SP002015
R00969,SP003094
R00969,SP003127
R00969,SP003307
R00969,SP004227
R00969,SP004230
R00970,SP001607
R00970,SP002159
R00970,SP003587
R00970,SP004008
R00970,SP004481
R00971,SP001610
R00971,SP001630
R00971,SP002743
R00971,SP002746
R00972,SP001612
R00972,SP001686
R00972,SP001688
R00972,SP002054
R00972,SP002151
R00972,SP002165
R00972,SP002259
R00972,SP002981
R00972,SP003452
R00972,SP003483
R00973,SP001613
R00974,SP001615
R00974,SP001656
R00975,SP001631
R00975,SP001658
R00975,SP002039
R00975,SP003971
R00975,SP004179
R00976,SP001632
R00977,SP001633
R00977,SP001660
R00978,SP001636
R00978,SP001896
R00979,SP001638
R00979,SP001814
R00979,SP003341
R00980,SP001639
R00981,SP001646
R00982,SP001647
R00982,SP001649
R00983,SP001650
R00983,SP003052
R00983,SP003082
R00983,SP003092
R00984,SP001651
R00984,SP004477
R00985,SP001653
R00985,SP002245
R00985,SP003455
R00985,SP003498
R00985,SP004502
R00986,SP001662
R00987,SP001664
R00988,SP001668
R00988,SP003688
R00989,SP001682
R00990,SP001685
R00990,SP001705
R00990,SP002248
R00991,SP001687
R00992,SP001691
R00992,SP002654
R00993,SP001692
R00993,SP002340
R00993,SP002512
R00994,SP001694
R00995,SP001696
R00995,SP003663
R00996,SP001697
R00997,SP001699
R00998,SP001700
R00998,SP001713
R00999,SP001707
R00999,SP002701
R01000,SP001708
R01000,SP002375
R01001,SP001709
R01002,SP001710
R01002,SP002069
R01003,SP001711
R01003,SP002397
R01003,SP003460
R01004,SP001712
R01004,SP002343
R01005,SP001714
R01005,SP003311
R01006,SP001716
R01007,SP001719
R01007,SP001720
R01007,SP001721
R01007,SP001722
R01008,SP001723
R01009,SP001724
R01009,SP002115
R01010,SP001725
R01011,SP001728
R01012,SP001729
R01013,SP001731
R01013,SP001780
R01013,SP004402
R01014,SP001732
R01015,SP001737
R01016,SP001738
R01017,SP001739
R01018,SP001743
R01018,SP002160
R01018,SP002170
R01018,SP004265
R01018,SP004267
R01019,SP001745
R01020,SP001746
R01021,SP001748
R01021,SP003011
R01021,SP003864
R01022,SP001751
R01023,SP001752
R01024,SP001753
R01025,SP001754
R01026,SP001755
R01027,SP001757
R01028,SP001758
R01028,SP002439
R01028,SP003886
R01029,SP001760
R01030,SP001764
R01030,SP002499
R01031,SP001765
R01031,SP002504
R01032,SP001766
R01033,SP001767
R01034,SP001768
R01034,SP002417
R01035,SP001769
R01036,SP001770
R01037,SP001771
R01037,SP002921
R01037,SP002975
R01037,SP003349
R01037,SP003351
R01038,SP001772
R01038,SP003522
R01038,SP003636
R01039,SP001773
R01040,SP001776
R01040,SP002003
R01041,SP001779
R01042,SP001784
R01042,SP003286
R01043,SP001785
R01044,SP001788
R01045,SP001790
R01046,SP001793
R01047,SP001794
R01047,SP002832
R01047,SP003585
R01048,SP001795
R01049,SP001797
R01050,SP001799
R01051,SP001800
R01051,SP004313
R01052,SP001801
R01053,SP001802
R01053,SP001860
R01053,SP002019
R01053,SP002390
R01053,SP003824
R01054,SP001803
R01054,SP002104
R01054,SP002108
R01054,SP003023
R01054,SP003972
R01055,SP001805
R01056,SP001806
R01056,SP003392
R01056,SP004189
R01057,SP001808
R01057,SP003430
R01057,SP004571
R01058,SP001809
R01059,SP001810
R01059,SP001962
R01059,SP002918
R01059,SP002923
R01059,SP002926
R01059,SP002927
R01059,SP004056
R01059,SP004471
R01059,SP004472
R01060,SP001813
R01061,SP001815
R01061,SP003099
R01061,SP003233
R01061,SP004077
R01062,SP001817
R01063,SP001818
R01063,SP002238
R01063,SP002847
R01063,SP003197
R01064,SP001824
R01065,SP001825
R01066,SP001828
R01067,SP001832
R01068,SP001833
R01069,SP001836
R01070,SP001837
R01070,SP001856
R01070,SP002129
R01071,SP001839
R01072,SP001840
R01073,SP001841
R01074,SP001842
R01075,SP001843
R01076,SP001848
R01076,SP002360
R01076,SP002461
R01076,SP004144
R01077,SP001851
R01077,SP002273
R01077,SP004000
R01077,SP004365
R01078,SP001852
R01079,SP001854
R01080,SP001855
R01081,SP001859
R01082,SP001862
R01083,SP001864
R01084,SP001865
R01085,SP001870
R01086,SP001879
R01087,SP001881
R01088,SP001884
R01089,SP001886
R01089,SP002301
R01089,SP002311
R01090,SP001888
R01090,SP004351
R01090,SP004357
R01091,SP001890
R01092,SP001891
R01093,SP001894
R01094,SP001897
R01094,SP003881
R01094,SP003975
R01095,SP001899
R01096,SP001900
R01096,SP003874
R01096,SP003940
R01097,SP001901
R01097,SP004649
R01098,SP001902
R01098,SP002786
R01099,SP001903
R01100,SP001906
R01101,SP001908
R01102,SP001910
R01102,SP002791
R01102,SP003271
R01103,SP001911
R01104,SP001912
R01105,SP001913
R01106,SP001914
R01107,SP001915
R01107,SP001916
R01107,SP001917
R01107,SP002820
R01107,SP002863
R01108,SP001918
R01109,SP001919
R01110,SP001920
R01110,SP001921
R01110,SP001970
R01110,SP002368
R01110,SP002383
R01110,SP002424
R01111,SP001922
R01111,SP001928
R01111,SP001945
R01111,SP001948
R01111,SP002924
R01112,SP001923
R01113,SP001924
R01114,SP001925
R01114,SP002509
R01114,SP002545
R01114,SP002548
R01114,SP002813
R01114,SP002816
R01114,SP002821
R01114,SP002929
R01115,SP001926
R01116,SP001927
R01117,SP001929
R01117,SP001969
R01118,SP001930
R01118,SP001947
R01118,SP001949
R01118,SP002957
R01119,SP001931
R01120,SP001932
R01121,SP001933
R01121,SP001966
R01122,SP001935
R01123,SP001937
R01124,SP001938
R01125,SP001942
R01125,SP002190
R01125,SP002213
R01125,SP002877
R01125,SP002890
R01126,SP001943
R01127,SP001950
R01128,SP001951
R01128,SP003639
R01129,SP001956
R01129,SP002138
R01129,SP002771
R01129,SP003644
R01129,SP004624
R01130,SP001958
R01131,SP001959
R01132,SP001960
R01133,SP001961
R01134,SP001964
R01135,SP001967
R01136,SP001968
R01136,SP004242
R01137,SP001971
R01137,SP004243
R01138,SP001972
R01138,SP002303
R01139,SP001973
R01139,SP001974
R01140,SP001975
R01141,SP001976
R01142,SP001977
R01142,SP002382
R01143,SP001978
R01144,SP001979
R01145,SP001980
R01145,SP001983
R01145,SP002428
R01146,SP001981
R01147,SP001982
R01148,SP001984
R01149,SP001985
R01150,SP001986
R01150,SP003732
R01151,SP001987
R01151,SP002106
R01152,SP001988
R01152,SP003749
R01153,SP001989
R01154,SP001990
R01155,SP001994
R01155,SP003898
R01156,SP001996
R01156,SP002000
R01156,SP003797
R01157,SP001997
R01157,SP002001
R01157,SP003799
R01157,SP003801
R01157,SP003802
R01157,SP003804
R01157,SP003805
R01158,SP001998
R01158,SP002346
R01158,SP002718
R01158,SP004031
R01159,SP001999
R01160,SP002002
R01161,SP002005
R01161,SP002011
R01161,SP002012
R01161,SP002018
R01161,SP003433
R01162,SP002007
R01163,SP002008
R01164,SP002009
R01165,SP002010
R01166,SP002014
R01167,SP002017
R01168,SP002021
R01168,SP002455
R01168,SP002993
R01168,SP003135
R01168,SP003138
R01168,SP003142
R01168,SP003144
R01168,SP003530
R01169,SP002022
R01170,SP002024
R01170,SP002056
R01170,SP002551
R01170,SP003943
R01170,SP004130
R01171,SP002026
R01171,SP002720
R01171,SP003391
R01171,SP003993
R01171,SP004190
R01171,SP004192
R01171,SP004345
R01171,SP004482
R01172,SP002029
R01173,SP002031
R01173,SP003655
R01173,SP003661
R01173,SP004302
R01174,SP002032
R01174,SP002035
R01175,SP002034
R01176,SP002036
R01177,SP002037
R01177,SP002333
R01178,SP002040
R01179,SP002041
R01180,SP002042
R01180,SP002053
R01180,SP002057
R01180,SP002062
R01180,SP002208
R01180,SP002471
R01180,SP003037
R01180,SP003133
R01180,SP003629
R01180,SP004196
R01181,SP002043
R01182,SP002044
R01183,SP002045
R01184,SP002046
R01184,SP003322
R01185,SP002047
R01186,SP002049
R01187,SP002050
R01187,SP002315
R01187,SP003593
R01187,SP003603
R01187,SP004119
R01188,SP002052
R01189,SP002058
R01190,SP002059
R01191,SP002060
R01192,SP002061
R01193,SP002064
R01194,SP002071
R01194,SP002400
R01195,SP002072
R01196,SP002074
R01197,SP002076
R01198,SP002079
R01198,SP002083
R01198,SP002113
R01199,SP002080
R01200,SP002082
R01201,SP002085
R01201,SP002478
R01202,SP002086
R01203,SP002088
R01203,SP002107
R01203,SP003684
R01203,SP003795
R01203,SP003927
R01203,SP003930
R01203,SP003937
R01203,SP004065
R01203,SP004066
R01203,SP004073
R01203,SP004074
R01203,SP004076
R01203,SP004082
R01203,SP004087
R01203,SP004091
R01203,SP004170
R01203,SP004173
R01203,SP004193
R01203,SP004567
R01203,SP004569
R01203,SP004627
R01204,SP002089
R01204,SP002172
R01204,SP002201
R01205,SP002090
R01205,SP002320
R01206,SP002091
R01207,SP002092
R01207,SP002585
R01207,SP002587
R01207,SP002589
R01207,SP002591
R01207,SP002593
R01207,SP002598
R01207,SP002599
R01207,SP003047
R01208,SP002093
R01209,SP002094
R01210,SP002098
R01210,SP004067
R01210,SP004068
R01210,SP004079
R01210,SP004178
R01211,SP002099
R01212,SP002100
R01213,SP002101
R01213,SP002163
R01213,SP002772
R01213,SP003834
R01214,SP002102
R01215,SP002103
R01215,SP003577
R01216,SP002105
R01217,SP002110
R01217,SP002710
R01218,SP002111
R01219,SP002114
R01220,SP002116
R01220,SP002117
R01220,SP002125
R01221,SP002118
R01222,SP002119
R01222,SP002712
R01222,SP003242
R01222,SP003437
R01223,SP002120
R01224,SP002124
R01224,SP003899
R01225,SP002126
R01225,SP004030
R01225,SP004043
R01226,SP002127
R01227,SP002128
R01228,SP002130
R01229,SP002131
R01230,SP002132
R01231,SP002134
R01232,SP002135
R01233,SP002139
R01234,SP002140
R01235,SP002141
R01236,SP002142
R01237,SP002143
R01237,SP002147
R01238,SP002150
R01239,SP002152
R01240,SP002153
R01241,SP002154
R01241,SP002218
R01241,SP002470
R01241,SP002766
R01241,SP002831
R01241,SP002850
R01241,SP003040
R01241,SP003132
R01241,SP003389
R01241,SP003401
R01241,SP003491
R01241,SP003627
R01241,SP003758
R01241,SP003861
R01241,SP003865
R01241,SP004203
R01241,SP004204
R01241,SP004596
R01241,SP004598
R01242,SP002156
R01242,SP002161
R01242,SP002162
R01242,SP002167
R01243,SP002169
R01244,SP002178
R01244,SP003358
R01244,SP003394
R01244,SP003761
R01244,SP003833
R01244,SP003878
R01245,SP002180
R01246,SP002181
R01246,SP002227
R01246,SP002231
R01246,SP002328
R01246,SP002379
R01246,SP002392
R01246,SP002394
R01246,SP002395
R01246,SP003379
R01246,SP003382
R01246,SP003414
R01246,SP003427
R01246,SP003469
R01246,SP004249
R01247,SP002182
R01247,SP002215
R01248,SP002184
R01249,SP002186
R01250,SP002192
R01251,SP002193
R01251,SP002804
R01252,SP002194
R01253,SP002197
R01254,SP002198
R01254,SP002200
R01255,SP002199
R01256,SP002203
R01257,SP002205
R01257,SP002747
R01258,SP002207
R01259,SP002210
R01259,SP003956
R01259,SP004022
R01260,SP002211
R01260,SP002214
R01261,SP002217
R01262,SP002219
R01262,SP002225
R01262,SP004219
R01263,SP002220
R01264,SP002222
R01264,SP002249
R01264,SP002255
R01264,SP002664
R01265,SP002224
R01265,SP003715
R01266,SP002226
R01266,SP003370
R01266,SP003444
R01266,SP003780
R01266,SP003784
R01267,SP002228
R01268,SP002232
R01268,SP002410
R01268,SP002446
R01269,SP002235
R01270,SP002236
R01270,SP002308
R01270,SP002310
R01270,SP002324
R01270,SP004456
R01271,SP002237
R01272,SP002240
R01272,SP002244
R01273,SP002250
R01274,SP002251
R01274,SP002252
R01274,SP003499
R01274,SP004115
R01275,SP002253
R01276,SP002254
R01277,SP002257
R01278,SP002258
R01279,SP002260
R01280,SP002266
R01280,SP002793
R01280,SP004631
R01281,SP002267
R01281,SP003093
R01282,SP002270
R01283,SP002271
R01283,SP002285
R01283,SP002288
R01283,SP002292
R01283,SP002836
R01283,SP003459
R01284,SP002272
R01285,SP002279
R01286,SP002280
R01286,SP002473
R01286,SP002514
R01286,SP002542
R01286,SP002554
R01286,SP003259
R01286,SP004059
R01286,SP004165
R01287,SP002282
R01287,SP002283
R01288,SP002284
R01288,SP002714
R01288,SP002988
R01289,SP002287
R01290,SP002290
R01291,SP002291
R01292,SP002295
R01293,SP002296
R01294,SP002298
R01295,SP002300
R01295,SP002946
R01295,SP004327
R01295,SP004444
R01296,SP002304
R01297,SP002305
R01297,SP002418
R01297,SP004331
R01298,SP002313
R01298,SP003438
R01298,SP003845
R01299,SP002314
R01300,SP002316
R01301,SP002318
R01302,SP002321
R01303,SP002322
R01304,SP002325
R01305,SP002326
R01305,SP004412
R01306,SP002331
R01307,SP002332
R01307,SP002859
R01307,SP003120
R01307,SP003173
R01307,SP003340
R01307,SP003359
R01307,SP004015
R01308,SP002334
R01309,SP002338
R01310,SP002345
R01311,SP002347
R01312,SP002348
R01313,SP002349
R01314,SP002350
R01315,SP002351
R01316,SP002352
R01317,SP002356
R01318,SP002358
R01319,SP002361
R01319,SP002364
R01319,SP003235
R01319,SP003238
R01319,SP003501
R01319,SP004094
R01319,SP004403
R01320,SP002362
R01321,SP002365
R01321,SP002955
R01322,SP002367
R01322,SP002596
R01322,SP002830
R01323,SP002370
R01324,SP002372
R01325,SP002374
R01325,SP003813
R01326,SP002376
R01327,SP002378
R01328,SP002380
R01329,SP002381
R01330,SP002384
R01331,SP002385
R01332,SP002386
R01332,SP002396
R01333,SP002387
R01334,SP002389
R01334,SP002668
R01335,SP002401
R01335,SP003004
R01336,SP002406
R01337,SP002408
R01338,SP002409
R01338,SP002566
R01339,SP002413
R01340,SP002416
R01341,SP002419
R01342,SP002421
R01343,SP002422
R01344,SP002425
R01345,SP002426
R01346,SP002427
R01347,SP002432
R01348,SP002433
R01348,SP003931
R01348,SP003936
R01348,SP004164
R01348,SP004225
R01348,SP004568
R01349,SP002434
R01350,SP002435
R01351,SP002436
R01352,SP002437
R01353,SP002440
R01354,SP002441
R01354,SP002442
R01354,SP002459
R01354,SP002484
R01354,SP003831
R01355,SP002443
R01356,SP002445
R01357,SP002447
R01357,SP002448
R01358,SP002449
R01359,SP002450
R01360,SP002451
R01361,SP002452
R01361,SP002456
R01362,SP002457
R01363,SP002458
R01363,SP002479
R01363,SP002739
R01363,SP002932
R01363,SP003140
R01364,SP002460
R01364,SP003582
R01364,SP004075
R01365,SP002463
R01366,SP002464
R01366,SP002614
R01366,SP002615
R01366,SP002634
R01367,SP002467
R01367,SP004594
R01368,SP002468
R01369,SP002477
R01370,SP002480
R01371,SP002482
R01372,SP002483
R01373,SP002485
R01373,SP003431
R01374,SP002486
R01374,SP002954
R01374,SP002966
R01375,SP002487
R01376,SP002489
R01376,SP002752
R01377,SP002490
R01378,SP002491
R01379,SP002495
R01380,SP002496
R01381,SP002500
R01381,SP002982
R01381,SP003275
R01381,SP003412
R01382,SP002501
R01383,SP002508
R01384,SP002510
R01385,SP002511
R01386,SP002513
R01387,SP002515
R01388,SP002518
R01388,SP003125
R01388,SP003268
R01388,SP003606
R01388,SP003607
R01389,SP002523
R01390,SP002524
R01391,SP002525
R01392,SP002526
R01393,SP002527
R01394,SP002528
R01395,SP002529
R01396,SP002532
R01396,SP002947
R01397,SP002533
R01398,SP002534
R01398,SP003951
R01399,SP002540
R01400,SP002543
R01401,SP002544
R01402,SP002549
R01402,SP002707
R01402,SP004584
R01403,SP002553
R01403,SP002559
R01403,SP002560
R01404,SP002555
R01404,SP003569
R01404,SP004593
R01405,SP002556
R01405,SP004083
R01405,SP004092
R01405,SP004344
R01405,SP004374
R01405,SP004429
R01405,SP004610
R01406,SP002557
R01406,SP002608
R01406,SP003223
R01407,SP002565
R01407,SP003084
R01408,SP002567
R01409,SP002569
R01410,SP002571
R01411,SP002572
R01412,SP002574
R01413,SP002575
R01414,SP002576
R01415,SP002579
R01416,SP002583
R01416,SP003309
R01416,SP003338
R01416,SP003363
R01416,SP003596
R01416,SP004040
R01416,SP004520
R01417,SP002584
R01418,SP002586
R01419,SP002588
R01419,SP002943
R01420,SP002590
R01421,SP002592
R01422,SP002594
R01423,SP002595
R01424,SP002597
R01425,SP002600
R01425,SP002605
R01425,SP002631
R01425,SP002672
R01425,SP003045
R01425,SP004038
R01426,SP002603
R01427,SP002604
R01428,SP002606
R01429,SP002609
R01429,SP002659
R01430,SP002613
R01430,SP003493
R01431,SP002616
R01431,SP003304
R01431,SP003324
R01432,SP002617
R01433,SP002618
R01434,SP002619
R01435,SP002620
R01435,SP002621
R01436,SP002624
R01437,SP002626
R01438,SP002627
R01439,SP002629
R01440,SP002630
R01441,SP002632
R01441,SP002676
R01441,SP002678
R01441,SP003051
R01442,SP002633
R01443,SP002635
R01443,SP003481
R01443,SP004284
R01444,SP002637
R01444,SP004400
R01445,SP002638
R01445,SP002639
R01446,SP002640
R01447,SP002643
R01447,SP002675
R01448,SP002651
R01449,SP002653
R01450,SP002656
R01450,SP003212
R01450,SP004129
R01451,SP002657
R01452,SP002660
R01453,SP002662
R01454,SP002665
R01454,SP003216
R01455,SP002666
R01456,SP002667
R01457,SP002670
R01458,SP002680
R01459,SP002681
R01460,SP002683
R01461,SP002686
R01462,SP002687
R01462,SP003450
R01463,SP002690
R01464,SP002691
R01464,SP004449
R01465,SP002692
R01466,SP002693
R01467,SP002695
R01467,SP002696
R01467,SP002705
R01467,SP003497
R01468,SP002698
R01469,SP002699
R01470,SP002700
R01471,SP002702
R01472,SP002703
R01473,SP002706
R01474,SP002709
R01475,SP002713
R01476,SP002717
R01476,SP002719
R01476,SP004522
R01477,SP002721
R01478,SP002722
R01478,SP002744
R01478,SP003258
R01478,SP003516
R01478,SP004564
R01479,SP002723
R01480,SP002727
R01480,SP002734
R01480,SP003078
R01480,SP003564
R01480,SP004292
R01481,SP002728
R01482,SP002730
R01483,SP002731
R01484,SP002733
R01485,SP002736
R01485,SP002740
R01486,SP002737
R01487,SP002738
R01488,SP002741
R01489,SP002742
R01490,SP002745
R01491,SP002748
R01492,SP002749
R01492,SP003870
R01493,SP002750
R01494,SP002755
R01494,SP002761
R01494,SP002960
R01494,SP003176
R01494,SP003254
R01494,SP003658
R01494,SP003667
R01495,SP002756
R01496,SP002760
R01497,SP002763
R01497,SP004141
R01498,SP002764
R01498,SP003959
R01499,SP002767
R01500,SP002768
R01501,SP002769
R01502,SP002770
R01503,SP002774
R01504,SP002776
R01505,SP002778
R01506,SP002779
R01507,SP002781
R01508,SP002784
R01509,SP002785
R01510,SP002788
R01510,SP003343
R01511,SP002789
R01512,SP002790
R01513,SP002796
R01514,SP002798
R01515,SP002799
R01516,SP002800
R01517,SP002801
R01518,SP002802
R01518,SP003124
R01518,SP003592
R01519,SP002805
R01520,SP002806
R01521,SP002808
R01522,SP002817
R01523,SP002818
R01524,SP002823
R01525,SP002827
R01526,SP002829
R01527,SP002833
R01528,SP002837
R01529,SP002838
R01530,SP002842
R01531,SP002843
R01532,SP002845
R01533,SP002848
R01533,SP003352
R01533,SP003702
R01534,SP002849
R01535,SP002851
R01535,SP002852
R01535,SP002853
R01536,SP002855
R01537,SP002861
R01537,SP003201
R01537,SP003621
R01537,SP003625
R01537,SP003750
R01537,SP003783
R01538,SP002862
R01539,SP002865
R01540,SP002866
R01541,SP002870
R01541,SP002871
R01542,SP002873
R01543,SP002874
R01544,SP002875
R01545,SP002876
R01546,SP002878
R01547,SP002879
R01548,SP002880
R01549,SP002881
R01550,SP002884
R01551,SP002885
R01551,SP002892
R01551,SP003110
R01552,SP002886
R01553,SP002887
R01553,SP003737
R01554,SP002888
R01554,SP003108
R01555,SP002889
R01556,SP002891
R01556,SP002909
R01557,SP002894
R01557,SP004058
R01558,SP002895
R01559,SP002896
R01559,SP002898
R01560,SP002897
R01561,SP002899
R01562,SP002901
R01562,SP002906
R01562,SP002912
R01562,SP002916
R01562,SP004007
R01562,SP004452
R01562,SP004457
R01563,SP002903
R01564,SP002905
R01564,SP002908
R01564,SP004450
R01565,SP002907
R01566,SP002911
R01566,SP004005
R01566,SP004453
R01567,SP002913
R01568,SP002917
R01568,SP003090
R01568,SP003153
R01568,SP004271
R01568,SP004291
R01568,SP004348
R01568,SP004380
R01568,SP004392
R01568,SP004396
R01568,SP004435
R01569,SP002919
R01570,SP002920
R01571,SP002922
R01572,SP002925
R01572,SP002939
R01573,SP002928
R01574,SP002936
R01575,SP002937
R01575,SP003465
R01576,SP002938
R01577,SP002949
R01578,SP002952
R01579,SP002959
R01580,SP002961
R01581,SP002962
R01581,SP002999
R01581,SP003103
R01581,SP003106
R01581,SP003119
R01581,SP003182
R01581,SP003185
R01581,SP003186
R01581,SP003204
R01581,SP003273
R01581,SP003280
R01581,SP003602
R01581,SP003716
R01581,SP003730
R01582,SP002970
R01583,SP002972
R01584,SP002974
R01585,SP002977
R01586,SP002984
R01587,SP002985
R01587,SP003159
R01587,SP003615
R01587,SP004388
R01588,SP002997
R01589,SP003002
R01590,SP003007
R01591,SP003009
R01591,SP003473
R01591,SP003894
R01591,SP004289
R01592,SP003010
R01593,SP003013
R01594,SP003016
R01595,SP003017
R01595,SP003597
R01595,SP003816
R01596,SP003018
R01596,SP003357
R01596,SP003503
R01597,SP003021
R01598,SP003022
R01599,SP003028
R01599,SP003519
R01600,SP003034
R01601,SP003049
R01602,SP003050
R01603,SP003053
R01604,SP003054
R01605,SP003056
R01606,SP003063
R01607,SP003065
R01608,SP003066
R01609,SP003068
R01610,SP003071
R01611,SP003077
R01612,SP003079
R01613,SP003080
R01613,SP004221
R01614,SP003081
R01615,SP003085
R01616,SP003086
R01617,SP003087
R01618,SP003091
R01619,SP003096
R01620,SP003097
R01621,SP003100
R01621,SP003504
R01622,SP003101
R01622,SP004256
R01623,SP003104
R01624,SP003112
R01625,SP003113
R01625,SP003820
R01625,SP003829
R01625,SP003852
R01625,SP003997
R01625,SP004132
R01626,SP003129
R01627,SP003136
R01628,SP003137
R01629,SP003139
R01629,SP003679
R01630,SP003143
R01630,SP003150
R01630,SP004123
R01630,SP004124
R01631,SP003148
R01632,SP003151
R01633,SP003154
R01634,SP003158
R01635,SP003160
R01636,SP003162
R01636,SP003245
R01636,SP003618
R01637,SP003163
R01637,SP003164
R01637,SP003168
R01637,SP003170
R01637,SP004347
R01638,SP003165
R01639,SP003166
R01639,SP003187
R01639,SP003232
R01639,SP003255
R01639,SP004401
R01640,SP003169
R01641,SP003171
R01642,SP003172
R01643,SP003177
R01643,SP003364
R01644,SP003180
R01644,SP003214
R01645,SP003181
R01645,SP003209
R01646,SP003183
R01647,SP003192
R01648,SP003193
R01649,SP003194
R01650,SP003195
R01651,SP003196
R01652,SP003199
R01652,SP003714
R01653,SP003202
R01653,SP003297
R01653,SP004622
R01654,SP003210
R01655,SP003211
R01656,SP003213
R01657,SP003215
R01657,SP004629
R01658,SP003217
R01659,SP003219
R01660,SP003221
R01660,SP003237
R01660,SP003241
R01660,SP004393
R01661,SP003222
R01662,SP003224
R01663,SP003225
R01664,SP003227
R01665,SP003230
R01666,SP003231
R01667,SP003234
R01668,SP003240
R01669,SP003244
R01669,SP004052
R01670,SP003246
R01671,SP003247
R01672,SP003256
R01673,SP003257
R01674,SP003260
R01674,SP003261
R01675,SP003264
R01676,SP003265
R01676,SP004498
R01676,SP004509
R01677,SP003267
R01678,SP003274
R01678,SP003668
R01679,SP003276
R01680,SP003277
R01681,SP003278
R01682,SP003282
R01682,SP004528
R01683,SP003289
R01684,SP003291
R01685,SP003295
R01686,SP003296
R01687,SP003299
R01688,SP003301
R01689,SP003302
R01690,SP003308
R01691,SP003310
R01691,SP003765
R01692,SP003312
R01692,SP003710
R01693,SP003317
R01694,SP003318
R01694,SP003614
R01695,SP003319
R01696,SP003320
R01697,SP003325
R01698,SP003326
R01698,SP004089
R01699,SP003327
R01699,SP004360
R01700,SP003330
R01701,SP003332
R01701,SP003380
R01701,SP003611
R01702,SP003333
R01703,SP003335
R01704,SP003337
R01705,SP003339
R01706,SP003342
R01707,SP003344
R01708,SP003345
R01709,SP003347
R01710,SP003348
R01711,SP003350
R01712,SP003353
R01712,SP003354
R01712,SP003793
R01713,SP003361
R01714,SP003373
R01715,SP003375
R01715,SP003461
R01716,SP003383
R01717,SP003388
R01718,SP003390
R01719,SP003393
R01719,SP003446
R01720,SP003397
R01721,SP003403
R01722,SP003406
R01723,SP003408
R01724,SP003411
R01724,SP003856
R01725,SP003416
R01725,SP004491
R01726,SP003419
R01726,SP003862
R01727,SP003421
R01727,SP003863
R01728,SP003422
R01729,SP003424
R01730,SP003426
R01731,SP003432
R01732,SP003442
R01733,SP003445
R01734,SP003447
R01735,SP003449
R01736,SP003451
R01737,SP003453
R01738,SP003456
R01739,SP003457
R01740,SP003466
R01741,SP003471
R01742,SP003477
R01743,SP003484
R01744,SP003487
R01745,SP003489
R01746,SP003490
R01747,SP003505
R01748,SP003506
R01749,SP003507
R01750,SP003508
R01751,SP003510
R01752,SP003518
R01753,SP003520
R01754,SP003521
R01755,SP003524
R01755,SP004575
R01756,SP003533
R01757,SP003535
R01758,SP003536
R01759,SP003538
R01760,SP003539
R01761,SP003541
R01762,SP003543
R01763,SP003548
R01764,SP003558
R01765,SP003561
R01766,SP003563
R01767,SP003566
R01767,SP004461
R01768,SP003570
R01769,SP003572
R01770,SP003574
R01771,SP003575
R01772,SP003579
R01773,SP003580
R01773,SP003594
R01773,SP003712
R01774,SP003583
R01775,SP003584
R01776,SP003589
R01777,SP003591
R01778,SP003601
R01779,SP003608
R01780,SP003610
R01780,SP003673
R01780,SP004013
R01780,SP004142
R01780,SP004307
R01781,SP003613
R01782,SP003622
R01782,SP003634
R01783,SP003624
R01784,SP003626
R01785,SP003628
R01786,SP003631
R01787,SP003632
R01788,SP003633
R01789,SP003635
R01790,SP003637
R01791,SP003638
R01792,SP003641
R01793,SP003642
R01794,SP003643
R01795,SP003645
R01796,SP003646
R01797,SP003647
R01798,SP003648
R01799,SP003652
R01800,SP003656
R01800,SP003698
R01800,SP003699
R01801,SP003659
R01802,SP003662
R01803,SP003671
R01803,SP004285
R01803,SP004286
R01804,SP003674
R01805,SP003680
R01806,SP003683
R01807,SP003689
R01808,SP003690
R01808,SP003704
R01808,SP003727
R01809,SP003691
R01810,SP003697
R01811,SP003700
R01812,SP003703
R01813,SP003706
R01814,SP003717
R01815,SP003719
R01816,SP003721
R01817,SP003722
R01818,SP003725
R01819,SP003726
R01820,SP003729
R01821,SP003733
R01822,SP003735
R01823,SP003739
R01823,SP004064
R01823,SP004160
R01823,SP004318
R01824,SP003740
R01825,SP003742
R01826,SP003746
R01827,SP003752
R01828,SP003753
R01829,SP003755
R01829,SP004630
R01830,SP003762
R01831,SP003763
R01832,SP003764
R01833,SP003766
R01833,SP003819
R01834,SP003769
R01835,SP003771
R01836,SP003772
R01837,SP003775
R01838,SP003789
R01839,SP003790
R01840,SP003794
R01841,SP003798
R01842,SP003800
R01843,SP003803
R01844,SP003807
R01844,SP004116
R01844,SP004287
R01845,SP003808
R01846,SP003814
R01847,SP003815
R01848,SP003817
R01849,SP003818
R01850,SP003821
R01851,SP003826
R01852,SP003828
R01853,SP003832
R01854,SP003836
R01855,SP003837
R01856,SP003840
R01857,SP003841
R01858,SP003843
R01859,SP003847
R01860,SP003853
R01861,SP003854
R01862,SP003857
R01863,SP003858
R01864,SP003860
R01865,SP003866
R01865,SP004220
R01866,SP003868
R01867,SP003876
R01868,SP003877
R01869,SP003879
R01870,SP003884
R01871,SP003885
R01872,SP003887
R01873,SP003890
R01874,SP003891
R01875,SP003895
R01876,SP003896
R01877,SP003900
R01878,SP003904
R01879,SP003906
R01880,SP003911
R01881,SP003914
R01882,SP003919
R01883,SP003921
R01884,SP003924
R01885,SP003925
R01886,SP003933
R01886,SP004016
R01887,SP003938
R01887,SP004071
R01887,SP004166
R01887,SP004168
R01887,SP004632
R01888,SP003941
R01889,SP003942
R01890,SP003944
R01891,SP003945
R01891,SP003946
R01891,SP004231
R01891,SP004385
R01892,SP003950
R01892,SP004251
R01893,SP003952
R01894,SP003957
R01895,SP003961
R01896,SP003962
R01897,SP003968
R01898,SP003969
R01899,SP003973
R01900,SP003981
R01900,SP003982
R01901,SP003983
R01902,SP003984
R01903,SP003995
R01904,SP004004
R01904,SP004006
R01905,SP004010
R01905,SP004110
R01905,SP004515
R01906,SP004014
R01907,SP004018
R01908,SP004021
R01909,SP004027
R01910,SP004032
R01911,SP004035
R01911,SP004410
R01912,SP004041
R01913,SP004045
R01914,SP004054
R01915,SP004055
R01916,SP004062
R01917,SP004069
R01918,SP004070
R01919,SP004072
R01920,SP004080
R01921,SP004081
R01922,SP004085
R01923,SP004098
R01924,SP004103
R01925,SP004109
R01926,SP004112
R01927,SP004125
R01928,SP004133
R01929,SP004134
R01930,SP004136
R01930,SP004137
R01931,SP004139
R01932,SP004145
R01933,SP004146
R01934,SP004148
R01935,SP004151
R01936,SP004154
R01937,SP004158
R01938,SP004161
R01938,SP004577
R01939,SP004169
R01940,SP004175
R01941,SP004177
R01942,SP004181
R01943,SP004183
R01943,SP004570
R01944,SP004184
R01945,SP004195
R01946,SP004197
R01947,SP004199
R01948,SP004201
R01949,SP004211
R01950,SP004213
R01950,SP004279
R01950,SP004283
R01950,SP004301
R01950,SP004315
R01951,SP004214
R01952,SP004215
R01953,SP004216
R01954,SP004223
R01955,SP004224
R01956,SP004234
R01957,SP004236
R01958,SP004238
R01959,SP004239
R01960,SP004240
R01961,SP004244
R01962,SP004245
R01963,SP004246
R01964,SP004254
R01965,SP004255
R01966,SP004259
R01967,SP004270
R01967,SP004590
R01968,SP004272
R01969,SP004273
R01969,SP004535
R01970,SP004280
R01971,SP004281
R01972,SP004282
R01973,SP004288
R01974,SP004295
R01975,SP004299
R01975,SP004532
R01975,SP004533
R01976,SP004303
R01976,SP004638
R01977,SP004304
R01978,SP004306
R01979,SP004308
R01980,SP004309
R01981,SP004314
R01982,SP004320
R01983,SP004322
R01984,SP004323
R01985,SP004324
R01986,SP004325
R01987,SP004326
R01988,SP004328
R01989,SP004330
R01989,SP004342
R01989,SP004364
R01990,SP004332
R01991,SP004335
R01992,SP004337
R01993,SP004340
R01994,SP004343
R01995,SP004346
R01996,SP004349
R01997,SP004350
R01998,SP004352
R01998,SP004422
R01999,SP004353
R02000,SP004354
R02001,SP004355
R02002,SP004356
R02003,SP004358
R02004,SP004359
R02005,SP004362
R02006,SP004363
R02007,SP004367
R02008,SP004369
R02008,SP004371
R02009,SP004370
R02010,SP004376
R02011,SP004381
R02012,SP004383
R02013,SP004387
R02013,SP004391
R02014,SP004389
R02015,SP004390
R02015,SP004394
R02016,SP004395
R02017,SP004397
R02018,SP004405
R02019,SP004406
R02020,SP004407
R02021,SP004409
R02022,SP004411
R02023,SP004413
R02024,SP004415
R02025,SP004417
R02026,SP004418
R02027,SP004419
R02028,SP004420
R02029,SP004421
R02030,SP004423
R02031,SP004424
R02032,SP004427
R02033,SP004430
R02034,SP004431
R02035,SP004432
R02036,SP004434
R02037,SP004437
R02038,SP004438
R02039,SP004440
R02040,SP004441
R02041,SP004443
R02042,SP004446
R02043,SP004458
R02044,SP004460
R02045,SP004462
R02046,SP004463
R02047,SP004464
R02048,SP004467
R02049,SP004469
R02050,SP004473
R02051,SP004475
R02052,SP004478
R02053,SP004480
R02054,SP004483
R02055,SP004484
R02056,SP004485
R02057,SP004495
R02058,SP004496
R02059,SP004497
R02060,SP004499
R02061,SP004506
R02062,SP004507
R02063,SP004508
R02064,SP004510
R02065,SP004511
R02066,SP004512
R02067,SP004517
R02068,SP004519
R02069,SP004521
R02070,SP004523
R02071,SP004525
R02072,SP004527
R02073,SP004530
R02074,SP004539
R02075,SP004540
R02076,SP004542
R02077,SP004543
R02078,SP004544
R02079,SP004545
R02080,SP004548
R02081,SP004550
R02082,SP004556
R02083,SP004557
R02084,SP004558
R02085,SP004559
R02086,SP004562
R02087,SP004573
R02088,SP004578
R02089,SP004586
R02090,SP004597
R02091,SP004606
R02092,SP004608
R02093,SP004612
R02094,SP004614
R02095,SP004616
R02096,SP004621
R02097,SP004625
R02098,SP004642
R02099,SP004644
R02100,SP004646
R02101,SP004647
R02102,SP004648
R02103,SP004650
