map_code,map_name
AA,EAST ANGLIA TO SCOTLAND
AB,EAST ANGLIA TO BIRMINGHAM VIA PETERBOROUGH AND LEICESTER
AC,EAST ANGLIA TO CREWE VIA DERBY
AD,EAST ANGLIA TO DONCASTER
AF,LONDON TO ASHFORD INTERNATIONAL
AG,AYRSHIRE COAST TO GLASGOW
AH,EAST ANGLIA TO HULL
AL,EAST ANGLIA TO LEEDS
AM,EAST ANGLIA TO MANCHESTER VIA PETERBOROUGH AND SHEFFIELD
AN,EAST ANGLIA TO NOTTINGHAM AND DERBY VIA PETERBOROUGH AND GRANTHAM
AP,EAST ANGLIA TO PETERBOROUGH
AR,ASHFORD INTERNTIONAL TO READING VIA REDHILL
AS,EAST ANGLIA TO STOKE ON TRENT AND CREWE VIA DERBY
AT,EAST ANGLIA TO TEESIDE
AW,SOUTH WALES TO NORTH WALES
AY,EAST ANGLIA TO YORK
BB,SUSSEX COAST TO SOUTH YORKSHIRE
BC,BIRMINGHAM TO NORTH WALES AND CHESTER VIA SHREWSBURY
BE,BIRMINGHAM TO EDINBURGH VIA WEST COAST
BG,BIRMINGHAM TO GRIMSBY VIA LEICESTER
BH,BIRMINGHAM TO HULL
BI,BIRMINGHAM LOCAL ROUTES
BJ,BIRMINGHAM TO NORTH WALES
BK,BIRMINGHAM TO PRESTON VIA WEST COAST
BL,BIRMINGHAM TO LONDON VIA SWINDON
BM,BIRMINGHAM TO MANCHESTER
BO,BIRMINGHAM TO STOCKPORT
BP,BIRMINGHAM TO PETERBOROUGH
BR,LONDON BRIDGE - LOCAL ROUTES
BS,BIRMINGHAM AND THE WEST MIDLANDS TO SCOTLAND
BU,SOUTH WALES AND BRISTOL VIA WESTBURY AND WOKING TO SURBITON AND SW LONDON
BV,BIRMINGHAM TO LIVERPOOL
BW,BIRMINGHAM TO WEYMOUTH VIA BRISTOL
BX,BIRMINGHAM TO OXENHOLME VIA WEST COAST
BY,BIRMINGHAM TO YORK
CA,NUNEATON TO THE CAMBRIAN COAST
CB,SWANSEA AND CARDIFF TO WEST MIDLANDS VIA NEWPORT AND HEREFORD
CE,SOUTH WALES AND WEST TO YORKSHIRE VIA BRISTOL
CG,CREWE TO GLASGOW AND EDINBURGH
CH,CREWE AND CHESTER TO NORTH WALES
CI,LONDON MARYLEBONE TO AYLESBURY - (CHILTERN LINE)
CK,SOUTH WALES TO PRESTON & KIRKHAM & WESHAM
CL,CHESHIRE TO LANCASHIRE LOCAL ROUTES
CM,COVENTRY TO MANCHESTER VIA BIRMINGHAM
CN,CENTRAL WALES AND THE NORTH WEST TO EAST ANGLIA VIA BIRMINGHAM
CO,COLCHESTER TO LONDON GROUP
CP,CHESTER TO PRESTON VIA LIVERPOOL
CS,SOUTH EAST TO THE NORTH WEST AND LINCOLNSHIRE VIA BIRMINGHAM
CT,LONDON TO CHATHAM
CU,CREWE TO CUMBRIA
CV,CREWE TO LIVERPOOL
CW,KENT AND SUSSEX COAST TO HAMPSHIRE AND DORSET
CY,CARDIFF TO YORK
CZ,CHIPPENHAM TO PLYMOUTH AND PENZANCE
DA,DARLINGTON TO ABERDEEN
DB,DONCASTER TO BLACKPOOL
DE,LONDON TO DOVER VIA ASHFORD
DG,DERBY TO GRIMSBY VIA NOTTINGHAM
DH,DONCASTER TO HALIFAX
DK,LONDON TO DORKING AND GUILDFORD VIA EPSOM
DL,DERBY TO LINCOLNSHIRE VIA NOTTINGHAM
DO,SLEAFORD TO YORKSHIRE
DP,DONCASTER TO PRESTON
DS,ROUTES VIA DONCASTER TO SCOTLAND
DT,ROUTES VIA DONCASTER TO TEESIDE
DW,DONCASTER TO WARRINGTON
DY,DERBY TO YORK
EA,LONDON TO ESSEX AND EAST ANGLIA
EB,LONDON EUSTON TO BIRMINGHAM AND WOLVERHAMPTON
EC,EAST COAST - LONDON TO SCOTLAND
ED,EAST COAST LOCAL ROUTES VIA DONCASTER
EE,LONDON TO THE NORTH EAST VIA EASTERN COUNTIES
EF,LONDON TO EFFINGHAM JUNCTION AND GUILDFORD
EG,EDINBURGH TO GLASGOW LOCAL ROUTES
EH,EARLESTOWN TO HELLIFIELD
EI,CARLISLE TO DINGWALL VIA CARSTAIRS
EJ,LONDON EUSTON TO NORTH WALES
EL,EAST LONDON LINE
EM,EAST MIDLANDS LOCAL ROUTES
EN,LONDON EUSTON TO NORTHAMPTON AND RUGBY
EO,LONDON EUSTON TO STOCKPORT
EP,LONDON EUSTON TO PRESTON
ER,LONDON TO YORKSHIRE HUMBERSIDE THE NORTH EAST AND SCOTLAND
ES,LONDON EUSTON TO SHREWSBURY VIA STAFFORD
EU,SOUTH WEST VIA EXETER AND WOKING TO SURBITON AND SOUTH WEST LONDON
EV,LONDON EUSTON TO LIVERPOOL
EW,LONDON EUSTON TO WIGAN
EX,LONDON EUSTON TO LANCASTER AND OXENHOLME
EY,EAST MIDLANDS  TO YORK
FA,FAVERSHAM VIA BROMLEY SOUTH TO LONDON
FB,FAVERSHAM TO LONDON BRIDGE VIA DARTFORD AND HITHER GREEN
FC,FAVERSHAM TO CLAPHAM JUNCTION AND LONDON VICTORIA
FD,SCOTTISH INTERNAL ROUTES
FH,FAVERSHAM VIA HERNE HILL TO LONDON
FK,ABERDEEN TO KILMARNOCK AND CARSTAIRS VIA EDINBURGH AND GLASGOW
FL,FAVERSHAM TO LONDON BRIDGE VIA DARTFORD AND BLACKHEATH
FN,FAVERSHAM TO LONDON VIA NUNHEAD
FO,FAVERSHAM TO TONBRIDGE VIA OTFORD
FS,FAVERSHAM TO TONBRIDGE VIA BROMLEY SOUTH AND SEVENOAKS
FT,FAVERSHAM VIA TULSE HILL TO LONDON
FV,FAVERSHAM TO LONDON BRIDGE VIA HITHER GREEN
FW,GLASGOW AREA TO FORT WILLIAM
GA,STIRLING AND INVERKEITHING TO INVERNESS AND ABERDEEN VIA INVERGOWRIE
GB,GLASGOW TO BRADFORD VIA HELLIFIELD
GC,LONDON VIA HIGH WYCOMBE TO BIRMINGHAM
GD,GLASGOW TO DONCASTER
GF,ROUTES BETWEEN GLASGOW AND FALKIRK
GG,GRANTHAM TO GLASGOW
GH,GRANTHAM TO HULL
GI,GLASGOW TO INVERNESS
GJ,GLASGOW TO NORTH WALES
GK,GLASGOW TO KILMARNOCK
GL,GRANTHAM TO LEEDS VIA DONCASTER
GM,GREATER MANCHESTER
GN,GLASGOW TO NEWCASTLE VIA CARLISLE
GO,GLASGOW - LOCAL ROUTES
GP,GLASGOW TO PRESTON
GR,LONDON TO GRAYS
GS,GRANTHAM TO SCOTLAND
GT,GRANTHAM TO TEESIDE
GU,GRAND CENTRAL SERVICES - LONDON TO BRADFORD
GV,GLASGOW TO LIVERPOOL
GW,LONDON TO THE SOUTH WEST
GX,GLASGOW TO OXENHOLME
GY,GLASGOW TO YORKSHIRE VIA HELLIFIELD
HA,HULL TO ABERDEEN
HB,HEREFORD TO BIRMINGHAM
HC,HASTINGS TO CHATHAM VIA SEVENOAKS
HD,HULL TO STOCKPORT AND MANCHESTER VIA SELBY AND DONCASTER
HE,PORTSMOUTH & HAVANT TO EPSOM VIA GUILDFORD
HG,HEREFORD TO GLASGOW VIA BIRMINGHAM AND WEST COAST
HH,HEREFORD TO HULL
HI,LONDON TO HIGHBURY & ISLINGTON AND GOSPEL OAK
HK,HIGH SPEED (HS1) DOMESTIC SERVICES ONLY TO NORTH KENT
HL,HULL TO LEEDS
HM,HULL TO MANCHESTER
HO,HULL TO STOCKPORT AND MANCHESTER
HP,HEREFORD TO PADDINGTON VIA STROUD
HR,LONDON TO HORSHAM AND GUILDFORD
HS,KENT VIA HS1
HT,HULL TO TEESIDE
HU,LONDON TO HUMBERSIDE
HV,BARNETBY TO LIVERPOOL VIA SHEFFIELD & HOPE VALLEY LINE
HW,SWANSEA TO CREWE - HEART OF WALES LINE
HX,YORK TO CARLISLE VIA HEXHAM
HY,HEREFORD TO YORK
IC,INVERKEITHING TO CARSTAIRS VIA EDINBURGH
IE,INVERNESS TO EDINBURGH VIA ABERDEEN
IN,INVERKEITHING TO NEWTON LANARK VIA CARSTAIRS
IP,INVERNESS TO PERTH  VIA ABERDEEN
JG,LLANDUDNO JUNCTION TO MANCHESTER AND GUIDE BRIDGE
JK,NORTH WALES TO PRESTON AND KIRKHAM & WESHAM
JL,PETERBOROUGH TO DONCASTER VIA SLEAFORD AND LINCOLN
JO,LLANDUDNO JUNCTION TO STOCKPORT VIA MANCHESTER
JP,NORTH WALES TO PRESTON VIA LIVERPOOL
KA,NORTH KENT TO ASHFORD VIA DOVER
KE,LONDON KINGS X TO ELY
KG,LONDON KINGS X TO GLASGOW
KH,KIRKHAM & WESHAM TO HEREFORD VIA WEST COAST
KI,EDINBURGH TO INVERNESS VIA KIRKCALDY
KK,KILMARNOCK AREA - LOCAL ROUTES
KL,KENT LOCAL SERVICES
KM,KIRKHAM & WESHAM TO MANCHESTER VIA PRESTON
KN,KIRKHAM & WESHAM TO NUNEATON VIA CREWE
KP,LONDON KINGS X TO PETERBOROUGH & GRANTHAM
KS,LONDON KINGS X TO SLEAFORD AND NOTTINGHAM
KW,KIRKHAM & WESHAM TO WARRINGTON AND LIVERPOOL
KY,LONDON KINGS X TO YORK
LA,LONDON TO AVON STATIONS VIA WESTBURY
LB,BEDFORD AND LONDON TO CENTRAL SUSSEX AND BRIGHTON
LC,LONDON EUSTON TO CHESHIRE
LE,LONDON TO PENZANCE VIA SALISBURY
LF,LONDON TO FORD
LG,LONDON TO GLOUCESTER AND CHELTENHAM SPA VIA BRISTOL STATIONS
LH,LONDON TO HEREFORD
LI,LONDON LIVERPOOL STREET LOCAL SERVICES
LM,WEST COAST MAIN LINE TO SCOTLAND
LN,LONDON KINGS X TO LINCOLN
LO,LONDON
LP,BROCKENHURST TO LONDON VIA FORD
LS,SCARBOROUGH TO WEST YORKSHIRE & HULL
LW,LONDON TO SOUTH WALES
LX,LEEDS TO OXENHOLME VIA HELLIFIELD
LY,LANCASHIRE-YORKSHIRE ROUTES
MA,LONDON TO GREATER MANCHESTER
MB,MANCHESTER TO BARNSLEY VIA HUDDERSFIELD
MC,MANCHESTER TO CARDIFF VIA SHREWSBURY
ME,WEST MIDLANDS TO MERSEYSIDE
MG,MANCHESTER STATIONS TO GLASGOW
MH,MANCHESTER TO HELLIFIELD VIA BOLTON
MI,MIDLAND MAIN LINE - TO LOUGHBOROUGH
MJ,MANCHESTER TO NORTH WALES
MK,MANCHESTER TO WAKEFIELD AND PONTEFRACT
ML,MERSEYSIDE LOCAL SERVICES
MM,LONDON TO THE EAST MIDLANDS AND SCOTLAND VIA THE PENNINES
MN,MANCHESTER TO NEWCASTLE
MO,MIDLAND MAIN LINE LOCAL ROUTES VIA MELTON MOWBRAY
MP,MANCHESTER TO PLYMOUTH VIA SHREWSBURY
MR,GREATER MANCHESTER LOCAL ROUTES
MS,ROUTES VIA MANCHESTER AND STOCKPORT
MT,MANCHESTER TO TEESIDE
MW,CENTRAL SOUTHERN ENGLAND TO THE NORTH WEST AND YORKSHIRE
MX,MANCHESTER TO OXENHOLME
MY,ROUTES VIA MEADOWHALL TO YORK
NB,NOTTINGHAM TO BRADFORD VIA SHEFFIELD
NC,NORTH OF CREWE - LOCAL SERVICES
NG,NEWARK TO GLASGOW
NH,NEWARK TO HULL
NJ,NUNEATON TO NORTH WALES
NK,SOUTH EAST LONDON TO NORTH KENT
NM,LONDON TO NOTTINGHAM AND DERBY
NN,NORTHERN - LOCAL ROUTES NORTH OF MANCHESTER
NO,LIVERPOOL TO MANCHESTER VIA EARLESTOWN
NP,NORTH PENNINES ROUTE
NR,LIVERPOOL TO MANCHESTER VIA WARRINGTON
NS,NEWARK TO SCOTLAND
NT,NEWARK TO TEESIDE
NV,NUNEATON TO LIVERPOOL
NW,NUNEATON TO WIGAN
NX,WEST MIDLANDS TO OXENHOLME VIA WEST COAST
OC,STOCKPORT TO CARDIFF VIA SHREWSBURY
OP,STOCKPORT TO PLYMOUTH VIA SHREWSBURY
OT,LONDON VICTORIA TO OTFORD AND ASHFORD INTERNATIONAL
OV,LONDON OVERGROUND ROUTES
PA,PERTH TO ABERDEEN VIA INVERNESS
PB,PLYMOUTH TO BIRMINGHAM
PC,LONDON PADDINGTON TO CASTLE CARY VIA BATH AND WESTBURY
PD,LONDON TO SURREY EAST HAMPSHIRE AND PORTSMOUTH
PE,PLYMOUTH TO EDINBURGH VIA BIRMINGHAM AND WEST COAST
PG,LONDON PADDINGTON TO GLASGOW
PH,PLYMOUTH TO HULL
PI,PETERBOROUGH TO IPSWICH VIA NORWICH
PJ,PLYMOUTH TO NORTH WALES
PK,LONDON TO PECKHAM RYE VIA CLAPHAM JUNCTION
PL,PLYMOUTH TO LEEDS
PM,PLYMOUTH TO MANCHESTER VIA BIRMINGHAM AND WEST COAST
PN,PETERBOROUGH TO NOTTINGHAM VIA LOUGHBOROUGH
PO,PLYMOUTH TO STOKE ON TRENT VIA BIRMINGHAM AND WEST COAST
PP,PLYMOUTH TO PRESTON VIA BIRMINGHAM AND WEST COAST
PR,MIDLAND MAIN LINE ROUTES TO MANCHESTER AND PRESTON VIA SHEFFIELD
PS,LANCASHIRE AND CHESHIRE TO LINCOLNSHIRE AND THE EAST MIDLANDS
PU,PORTSMOUTH VIA WOKING TO SURBITON AND SW LONDON
PV,PLYMOUTH TO LIVERPOOL
PW,PLYMOUTH TO WORCESTER
PX,PLYMOUTH TO OXENHOLME VIA BIRMINGHAM AND WEST COAST
PY,PLYMOUTH TO YORK
PZ,LONDON TO PENZANCE VIA SALISBURY
RA,LONDON TO RAMSGATE VIA ASHFORD
RB,ROUTES VIA READING TO BIRMINGHAM
RE,ROUTES VIA READING TO EDINBURGH VIA WEST COAST
RF,ROUTES VIA READING TO STAFFORD
RG,LONDON TO READING
RH,ROUTES VIA READING TO HULL
RJ,ROUTES VIA READING TO NORTH WALES
RL,READING TO LEEDS
RM,ROUTES VIA READING TO MANCHESTER
RO,ROUTES VIA READING TO STOCKPORT
RP,ROUTES VIA READING TO PRESTON
RU,READING VIA WOKING TO SURBITON AND SW LONDON
RV,ROUTES VIA READING TO LIVERPOOL
RW,READING TO WIGAN
RX,READING TO LANCASTER AND OXENHOLME
RY,ROUTES VIA READING TO YORK
SB,BRISTOL TO SWINDON
SC,LONDON TO WEST SUSSEX
SD,LONDON TO WEST SUSSEX
SE,SOUTH WALES TO SCOTLAND VIA BIRMINGHAM AND WEST COAST
SF,STAFFORD TO LONDON EUSTON
SG,ROUTES BETWEEN GLASGOW AND STIRLING AND FALKIRK
SH,SHEFFIELD TO GRIMSBY AND LINCOLN VIA RETFORD
SK,STOKE ON TRENT TO MANCHESTER - LOCAL ROUTES
SL,SOUTH WALES TO LEEDS
SM,SOUTH MIDLANDS LOCAL ROUTES
SN,SOUTH WALES TO SOUTHAMPTON AND BRIGHTON
SO,SOUTH WALES TO STOCKPORT
SP,SWANSEA TO PLYMOUTH VIA BRISTOL
SQ,SURREY QUAYS LOCAL ROUTES
SR,STRATHCLYDE LOCAL SERVICES
SS,SOUTH COAST TO SOUTH WEST VIA WESTBURY
ST,CAMBRIDGE VIA STANSTED TO LONDON
SU,ROUTES VIA SURBITON TO LONDON TERMINALS
SV,LOCAL SOUTH EASTERN ROUTES VIA SEVENOAKS
SW,LONDON WATERLOO TO WEYMOUTH - SOUTH WEST
SX,SOUTH WALES TO OXENHOLME VIA BIRMINGHAM AND WEST COAST
SY,MIDLAND MAINLINE TO YORKSHIRE
TC,LONDON TO GLASGOW 'THAMES CLYDE' ROUTE
TE,LONDON TO TEESIDE
TH,LONDON TO TOTTENHAM HALE
TK,BEDFORD TO WIMBLEDON AND SUTTON
TL,TRENT VALLEY LOCAL SERVICES
TM,NUNEATON VIA TAMWORTH TO MANCHESTER
TN,LONDON TO TONBRIDGE AND ASHFORD  VIA REDHILL
TO,NUNEATON VIA TAMWORTH TO STOCKPORT
TP,TRANSPENNINE ROUTES
TS,LONDON TO SOUTH ESSEX
TU,LONDON BRIDGE TO TUNBRIDGE WELLS VIA NEW BECKENHAM AND ORPINGTON
TV,LONDON TO CREWE AND MANCHESTER VIA THE TRENT VALLEY
TW,TWICKENHAM TO LONDON
TY,LONDON TO TYNESIDE (NEWCASTLE)
UP,UPMINSTER AND PITSEA
VA,LONDON VICTORIA TO ASHFORD INTERNATIONAL VIA HASTINGS
VB,LONDON VICTORIA TO BRIGHTON VIA HERNE HILL
VH,LONDON VICTORIA TO HASTINGS VIA TONBRIDGE
VK,LIVERPOOL TO WAKEFIELD AND PONTEFRACT
VL,LONDON VICTORIA AND BLACKFRIARS TO LEWISHAM
VN,LIVERPOOL TO NEWCASTLE
VR,LONDON VICTORIA TO RAMSGATE VIA TONBRIDGE
VT,LIVERPOOL TO TEESIDE
WA,LONDON TO EAST HERTFORDSHIRE AND WEST ANGLIA
WB,SOUTH WALES TO BIRMINGHAM VIA BRISTOL
WC,WHITLAND TO LONDON
WD,WEST WALES TO DORCHESTER AND WEYMOUTH
WE,LONDON TO PENZANCE VIA NEWBURY
WG,WARRINGTON TO GLASGOW AND EDINBURGH
WH,SOUTH WALES TO HULL
WI,SOUTH WALES TO BARNT GREEN VIA NEWPORT & HEREFORD
WK,LOCAL ROUTES ROUND WAKEFIELD
WM,WEST MIDLANDS LOCAL ROUTES
WN,GLASGOW AREA - WESTERTON LOCAL ROUTES
WO,WEYMOUTH TO BROMSGROVE AND BARNT GREEN VIA BRISTOL
WP,HEREFORD & WORCESTER TO PADDINGTON VIA BRISTOL & NEWBURY
WR,LONDON TO THE SOUTH WEST AND SOUTH WALES
WS,WEST MIDLANDS TO SCOTLAND VIA WEST COAST
WT,SOUTH WALES TO BARNT GREEN VIA NEWPORT & CHELTENHAM
WU,WEYMOUTH VIA WOKING TO SURBITON AND SOUTH WEST LONDON
WV,READING TO LONDON VIA SURBITON
WW,SALISBURY TO LONDON
WX,LONDON AND SOUTHERN HOME COUNTIES TO THE SOUTH WEST AND SE WALES
WY,LOCAL ROUTES IN WEST YORKSHIRE
XB,CROSS COUNTRY ROUTES FROM SOUTH COAST TO BIRMINGHAM
XC,CROSS COUNTRY ROUTES FROM SOUTH COAST VIA BIRMINGHAM
XE,EPSOM TO EASTBOURNE AND HASTINGS VIA CROYDON AND BRIGHTON
XH,OXENHOLME TO HEREFORD VIA WEST COAST
XJ,OXENHOLME TO NORTH WALES
XL,CROSS COUNTRY ROUTES FROM BIRMINGHAM TO LEEDS
XP,OXENHOLME TO PRESTON
XR,CROSS COUNTRY ROUTES FROM SOUTH COAST TO READING
XS,ROUTES VIA READING TO PORTSMOUTH AND SOUTH COAST
XV,OXENHOLME TO LIVERPOOL
XW,OXENHOLME TO WARRINGTON AND LIVERPOOL
XY,OXENHOLME TO YORKSHIRE VIA HELLIFIELD
YA,YORK TO ABERDEEN
YG,YORK TO GLASGOW
YI,YORK TO INVERNESS VIA KIRKCALDY
YK,SOUTH & WEST YORKSHIRE LOCAL ROUTES
YL,HUMBERSIDE & HOPE VALLEY
YM,YORK TO MIDDLESBROUGH
YN,WEST YORKSHIRE TO NEWCASTLE
YS,WEST YORKSHIRE TO SCOTLAND VIA YORK
YT,WEST YORKSHIRE TO TEESIDE
YY,WAKEFIELD TO YORK VIA LEEDS AND PONTEFRACT
