route_id,trunk_pattern,branch_pattern,shared_prefix,split_after,destination,service_count
R00001,SP000002,SP000190,7,SRT,LUT,14
R00001,SP000002,SP002971,7,SRT,KTN,6
R00001,SP000002,SP002987,7,SRT,BFR,4
R00001,SP000002,SP003027,7,SRT,WHP,6
R00002,SP000003,SP000019,12,SQE,WWR,6
R00002,SP000003,SP000779,12,SQE,SQE,11
R00002,SP000003,SP001023,16,SYD,CYP,144
R00003,SP000035,SP000004,5,WRU,HWY,6
R00003,SP000035,SP000059,6,GER,SBJ,4
R00003,SP000035,SP000061,6,GER,BMO,26
R00003,SP000035,SP000081,5,WRU,HWY,3
R00003,SP000035,SP000088,6,GER,BMO,4
R00003,SP000035,SP000117,6,GER,OXF,10
R00003,SP000035,SP000124,6,GER,BSW,15
R00003,SP000035,SP000168,6,GER,BAN,6
R00003,SP000035,SP000199,6,GER,BSW,1
R00003,SP000035,SP000227,6,GER,OXF,8
R00003,SP000035,SP000248,5,WRU,HWY,6
R00003,SP000035,SP000298,5,WRU,PRR,3
R00003,SP000035,SP000305,5,WRU,GER,1
R00003,SP000035,SP000313,5,WRU,OXF,1
R00003,SP000035,SP000328,6,GER,BMO,1
R00003,SP000035,SP000552,6,GER,BSW,4
R00003,SP000035,SP001643,5,WRU,HWY,2
R00003,SP000035,SP002429,5,WRU,AYS,2
R00003,SP000035,SP002777,6,GER,OXF,6
R00003,SP000035,SP002783,14,BIT,OXF,11
R00003,SP000035,SP003198,12,XJV,BAN,2
R00003,SP000035,SP003867,6,GER,OXF,1
R00003,SP000035,SP004114,5,WRU,BCS,1
R00003,SP000035,SP004157,6,GER,BMO,2
R00003,SP000035,SP004185,5,WRU,BAN,1
R00003,SP000035,SP004191,6,GER,SBJ,2
R00003,SP000035,SP004257,12,XJV,BMO,1
R00003,SP000035,SP004445,16,OXF,BAN,1
R00003,SP000035,SP004479,6,GER,PRR,1
R00003,SP000035,SP004626,5,WRU,OXF,1
R00003,SP000035,SP004639,5,WRU,BAN,1
R00003,SP000035,SP004641,12,XJV,BSW,1
R00004,SP000006,SP000015,7,DON,DON,12
R00005,SP000008,SP000634,8,QPW,QPW,8
R00006,SP000010,SP002204,10,DLJ,XHZ,10
R00007,SP000012,SP000056,9,HWY,MYB,6
R00007,SP000012,SP000120,11,GER,MYB,3
R00007,SP000012,SP000206,9,HWY,MYB,3
R00007,SP000012,SP000679,10,BCF,MYB,2
R00007,SP000012,SP000689,9,HWY,MYB,2
R00007,SP000012,SP004149,11,GER,MYB,1
R00007,SP000012,SP004560,11,GER,MYB,1
R00007,SP000012,SP004636,9,HWY,MYB,1
R00008,SP000413,SP000014,5,HGR,HGS,13
R00008,SP000413,SP000021,5,HGR,HGS,8
R00008,SP000413,SP000031,5,HGR,HGS,2
R00008,SP000413,SP000039,5,HGR,HGS,30
R00008,SP000413,SP000337,5,HGR,TBW,44
R00008,SP000413,SP000349,5,HGR,TBW,2
R00008,SP000413,SP000477,6,LEE,GLM,2
R00008,SP000413,SP000659,5,HGR,ORP,4
R00008,SP000413,SP000668,5,HGR,AFK,14
R00008,SP000413,SP000670,5,HGR,MDE,32
R00008,SP000413,SP001044,5,HGR,RAM,32
R00008,SP000413,SP001137,5,HGR,SEV,4
R00008,SP000413,SP001138,5,HGR,ORP,4
R00008,SP000413,SP001883,5,HGR,HGS,2
R00008,SP000413,SP001892,5,HGR,DVP,11
R00008,SP000413,SP002537,5,HGR,TBW,1
R00008,SP000413,SP002807,5,HGR,DVP,3
R00008,SP000413,SP002976,5,HGR,CBW,2
R00008,SP000413,SP003387,5,HGR,DVP,10
R00008,SP000413,SP003400,5,HGR,RAM,10
R00008,SP000413,SP004546,5,HGR,HGS,8
R00008,SP000413,SP004547,5,HGR,HGS,1
R00008,SP000413,SP004549,5,HGR,HGS,2
R00008,SP000413,SP004551,5,HGR,HGS,2
R00009,SP000017,SP000627,5,QPW,QPW,8
R00010,SP000018,SP000024,11,AYS,AYS,26
R00011,SP003630,SP000023,10,SQE,WWR,138
R00011,SP003630,SP000780,10,SQE,BAK,2
R00011,SP003630,SP001020,10,SQE,CYP,2
R00011,SP003630,SP004580,10,SQE,WCY,2
R00012,SP000025,SP001701,15,DLJ,XHZ,2
R00013,SP000118,SP000027,8,CNM,BHM,2
R00013,SP000118,SP001526,8,CNM,NOT,2
R00013,SP000118,SP003482,7,GCR,GCR,2
R00013,SP000118,SP004105,8,CNM,NOT,2
R00014,SP000032,SP002048,7,GBD,HUL,2
R00014,SP000032,SP002547,9,HUL,HUL,2
R00014,SP000032,SP003407,5,SBY,BDT,2
R00015,SP000522,SP000033,10,WOS,WOS,6
R00015,SP000522,SP000531,6,GCR,GCR,8
R00015,SP000522,SP003494,11,WOF,GMV,2
R00016,SP000034,SP001577,18,LEI,BHM,4
R00016,SP000034,SP001704,5,CBG,CBG,8
R00017,SP000073,SP000040,10,HWY,MYB,1
R00017,SP000073,SP000045,10,HWY,MYB,5
R00017,SP000073,SP004152,10,HWY,HWY,2
R00017,SP000073,SP004488,10,HWY,MYB,2
R00017,SP000073,SP004633,12,GER,MYB,1
R00017,SP000073,SP004643,14,SRU,MYB,1
R00018,SP000105,SP000041,6,RDG,HFD,2
R00018,SP000105,SP000044,6,RDG,WOF,2
R00018,SP000105,SP000048,6,RDG,GMV,17
R00018,SP000105,SP000094,6,RDG,PLY,7
R00018,SP000105,SP000096,6,RDG,PNZ,8
R00018,SP000105,SP000099,6,RDG,PNZ,10
R00018,SP000105,SP000106,6,RDG,NBY,21
R00018,SP000105,SP000129,6,RDG,WOF,2
R00018,SP000105,SP000184,6,RDG,HFD,6
R00018,SP000105,SP000198,6,RDG,WOS,2
R00018,SP000105,SP000326,7,TLH,DID,3
R00018,SP000105,SP000364,6,RDG,WOF,4
R00018,SP000105,SP000462,6,RDG,OXF,5
R00018,SP000105,SP000581,6,RDG,BRI,44
R00018,SP000105,SP000651,6,RDG,PLY,6
R00018,SP000105,SP000801,6,RDG,PLY,4
R00018,SP000105,SP000835,6,RDG,WSM,2
R00018,SP000105,SP000840,6,RDG,PNZ,2
R00018,SP000105,SP000848,6,RDG,WOS,1
R00018,SP000105,SP000858,6,RDG,OXF,27
R00018,SP000105,SP000862,6,RDG,CNM,30
R00018,SP000105,SP001654,6,RDG,NBY,3
R00018,SP000105,SP001823,6,RDG,SWA,1
R00018,SP000105,SP001838,6,RDG,SWA,25
R00018,SP000105,SP001939,6,RDG,RDG,3
R00018,SP000105,SP002174,6,RDG,WSM,12
R00018,SP000105,SP002183,6,RDG,WSM,4
R00018,SP000105,SP002209,6,RDG,EXD,4
R00018,SP000105,SP002216,6,RDG,NQY,2
R00018,SP000105,SP002711,6,RDG,BDW,2
R00018,SP000105,SP003385,6,RDG,PGN,6
R00018,SP000105,SP003417,6,RDG,CDF,18
R00018,SP000105,SP003420,6,RDG,WOS,2
R00018,SP000105,SP003428,6,RDG,WSB,2
R00018,SP000105,SP003429,6,RDG,CMN,12
R00018,SP000105,SP003434,6,RDG,SWA,2
R00018,SP000105,SP003440,6,RDG,SWA,2
R00018,SP000105,SP003448,6,RDG,TAU,2
R00018,SP000105,SP003480,6,RDG,PNZ,1
R00018,SP000105,SP003666,6,RDG,TAU,2
R00018,SP000105,SP003788,6,RDG,SWA,1
R00018,SP000105,SP004186,6,RDG,FRO,2
R00018,SP000105,SP004248,6,RDG,WPH,1
R00018,SP000105,SP004338,6,RDG,BPW,4
R00018,SP000105,SP004416,6,RDG,BDW,1
R00018,SP000105,SP004476,6,RDG,BAN,2
R00018,SP000105,SP004599,6,RDG,WOS,1
R00019,SP000042,SP004617,9,EGY,EDB,1
R00019,SP000042,SP004619,8,INK,EDB,1
R00020,SP000043,SP000645,9,HWY,MYB,2
R00020,SP000043,SP004180,9,HWY,MYB,2
R00021,SP000196,SP000046,11,BHM,BHM,6
R00021,SP000196,SP001479,12,XOZ,FOK,2
R00022,SP000047,SP000234,6,BNY,LDS,34
R00022,SP000047,SP002642,6,BNY,BNY,2
R00022,SP000047,SP003839,9,PNS,PNS,1
R00022,SP000047,SP003966,6,BNY,WKK,2
R00022,SP000047,SP004470,6,BNY,LDS,2
R00023,SP000049,SP000194,8,DNM,HWY,6
R00023,SP000049,SP000605,7,WRU,GER,2
R00023,SP000049,SP000607,8,DNM,GER,2
R00023,SP000049,SP000667,7,WRU,WRU,2
R00023,SP000049,SP004609,10,GER,GER,1
R00024,SP003934,SP000050,15,BHM,BHM,4
R00024,SP003934,SP003932,22,LOB,LOB,2
R00025,SP000051,SP000114,8,SRU,MYB,1
R00025,SP000051,SP004163,9,NLT,MYB,4
R00026,SP000617,SP000052,11,BRI,CDF,2
R00026,SP000617,SP001449,11,BRI,SVB,2
R00026,SP000617,SP002329,11,BRI,CDF,4
R00026,SP000617,SP003402,9,PSN,PAD,2
R00027,SP002968,SP000053,14,FOD,LIT,4
R00027,SP002968,SP000998,5,HAV,HRH,22
R00027,SP002968,SP001162,15,XXA,BTN,2
R00027,SP002968,SP003547,5,HAV,GTW,2
R00028,SP000054,SP000063,5,RBR,CHX,2
R00028,SP000054,SP000108,9,TON,CHX,4
R00028,SP000054,SP000154,5,RBR,CST,1
R00028,SP000054,SP000174,5,RBR,CST,2
R00029,SP000055,SP001531,9,INK,EDB,2
R00030,SP000057,SP000071,8,ETC,CHX,2
R00030,SP000057,SP000170,15,SEV,CST,2
R00030,SP000057,SP004099,14,TON,TON,2
R00030,SP000057,SP004555,14,TON,CHX,2
R00030,SP000057,SP004566,14,TON,CST,1
R00031,SP000060,SP003757,5,INK,LEV,6
R00031,SP000060,SP003767,5,INK,GLT,2
R00032,SP004122,SP000065,10,EBN,EBN,1
R00032,SP004122,SP002274,5,GLY,EBN,1
R00032,SP004122,SP003064,5,GLY,ORE,3
R00032,SP004122,SP004553,13,PEV,ORE,1
R00033,SP000067,SP000576,6,DDG,BAN,2
R00033,SP000067,SP000644,12,BAN,MYB,6
R00033,SP000067,SP000655,12,BAN,BAN,2
R00033,SP000067,SP004174,6,DDG,LMS,2
R00033,SP000067,SP004634,6,DDG,MYB,1
R00033,SP000067,SP004645,12,BAN,MYB,1
R00034,SP000069,SP003486,5,BOA,GCR,2
R00035,SP000398,SP000070,17,XCO,STG,4
R00035,SP000398,SP000077,17,XCO,MAN,30
R00035,SP000398,SP000195,5,WFJ,NMP,2
R00035,SP000398,SP000212,5,WFJ,TRI,48
R00035,SP000398,SP000266,13,RUG,WVH,8
R00035,SP000398,SP000392,17,XCO,LIV,28
R00035,SP000398,SP000401,13,RUG,BHM,46
R00035,SP000398,SP000533,8,XOD,BHM,56
R00035,SP000398,SP000868,15,XIM,LIV,24
R00035,SP000398,SP000882,13,RUG,WVH,9
R00035,SP000398,SP000885,13,RUG,CRE,2
R00035,SP000398,SP000892,13,RUG,GLC,12
R00035,SP000398,SP001313,17,XCO,HHD,12
R00035,SP000398,SP001327,5,WFJ,TRI,2
R00035,SP000398,SP001329,5,WFJ,TRI,4
R00035,SP000398,SP001343,11,XHN,NMP,6
R00035,SP000398,SP001346,14,NUN,CRE,32
R00035,SP000398,SP001451,5,WFJ,BLY,4
R00035,SP000398,SP001454,5,WFJ,BLY,4
R00035,SP000398,SP001807,17,XCO,GLC,26
R00035,SP000398,SP002179,10,MKC,GLC,1
R00035,SP000398,SP002202,8,XOD,WSL,2
R00035,SP000398,SP002261,5,WFJ,NMP,2
R00035,SP000398,SP002647,5,WFJ,MKC,5
R00035,SP000398,SP002655,5,WFJ,SAA,2
R00035,SP000398,SP002872,17,XCO,CTR,12
R00035,SP000398,SP003031,20,KDG,MAN,1
R00035,SP000398,SP003036,8,XOD,BHM,2
R00035,SP000398,SP003114,13,RUG,LIV,2
R00035,SP000398,SP003191,17,XCO,BPN,2
R00035,SP000398,SP003207,17,XCO,LIV,2
R00035,SP000398,SP003300,17,XCO,WRX,2
R00035,SP000398,SP003360,13,RUG,EDB,12
R00035,SP000398,SP003475,11,XHN,WVH,2
R00035,SP000398,SP003568,10,MKC,WVH,1
R00035,SP000398,SP003958,13,RUG,INV,2
R00035,SP000398,SP004012,11,XHN,GLC,1
R00035,SP000398,SP004017,15,XIM,PRE,2
R00035,SP000398,SP004025,17,XCO,PRE,2
R00035,SP000398,SP004034,13,RUG,CRE,2
R00035,SP000398,SP004036,10,MKC,GLC,1
R00035,SP000398,SP004111,10,MKC,GLC,1
R00035,SP000398,SP004131,5,WFJ,BHM,1
R00035,SP000398,SP004188,15,XIM,CRE,2
R00035,SP000398,SP004207,13,RUG,CRE,2
R00035,SP000398,SP004232,10,MKC,INV,1
R00035,SP000398,SP004384,13,RUG,WVH,1
R00035,SP000398,SP004399,17,XCO,GLC,1
R00035,SP000398,SP004433,8,XOD,NMP,2
R00035,SP000398,SP004516,17,XCO,GLC,1
R00035,SP000398,SP004529,5,WFJ,BHM,1
R00036,SP000072,SP001252,5,SWI,CNM,2
R00037,SP000076,SP000074,15,SHR,LLJ,10
R00037,SP000076,SP001786,15,SHR,CTR,3
R00037,SP000076,SP002133,9,WVH,SHR,2
R00037,SP000076,SP002825,15,SHR,HHD,2
R00037,SP000076,SP004583,15,SHR,MAN,1
R00038,SP000579,SP000075,15,PBL,SOP,12
R00038,SP000579,SP001775,10,HIN,WGN,5
R00038,SP000579,SP002341,10,HIN,WGW,1
R00039,SP000078,SP000145,5,SDH,WRU,2
R00040,SP000089,SP000080,6,SCU,LIV,1
R00040,SP000089,SP000085,14,SHF,LIV,2
R00040,SP000089,SP000109,22,DGT,LIV,4
R00040,SP000089,SP000113,22,DGT,LIV,2
R00040,SP000089,SP001826,5,BTB,NNG,1
R00040,SP000089,SP002454,5,BTB,SHF,2
R00040,SP000089,SP003537,11,MEX,SHF,2
R00041,SP000093,SP000082,5,HGN,CLE,2
R00041,SP000093,SP000086,5,HGN,CLE,2
R00041,SP000093,SP000091,5,HGN,CLE,2
R00041,SP000093,SP000121,7,BWD,CLE,2
R00041,SP000093,SP000126,5,HGN,CLE,2
R00041,SP000093,SP000128,18,GRN,CLE,2
R00041,SP000093,SP000133,18,GRN,CLE,2
R00041,SP000093,SP000750,5,HGN,NRW,2
R00041,SP000093,SP001354,5,HGN,NRW,12
R00041,SP000093,SP001360,5,HGN,NOT,2
R00041,SP000093,SP001362,5,HGN,NRW,2
R00041,SP000093,SP001365,5,HGN,NOT,2
R00041,SP000093,SP001366,5,HGN,NOT,2
R00041,SP000093,SP001875,18,GRN,CLE,2
R00041,SP000093,SP002673,5,HGN,NOT,2
R00041,SP000093,SP003089,5,HGN,WAC,2
R00041,SP000093,SP003115,5,HGN,NOT,2
R00041,SP000093,SP003496,12,MAN,SHF,2
R00041,SP000093,SP003657,7,BWD,NCL,1
R00041,SP000093,SP004143,5,HGN,NRW,2
R00041,SP000093,SP004261,19,SHF,DON,2
R00041,SP000093,SP004268,12,MAN,MIA,2
R00041,SP000093,SP004269,5,HGN,NRW,2
R00042,SP001871,SP000083,5,MIR,KGX,6
R00042,SP001871,SP003095,5,MIR,KGX,2
R00043,SP000095,SP000428,15,BON,MCV,2
R00043,SP000095,SP000431,15,BON,MCV,2
R00043,SP000095,SP003734,15,BON,MCO,2
R00044,SP000097,SP000101,17,AVN,AVN,2
R00044,SP000097,SP002109,6,PSN,PAD,4
R00044,SP000097,SP002497,13,CFN,CFN,2
R00044,SP000097,SP002568,8,BRI,BRI,3
R00044,SP000097,SP004514,8,BRI,BPW,1
R00045,SP000098,SP002824,7,DSL,MAN,10
R00045,SP000098,SP003468,12,SPT,MAN,1
R00046,SP000100,SP000226,18,HWY,MYB,1
R00046,SP000100,SP000555,5,DDG,LMS,7
R00046,SP000100,SP000609,5,DDG,LMS,4
R00046,SP000100,SP002430,5,DDG,MYB,2
R00047,SP000450,SP000102,19,DON,BDI,6
R00047,SP000450,SP000107,22,NTR,SUN,12
R00047,SP000450,SP000521,16,NNG,LCN,14
R00047,SP000450,SP000529,19,DON,LDS,40
R00047,SP000450,SP000698,25,NCL,NCL,36
R00047,SP000450,SP000700,19,DON,BDQ,14
R00047,SP000450,SP000799,19,DON,BDI,2
R00047,SP000450,SP000920,9,HIT,KLN,45
R00047,SP000450,SP000930,9,HIT,ELY,22
R00047,SP000450,SP000950,20,YRK,YRK,11
R00047,SP000450,SP000952,22,NTR,MBR,2
R00047,SP000450,SP000958,33,EDB,ABD,7
R00047,SP000450,SP000999,19,DON,DON,2
R00047,SP000450,SP001003,19,DON,HGT,12
R00047,SP000450,SP001007,6,WGC,CBG,12
R00047,SP000450,SP001047,19,DON,SKI,2
R00047,SP000450,SP001120,11,SDY,PBO,10
R00047,SP000450,SP001594,19,DON,HUL,12
R00047,SP000450,SP001727,9,HIT,CBG,1
R00047,SP000450,SP001880,19,DON,BEV,4
R00047,SP000450,SP002020,9,HIT,PBO,4
R00047,SP000450,SP002363,5,PBR,LET,2
R00047,SP000450,SP002914,9,HIT,KLN,3
R00047,SP000450,SP002953,19,DON,EDB,2
R00047,SP000450,SP003540,19,DON,GLQ,4
R00047,SP000450,SP003600,9,HIT,CBG,1
R00047,SP000450,SP003669,33,EDB,INV,2
R00048,SP002306,SP000103,12,BON,MCV,14
R00048,SP002306,SP002883,7,WGW,WGW,3
R00049,SP000104,SP001311,20,DLJ,DLJ,5
R00050,SP000110,SP000588,16,BFR,BFR,1
R00050,SP000110,SP001310,16,BFR,SUO,2
R00050,SP000110,SP001623,16,BFR,EPH,4
R00050,SP000110,SP001677,16,BFR,ORP,8
R00050,SP000110,SP003020,16,BFR,SUO,7
R00051,SP000111,SP001609,9,STA,BMH,2
R00051,SP000111,SP002857,8,CRE,MFH,4
R00051,SP000111,SP002858,8,CRE,CDF,6
R00051,SP000111,SP003485,8,CRE,CDF,2
R00051,SP000111,SP003488,8,CRE,CDF,2
R00051,SP000111,SP003492,8,CRE,CRE,2
R00051,SP000111,SP003590,8,CRE,FGH,2
R00051,SP000111,SP003617,8,CRE,CDF,4
R00051,SP000111,SP003676,8,CRE,CDF,4
R00051,SP000111,SP003678,8,CRE,FGH,2
R00051,SP000111,SP003686,8,CRE,PMD,2
R00051,SP000111,SP003692,8,CRE,CMN,1
R00051,SP000111,SP004209,8,CRE,SHR,2
R00051,SP000111,SP004565,8,CRE,MFH,1
R00052,SP000112,SP001872,14,BUH,HUL,1
R00052,SP000112,SP003665,5,LDS,LDS,1
R00053,SP000115,SP000131,16,SGR,LUT,1
R00053,SP000115,SP000982,15,XRT,WHP,2
R00053,SP000115,SP001665,31,KTN,KTN,12
R00053,SP000115,SP002289,32,WHP,WHP,8
R00053,SP000115,SP002797,27,BFR,WHP,2
R00053,SP000115,SP002803,14,DFD,DFD,6
R00054,SP000122,SP000274,5,SBY,LDS,6
R00054,SP000122,SP000494,5,SBY,YRK,2
R00054,SP000122,SP000694,5,SBY,MAN,14
R00054,SP000122,SP000697,7,MIK,MAN,2
R00054,SP000122,SP000702,5,SBY,MAN,12
R00054,SP000122,SP001593,5,SBY,KGX,12
R00054,SP000122,SP002302,5,SBY,LDS,1
R00054,SP000122,SP002641,5,SBY,SBY,2
R00054,SP000122,SP003869,5,SBY,MAN,1
R00054,SP000122,SP003980,14,BDI,HFX,1
R00054,SP000122,SP004117,11,LDS,LDS,1
R00054,SP000122,SP004465,7,MIK,HFX,2
R00055,SP000134,SP000175,13,SMW,WOF,2
R00055,SP000134,SP000692,7,XOH,WOS,2
R00055,SP000134,SP001440,9,BSW,BSW,2
R00055,SP000134,SP002004,22,WOS,WOS,2
R00055,SP000134,SP004100,7,XOH,WOF,2
R00055,SP000134,SP004108,7,XOH,WOF,2
R00055,SP000134,SP004113,21,DTW,WOF,2
R00056,SP000135,SP003436,5,GCR,PAD,2
R00056,SP000135,SP003751,5,GCR,BRI,2
R00057,SP000631,SP000136,6,WGN,OXN,2
R00057,SP000631,SP000192,6,WGN,GLC,4
R00057,SP000631,SP000209,6,WGN,GLC,2
R00057,SP000631,SP004375,5,SNH,WGN,1
R00058,SP001681,SP000138,6,BFR,RAI,3
R00058,SP001681,SP000761,6,BFR,RAI,1
R00058,SP001681,SP001629,8,LGJ,SUO,2
R00058,SP001681,SP001778,8,LGJ,SUO,2
R00058,SP001681,SP003915,6,BFR,RAI,1
R00058,SP001681,SP004591,6,BFR,RAI,1
R00059,SP000139,SP001284,5,WFJ,EUS,4
R00060,SP000140,SP003701,8,HUN,KGX,1
R00061,SP000143,SP002157,11,ECR,BDM,6
R00061,SP000143,SP002176,5,OXT,XSU,2
R00061,SP000143,SP002247,5,OXT,WHP,2
R00061,SP000143,SP002262,11,ECR,XSU,2
R00061,SP000143,SP003062,12,SRS,WSW,1
R00061,SP000143,SP004218,5,OXT,BDM,2
R00061,SP000143,SP004576,12,SRS,BAK,1
R00062,SP000144,SP000152,8,INK,EDB,2
R00063,SP002097,SP000146,7,PTG,GLC,28
R00063,SP002097,SP002136,5,CDY,GLC,2
R00064,SP000148,SP000961,5,BBN,BBN,2
R00064,SP000148,SP003398,10,BON,MCV,4
R00064,SP000148,SP004474,10,BON,MCV,2
R00065,SP000149,SP003250,13,XOU,EUS,1
R00065,SP000149,SP003562,13,XOU,EUS,1
R00065,SP000149,SP003970,13,XOU,EUS,13
R00065,SP000149,SP004263,13,XOU,MIA,2
R00066,SP000151,SP001412,11,BHM,BHM,4
R00066,SP000151,SP002268,5,XRA,EUS,1
R00067,SP000153,SP000176,8,MAI,PAD,1
R00067,SP000153,SP003226,6,RDG,RDG,4
R00067,SP000153,SP004296,8,MAI,PAD,1
R00067,SP000153,SP004581,10,STL,PAD,1
R00068,SP001995,SP000155,7,DMR,EDB,10
R00068,SP001995,SP001992,10,GRS,EDB,2
R00068,SP001995,SP002669,17,BLG,EDB,11
R00068,SP001995,SP002998,26,DRU,EDB,1
R00068,SP001995,SP003768,17,BLG,EDB,2
R00068,SP001995,SP003770,7,DMR,BHG,6
R00068,SP001995,SP003773,7,DMR,ADR,2
R00068,SP001995,SP003782,10,GRS,EDB,8
R00069,SP000156,SP000186,6,LGS,NTN,36
R00070,SP001211,SP000158,5,LCN,PBO,2
R00071,SP000160,SP002286,9,FZW,LDS,1
R00071,SP000160,SP003573,8,MRP,YRK,2
R00071,SP000160,SP003985,9,FZW,LDS,1
R00072,SP000161,SP004264,5,XOU,MIA,2
R00073,SP000162,SP003405,6,LCN,DON,2
R00074,SP002084,SP000163,14,WGN,LIV,4
R00074,SP002084,SP000172,13,XOU,MIA,10
R00074,SP002084,SP002229,19,CRE,CRE,2
R00074,SP002084,SP003323,14,WGN,MIA,2
R00074,SP002084,SP004009,13,XOU,EUS,1
R00074,SP002084,SP004033,20,STA,EUS,11
R00074,SP002084,SP004044,13,XOU,EUS,1
R00075,SP003974,SP000164,30,SBJ,WOS,6
R00075,SP003974,SP002758,30,SBJ,KID,8
R00076,SP000165,SP002006,7,BUS,EKL,32
R00077,SP000169,SP000188,14,CRG,YRK,2
R00077,SP000169,SP000984,13,LDS,LDS,2
R00077,SP000169,SP003781,11,BDI,LDS,2
R00077,SP000169,SP004106,15,GRF,YRK,2
R00078,SP000173,SP000197,9,HFX,BPN,6
R00079,SP000177,SP000334,8,XPY,CHX,4
R00079,SP000177,SP003024,8,XPY,CHX,2
R00079,SP000177,SP003107,8,XPY,CST,2
R00080,SP000178,SP000888,11,EGY,EDB,2
R00081,SP001064,SP000180,7,GRP,HGS,4
R00081,SP001064,SP000185,7,GRP,HGS,2
R00081,SP001064,SP001031,7,GRP,RAM,2
R00081,SP001064,SP001056,7,GRP,AFK,2
R00081,SP001064,SP001893,7,GRP,DVP,2
R00081,SP001064,SP001895,7,GRP,RAM,2
R00081,SP001064,SP002910,7,GRP,TBW,2
R00081,SP001064,SP003122,6,HGR,CST,20
R00081,SP001064,SP003425,7,GRP,TON,2
R00081,SP001064,SP004537,7,GRP,DVP,6
R00081,SP001064,SP004538,7,GRP,RAM,4
R00082,SP000181,SP000347,17,SMW,WOF,2
R00083,SP000182,SP000229,5,KGP,GLC,34
R00084,SP000183,SP003806,11,AAP,KGX,1
R00085,SP000187,SP001726,8,WGC,CBG,2
R00085,SP000187,SP002354,14,LET,RYS,3
R00085,SP000187,SP002757,14,LET,CBG,16
R00085,SP000187,SP002762,14,LET,CBG,23
R00086,SP000565,SP000189,8,XLK,EDB,16
R00086,SP000565,SP000205,8,XLK,GLC,12
R00086,SP000565,SP000560,10,HWI,BPN,18
R00086,SP000565,SP000570,19,PFY,BPN,14
R00086,SP000565,SP000610,8,XLK,BPN,5
R00086,SP000565,SP003292,5,DGT,LAN,2
R00086,SP000565,SP003707,10,HWI,BPN,2
R00086,SP000565,SP004451,8,XLK,OXN,2
R00086,SP000565,SP004500,5,DGT,LIV,1
R00087,SP000200,SP003239,7,MFL,GLC,2
R00088,SP000202,SP000224,5,MFL,NTN,36
R00088,SP000202,SP002685,6,CCT,GLC,36
R00089,SP000204,SP001898,9,PSE,FST,4
R00089,SP000204,SP003823,9,PSE,FST,2
R00089,SP000204,SP003825,7,LES,FST,2
R00089,SP000204,SP003827,7,LES,FST,2
R00089,SP000204,SP003830,11,LAI,FST,56
R00089,SP000204,SP003835,7,LES,FST,2
R00089,SP000204,SP003848,15,WEH,FST,5
R00089,SP000204,SP003850,11,LAI,FST,8
R00090,SP000495,SP000208,6,LDY,KIN,2
R00090,SP000495,SP001812,6,LDY,HNT,2
R00090,SP000495,SP001944,10,BYF,ABD,2
R00090,SP000495,SP003718,5,KDY,ABD,1
R00091,SP000211,SP000232,6,CFS,CFS,2
R00092,SP000213,SP000241,14,XOA,WDM,4
R00092,SP000213,SP000249,6,DGT,WDM,2
R00092,SP000213,SP000251,6,DGT,CKL,2
R00092,SP000213,SP001670,9,XLK,WDM,2
R00093,SP000704,SP000215,5,TOM,BIS,16
R00093,SP000704,SP000708,5,TOM,BIS,2
R00093,SP000704,SP003777,5,TOM,BIS,8
R00093,SP000704,SP003778,5,TOM,BIS,4
R00093,SP000704,SP003785,11,BXB,BIS,2
R00093,SP000704,SP003787,5,TOM,BIS,2
R00093,SP000704,SP003791,7,BMD,BIS,2
R00093,SP000704,SP004095,11,BXB,HFE,4
R00093,SP000704,SP004425,8,ENL,HFE,2
R00093,SP000704,SP004428,7,BMD,HFE,2
R00093,SP000704,SP004439,7,BMD,BIS,2
R00093,SP000704,SP004442,7,BMD,BIS,2
R00094,SP004140,SP000216,6,STG,STG,2
R00094,SP004140,SP004293,6,STG,ABD,1
R00095,SP000222,SP002077,6,CHN,LST,8
R00095,SP000222,SP003685,8,TOM,TOM,2
R00095,SP000222,SP003747,10,HAC,LST,1
R00096,SP000312,SP000231,7,LBO,NRW,1
R00096,SP000312,SP002465,7,LBO,STP,1
R00097,SP000235,SP000240,6,WRU,BSW,1
R00097,SP000235,SP000297,7,DNM,HWY,2
R00097,SP000235,SP000311,7,DNM,AYS,1
R00097,SP000235,SP001640,6,WRU,GER,2
R00097,SP000235,SP002792,7,DNM,HWY,2
R00097,SP000235,SP003190,7,DNM,AYS,2
R00097,SP000235,SP003410,7,DNM,OXF,1
R00097,SP000235,SP004159,9,GER,AYS,1
R00097,SP000235,SP004182,7,DNM,AYS,2
R00097,SP000235,SP004233,6,WRU,WRU,1
R00097,SP000235,SP004563,7,DNM,OXF,1
R00097,SP000235,SP004635,6,WRU,BMO,1
R00097,SP000235,SP004637,7,DNM,AYS,1
R00098,SP000237,SP000255,5,DOG,DOG,2
R00099,SP000239,SP004504,10,STG,ABD,1
R00100,SP000242,SP004247,10,LHW,GLC,2
R00101,SP000245,SP002688,6,LHW,LAR,4
R00101,SP000245,SP002989,12,ASB,ADS,30
R00101,SP000245,SP003270,12,ASB,ASB,5
R00101,SP000245,SP004447,12,ASB,ADN,1
R00102,SP000260,SP000904,6,WJH,WJH,10
R00102,SP000260,SP001827,5,XMB,WFJ,4
R00103,SP001993,SP000262,6,BHG,BHG,14
R00103,SP001993,SP000502,6,BHG,HLC,10
R00103,SP001993,SP000559,24,HYN,HLC,14
R00103,SP001993,SP003776,6,BHG,HLC,2
R00103,SP001993,SP003779,24,HYN,HLC,2
R00103,SP001993,SP003792,17,SLS,HLC,2
R00103,SP001993,SP003796,25,GRS,GRS,2
R00103,SP001993,SP003893,11,ADR,MLN,8
R00103,SP001993,SP003897,11,ADR,GRS,2
R00103,SP001993,SP003902,24,HYN,MLN,2
R00103,SP001993,SP004316,11,ADR,ADR,2
R00104,SP000263,SP004436,7,EDB,HYM,2
R00105,SP000264,SP003653,6,DRM,DUN,2
R00106,SP000268,SP000267,10,ADW,GLC,2
R00106,SP000268,SP001952,7,KKN,GLC,4
R00106,SP000268,SP002087,7,KKN,MTH,2
R00106,SP000268,SP004448,20,UDD,GLC,6
R00107,SP000269,SP004454,10,FLD,EDB,2
R00108,SP003581,SP000271,16,CLR,FGH,2
R00109,SP001470,SP000272,9,NBR,SSD,6
R00109,SP001470,SP001468,9,NBR,LEI,4
R00109,SP001470,SP001477,8,HNK,SSD,20
R00109,SP001470,SP001485,11,LEI,SSD,2
R00109,SP001470,SP001508,9,NBR,CBG,2
R00109,SP001470,SP001520,8,HNK,CBG,2
R00109,SP001470,SP004104,8,HNK,LEI,2
R00110,SP000273,SP000760,13,DFD,LUT,2
R00110,SP000273,SP000784,13,DFD,CST,2
R00110,SP000273,SP001141,5,SOO,TON,2
R00110,SP000273,SP001144,5,SOO,PDW,2
R00110,SP000273,SP001661,13,DFD,LUT,2
R00111,SP002689,SP000276,6,PTG,GLC,12
R00111,SP002689,SP004329,6,PTG,GLC,2
R00112,SP000279,SP003964,7,HFX,LDS,2
R00113,SP000282,SP000294,6,HBB,NOT,2
R00114,SP000285,SP000283,9,GRA,NOT,8
R00114,SP000285,SP000296,9,GRA,NOT,2
R00114,SP000285,SP000303,8,ANC,NOT,2
R00115,SP001295,SP000286,9,HHE,EBN,20
R00115,SP001295,SP000639,8,TBD,PMH,1
R00115,SP001295,SP000945,6,ELD,BOG,4
R00115,SP001295,SP000971,11,BUG,BOG,2
R00115,SP001295,SP001001,8,TBD,PMH,2
R00115,SP001295,SP001002,8,TBD,PMH,24
R00115,SP001295,SP001005,8,TBD,PMS,2
R00115,SP001295,SP001015,8,TBD,CCH,2
R00115,SP001295,SP001077,9,HHE,EBN,2
R00115,SP001295,SP001083,9,HHE,EBN,4
R00115,SP001295,SP001092,9,HHE,EBN,4
R00115,SP001295,SP001239,11,BUG,LIT,40
R00115,SP001295,SP001241,6,ELD,LIT,10
R00115,SP001295,SP001255,11,BUG,LIT,6
R00115,SP001295,SP001291,11,BUG,BTN,16
R00115,SP001295,SP002276,9,HHE,HGS,1
R00115,SP001295,SP002965,8,TBD,PMH,24
R00115,SP001295,SP002980,8,TBD,PMS,2
R00115,SP001295,SP002983,8,TBD,PMH,2
R00115,SP001295,SP002986,8,TBD,PMS,2
R00115,SP001295,SP002991,9,HHE,ORE,2
R00115,SP001295,SP002992,9,HHE,ORE,4
R00115,SP001295,SP002995,9,HHE,ORE,18
R00115,SP001295,SP003006,9,HHE,ORE,6
R00115,SP001295,SP003014,9,HHE,HGS,2
R00115,SP001295,SP003026,11,BUG,LIT,2
R00115,SP001295,SP003130,13,BTN,WRH,1
R00115,SP001295,SP003179,5,XJS,TBD,1
R00115,SP001295,SP003294,8,TBD,HRH,2
R00115,SP001295,SP003298,8,TBD,CCH,2
R00115,SP001295,SP003675,12,PRP,WRH,1
R00115,SP001295,SP003677,9,HHE,WRH,1
R00115,SP001295,SP003756,5,XJS,BTN,1
R00115,SP001295,SP004020,7,GTW,GTW,1
R00115,SP001295,SP004086,6,ELD,WRH,1
R00116,SP002233,SP000290,9,NRW,CBG,4
R00116,SP002233,SP003696,6,CNY,NRW,4
R00117,SP000293,SP000299,8,WGN,LIV,2
R00117,SP000293,SP000301,11,ROB,LIV,2
R00117,SP000293,SP000740,6,XOU,MIA,21
R00117,SP000293,SP000759,6,XOU,MIA,7
R00117,SP000293,SP003670,8,WGN,LIV,2
R00117,SP000293,SP004097,6,XOU,MAN,1
R00117,SP000293,SP004229,8,WGN,LIV,2
R00117,SP000293,SP004426,11,ROB,LIV,2
R00117,SP000293,SP004526,6,XOU,MAN,1
R00118,SP000295,SP001251,11,SNF,LST,2
R00119,SP000723,SP000307,9,LAD,CHX,72
R00119,SP000723,SP002963,10,LEW,LEW,2
R00119,SP000723,SP003236,10,LEW,NWX,2
R00120,SP000309,SP002550,8,XTR,NOT,2
R00120,SP000309,SP002558,11,NOT,LCN,2
R00121,SP002023,SP000315,8,SVG,KGX,1
R00121,SP002023,SP000573,8,SVG,HRH,1
R00121,SP002023,SP000575,8,SVG,HRH,3
R00121,SP002023,SP001121,5,BIW,KGX,9
R00121,SP002023,SP001499,10,WGC,HRH,1
R00121,SP002023,SP001501,37,IFI,HRH,15
R00121,SP002023,SP001504,8,SVG,HRH,2
R00121,SP002023,SP002028,8,SVG,HRH,10
R00121,SP002023,SP002033,8,SVG,HRH,2
R00121,SP002023,SP003303,8,SVG,KGX,1
R00121,SP002023,SP003549,8,SVG,KGX,3
R00121,SP002023,SP003599,8,SVG,KGX,1
R00121,SP002023,SP003991,24,ECR,HRH,1
R00121,SP002023,SP003992,24,ECR,HRH,1
R00121,SP002023,SP003994,14,XKB,KGX,2
R00121,SP002023,SP003996,10,WGC,KGX,1
R00121,SP002023,SP004155,31,ELD,HRH,2
R00121,SP002023,SP004339,27,XJS,HRH,1
R00121,SP002023,SP004341,24,ECR,HRH,1
R00122,SP000316,SP000320,10,HEC,SKG,2
R00122,SP000316,SP000330,12,BSN,BSN,2
R00122,SP000316,SP001763,5,BTF,SKG,1
R00122,SP000316,SP003161,6,GRA,PBO,1
R00123,SP000318,SP001209,5,GRA,GRA,4
R00123,SP000318,SP001352,5,GRA,NRW,2
R00124,SP000787,SP000319,20,SRT,XVJ,6
R00124,SP000787,SP000718,7,MDE,CHX,5
R00124,SP000787,SP000783,11,BRG,XVJ,17
R00124,SP000787,SP000791,11,BRG,XVJ,2
R00124,SP000787,SP004605,14,OTF,CHX,1
R00124,SP000787,SP004613,14,OTF,XVJ,3
R00125,SP000321,SP000323,5,ALK,SKG,2
R00125,SP000321,SP000327,13,BSN,SKG,2
R00125,SP000321,SP000329,13,BSN,BSN,2
R00125,SP000321,SP001108,5,ALK,SKG,2
R00125,SP000321,SP001109,5,ALK,SKG,1
R00125,SP000321,SP001118,11,HEC,SKG,2
R00125,SP000321,SP002466,5,ALK,PBO,1
R00126,SP000438,SP000324,6,SBP,SBP,150
R00127,SP000666,SP000333,5,DON,HUL,2
R00127,SP000666,SP000688,7,HFS,SCA,4
R00127,SP000666,SP000696,13,BEV,BDT,2
R00127,SP000666,SP000701,8,GOO,HUL,2
R00127,SP000666,SP000705,11,HUL,HUL,3
R00127,SP000666,SP002726,7,HFS,SCA,1
R00127,SP000666,SP003313,7,HFS,SCA,1
R00128,SP000386,SP000338,6,HBD,LDS,2
R00128,SP000386,SP001000,6,HBD,LDS,6
R00128,SP000386,SP001733,6,HBD,LDS,2
R00128,SP000386,SP002945,7,HFX,LDS,2
R00128,SP000386,SP003695,6,HBD,LDS,2
R00129,SP001337,SP000340,16,SAF,GTW,2
R00130,SP000343,SP003560,6,WJL,WJL,1
R00131,SP000345,SP001125,11,XJS,REI,1
R00131,SP000345,SP002195,8,SCY,EGR,1
R00131,SP000345,SP003595,11,XJS,GTW,1
R00131,SP000345,SP003822,11,XJS,TBD,1
R00132,SP000346,SP000378,7,WRH,WSW,2
R00132,SP000346,SP001115,18,GTW,BAL,8
R00132,SP000346,SP001298,16,HHE,HHE,2
R00132,SP000346,SP001595,7,WRH,BTN,2
R00132,SP000346,SP002578,12,PRP,XSU,1
R00132,SP000346,SP003029,7,WRH,BAL,4
R00133,SP000348,SP003033,10,NWD,XSU,1
R00134,SP000350,SP003694,9,NWD,XSU,1
R00135,SP002206,SP000351,13,SUO,SUO,28
R00135,SP002206,SP002096,7,SRS,SRS,6
R00135,SP002206,SP002444,7,SRS,ECR,6
R00136,SP000553,SP000355,5,CLV,WOF,4
R00136,SP000553,SP004162,8,LMS,MYB,2
R00137,SP000357,SP000946,11,LVN,WSW,1
R00138,SP000358,SP003687,6,LTL,RCD,2
R00139,SP000361,SP000444,20,WJH,IMW,152
R00139,SP000361,SP000909,19,XKG,WJL,3
R00139,SP000361,SP001619,10,CMD,CMD,4
R00139,SP000361,SP001698,20,WJH,WJH,4
R00140,SP002810,SP000362,7,SCY,OXT,1
R00140,SP002810,SP001026,7,SCY,UCK,33
R00140,SP002810,SP001042,7,SCY,UCK,2
R00140,SP002810,SP001734,5,NWD,EPS,69
R00140,SP002810,SP002173,6,ECR,HRH,2
R00140,SP002810,SP002256,6,ECR,TBD,2
R00140,SP002810,SP002498,6,ECR,EBN,1
R00140,SP002810,SP002506,6,ECR,LIT,1
R00140,SP002810,SP002516,6,ECR,BOG,1
R00140,SP002810,SP002725,7,SCY,EGR,1
R00140,SP002810,SP003249,6,ECR,ECR,2
R00141,SP000363,SP000376,5,SEV,CHX,5
R00141,SP000363,SP002915,5,SEV,CST,1
R00141,SP000363,SP003117,5,SEV,CHX,1
R00141,SP000363,SP003458,5,SEV,CST,1
R00142,SP004404,SP000366,13,AFK,AFK,4
R00142,SP004404,SP003218,12,XSI,AFK,8
R00142,SP004404,SP003252,8,DVP,AFK,1
R00142,SP004404,SP003664,12,XSI,CHX,1
R00142,SP004404,SP004618,12,XSI,SPX,1
R00143,SP000665,SP000368,5,WJH,WJH,4
R00144,SP000464,SP000369,6,MRD,BNP,1
R00144,SP000464,SP000457,7,EGG,BNP,4
R00144,SP000464,SP000461,6,MRD,BNP,4
R00145,SP000370,SP000954,5,FZW,DON,36
R00146,SP000372,SP002275,6,XRH,EBN,1
R00147,SP001127,SP000377,5,BGD,PEN,2
R00147,SP001127,SP001055,16,CDF,CDF,2
R00147,SP001127,SP001129,5,BGD,BYI,2
R00147,SP001127,SP001140,9,LNB,BYI,2
R00147,SP001127,SP003472,23,BRY,BGN,2
R00147,SP001127,SP003502,5,BGD,CDF,2
R00148,SP000382,SP004253,9,ROB,LIV,2
R00149,SP000383,SP002168,11,ECR,CBG,47
R00149,SP000383,SP004217,11,ECR,CBG,1
R00149,SP000383,SP004574,7,GTW,BDM,1
R00149,SP000383,SP004579,11,ECR,CBG,1
R00150,SP001955,SP000394,11,CDF,EBB,5
R00151,SP000396,SP001151,6,PUR,WSW,1
R00151,SP000396,SP003305,9,SRS,BAK,2
R00152,SP000397,SP000549,8,SNE,BMH,22
R00152,SP000397,SP001459,8,SNE,BHM,10
R00152,SP000397,SP001666,8,SNE,PGN,2
R00152,SP000397,SP001669,8,SNE,PGN,2
R00152,SP000397,SP001672,8,SNE,BRI,18
R00152,SP000397,SP001774,8,SNE,RDG,2
R00152,SP000397,SP003253,13,RUG,EUS,1
R00152,SP000397,SP003266,8,SNE,EUS,2
R00152,SP000397,SP003377,8,SNE,SOU,2
R00152,SP000397,SP004023,10,XOI,EUS,2
R00153,SP000399,SP004002,5,HFX,HFX,2
R00154,SP000402,SP001598,6,COV,BMH,2
R00155,SP000405,SP003681,20,DMR,BHC,2
R00155,SP000405,SP003774,14,HYN,HLC,2
R00155,SP000405,SP003892,16,WES,MLN,1
R00156,SP000406,SP001641,9,NMC,MAN,2
R00156,SP000406,SP004011,9,NMC,MAN,1
R00156,SP000406,SP004377,8,CLY,MAN,1
R00157,SP001339,SP000409,10,DTW,WOS,8
R00157,SP001339,SP002145,14,GMV,GMV,2
R00157,SP001339,SP002146,10,DTW,HFD,4
R00157,SP001339,SP004090,11,WOF,WOF,2
R00158,SP001820,SP000412,6,SAC,NOT,36
R00158,SP001820,SP000415,6,SAC,NOT,24
R00158,SP001820,SP000432,6,SAC,NOT,8
R00158,SP001820,SP000684,6,SAC,SHF,31
R00158,SP001820,SP000717,6,SAC,SHF,31
R00158,SP001820,SP002994,13,COR,DBY,2
R00158,SP001820,SP003423,6,SAC,DBY,2
R00159,SP000416,SP002645,5,SPO,STP,26
R00159,SP000416,SP002650,7,XTG,STP,2
R00159,SP000416,SP002652,15,FLT,STP,1
R00159,SP000416,SP004047,15,FLT,STP,1
R00160,SP000420,SP002812,12,NCL,CAR,2
R00161,SP000421,SP000454,7,DON,SHF,2
R00162,SP000422,SP001004,5,LBO,LEI,1
R00162,SP000422,SP002674,5,LBO,NRW,2
R00163,SP000424,SP004408,5,MBR,MBR,4
R00164,SP003088,SP000425,7,HUL,SHF,2
R00164,SP003088,SP000433,7,HUL,SHF,2
R00164,SP003088,SP001135,7,HUL,YRK,4
R00164,SP003088,SP001401,7,HUL,YRK,4
R00164,SP003088,SP003551,7,HUL,YRK,4
R00164,SP003088,SP003553,7,HUL,YRK,2
R00164,SP003088,SP003565,7,HUL,YRK,2
R00164,SP003088,SP004368,7,HUL,YRK,2
R00165,SP002081,SP000430,6,ACB,EUS,29
R00165,SP002081,SP001592,6,ACB,EUS,22
R00165,SP002081,SP001792,6,ACB,EUS,1
R00165,SP002081,SP003111,10,STA,EUS,2
R00165,SP002081,SP004026,9,CRE,CRE,4
R00166,SP000435,SP004187,6,DUN,EDB,2
R00167,SP000439,SP000593,9,HUD,HUL,14
R00167,SP000439,SP000652,13,CFD,YRK,6
R00167,SP000439,SP001110,11,WKK,WKK,1
R00167,SP000439,SP002149,10,MIR,YRK,1
R00167,SP000439,SP003074,11,WKK,YRK,1
R00168,SP000440,SP000446,17,MEX,SHF,4
R00168,SP000440,SP001179,12,GBD,YRK,2
R00168,SP000440,SP001204,6,BDT,HUL,3
R00168,SP000440,SP002990,6,BDT,SHF,2
R00168,SP000440,SP004250,12,GBD,SHF,2
R00169,SP000671,SP000441,6,NOP,NCL,22
R00170,SP000442,SP000991,6,AAP,CBG,2
R00170,SP000442,SP002493,14,CUF,HFN,1
R00170,SP000442,SP002494,8,PAL,RYS,1
R00170,SP000442,SP002502,12,GDH,CBG,1
R00170,SP000442,SP002602,6,AAP,WGC,1
R00170,SP000442,SP002623,9,WIH,PBO,1
R00170,SP000442,SP002765,6,AAP,CBG,1
R00170,SP000442,SP002973,16,HFN,HFN,2
R00170,SP000442,SP003030,6,AAP,WGC,2
R00170,SP000442,SP003175,12,GDH,HFN,2
R00170,SP000442,SP004237,6,AAP,PBO,1
R00171,SP000537,SP000445,14,YRK,BHM,2
R00171,SP000537,SP001429,9,NCL,NCL,4
R00171,SP000537,SP001671,14,YRK,PLY,2
R00171,SP000537,SP001674,14,YRK,CDF,2
R00171,SP000537,SP001676,14,YRK,PLY,8
R00171,SP000537,SP001680,14,YRK,BRI,2
R00171,SP000537,SP001876,14,YRK,PNZ,2
R00171,SP000537,SP001877,21,HUN,KGX,1
R00171,SP000537,SP002344,21,HUN,KGX,1
R00171,SP000537,SP002854,8,MPT,NCL,2
R00171,SP000537,SP002942,10,DHM,KGX,6
R00171,SP000537,SP002958,25,SVG,KGX,2
R00171,SP000537,SP003384,14,YRK,BRI,2
R00171,SP000537,SP003476,27,WGC,KGX,2
R00171,SP000537,SP004602,21,HUN,KGX,1
R00172,SP000447,SP001374,9,LHD,GLD,4
R00172,SP000447,SP001376,9,LHD,GLD,34
R00173,SP000448,SP001415,9,SNF,LST,1
R00173,SP000448,SP004150,13,RMF,LST,1
R00173,SP000448,SP004561,9,SNF,LST,1
R00174,SP002492,SP000449,8,NCL,MCE,2
R00174,SP002492,SP000451,8,NCL,NCL,2
R00174,SP002492,SP002520,8,NCL,CAR,2
R00174,SP002492,SP002811,7,BNR,CAR,2
R00174,SP002492,SP002814,8,NCL,CAR,2
R00174,SP002492,SP002815,8,NCL,HEX,2
R00175,SP000452,SP000456,5,MRD,BNP,2
R00176,SP003189,SP000453,12,LDS,SCA,1
R00176,SP003189,SP003044,8,MSN,SHF,1
R00177,SP000458,SP000772,8,SHF,NOT,2
R00177,SP000458,SP002933,8,SHF,SHF,2
R00178,SP001213,SP000459,6,WRM,NEM,2
R00178,SP001213,SP000672,9,POO,SOU,6
R00178,SP001213,SP000673,6,WRM,SOU,2
R00178,SP001213,SP001844,6,WRM,SOU,2
R00178,SP001213,SP001845,6,WRM,BMH,2
R00178,SP001213,SP002488,6,WRM,WOK,2
R00178,SP001213,SP003903,9,POO,NEM,2
R00178,SP001213,SP004466,6,WRM,NEM,2
R00179,SP001190,SP000463,24,DCH,WEY,8
R00179,SP001190,SP000944,15,BCU,POO,2
R00179,SP001190,SP001030,5,BSK,GIL,2
R00179,SP001190,SP001041,5,BSK,SAL,18
R00179,SP001190,SP001068,5,BSK,WSB,2
R00179,SP001190,SP001071,5,BSK,YVP,4
R00179,SP001190,SP001186,5,BSK,YVP,2
R00179,SP001190,SP001187,5,BSK,YVJ,2
R00179,SP001190,SP001194,5,BSK,EXD,6
R00179,SP001190,SP001197,5,BSK,EXD,10
R00179,SP001190,SP001198,5,BSK,EXD,6
R00179,SP001190,SP001206,5,BSK,EXD,6
R00179,SP001190,SP001217,15,BCU,WEY,14
R00179,SP001190,SP001227,20,HAM,WEY,8
R00179,SP001190,SP001233,7,WIN,WEY,2
R00179,SP001190,SP003109,5,BSK,YVJ,5
R00179,SP001190,SP003844,15,BCU,BMH,2
R00179,SP001190,SP003846,14,TTN,BMH,4
R00179,SP001190,SP003849,16,BMH,BMH,1
R00179,SP001190,SP003851,7,WIN,SOU,2
R00179,SP001190,SP004198,19,POO,POO,1
R00180,SP000465,SP001706,11,SHF,SHF,8
R00181,SP000714,SP000467,6,SHF,LCN,26
R00181,SP000714,SP000508,6,SHF,SHF,2
R00182,SP002697,SP000469,10,CBG,CBG,8
R00182,SP002697,SP001846,7,ELY,LIV,6
R00182,SP002697,SP001847,7,ELY,LIV,14
R00182,SP002697,SP002948,7,ELY,DBY,2
R00182,SP002697,SP003953,7,ELY,SHF,2
R00182,SP002697,SP004275,7,ELY,MAN,2
R00182,SP002697,SP004379,7,ELY,ELY,2
R00182,SP002697,SP004518,7,ELY,LIV,1
R00182,SP002697,SP004628,7,ELY,LIV,1
R00183,SP000470,SP001689,7,BMC,BBN,2
R00184,SP000471,SP000473,10,KGN,BNP,2
R00184,SP000471,SP000475,7,MRD,BNP,2
R00185,SP001150,SP000472,8,BRY,BGN,6
R00186,SP000474,SP001616,6,BMC,BBN,26
R00186,SP000474,SP001684,9,BBN,BBN,4
R00187,SP001405,SP000476,30,YRK,NCL,4
R00187,SP001405,SP001413,27,SHF,NCL,2
R00187,SP001405,SP003374,16,BHM,MAN,2
R00188,SP002278,SP000478,6,SWI,SWI,2
R00188,SP002278,SP003435,11,MAI,PAD,1
R00189,SP000491,SP000479,18,SOR,XVJ,2
R00189,SP000491,SP000498,10,FAV,XVJ,8
R00189,SP000491,SP000503,10,FAV,XVJ,2
R00189,SP000491,SP000551,10,FAV,FAV,6
R00189,SP000491,SP003059,10,FAV,GLM,1
R00189,SP000491,SP003378,10,FAV,XVJ,2
R00189,SP000491,SP004534,18,SOR,CST,4
R00189,SP000491,SP004587,10,FAV,XVJ,2
R00189,SP000491,SP004640,10,FAV,RTR,1
R00190,SP001399,SP000480,5,XKI,EDB,4
R00190,SP001399,SP001396,9,BUT,NOT,6
R00190,SP001399,SP001397,5,XKI,NOT,6
R00190,SP001399,SP001398,9,BUT,NOT,6
R00190,SP001399,SP001735,11,SPO,NOT,4
R00190,SP001399,SP004096,5,XKI,NOT,6
R00191,SP000481,SP000487,20,SOR,XVJ,1
R00191,SP000481,SP000496,11,FAV,FAV,16
R00191,SP000481,SP000556,11,FAV,XVJ,4
R00191,SP000481,SP004588,20,SOR,XVJ,2
R00192,SP000483,SP001434,9,TAH,BHM,6
R00192,SP000483,SP001462,6,DBY,BHM,2
R00192,SP000483,SP001645,27,GCR,GCR,2
R00192,SP000483,SP002628,6,DBY,MAT,6
R00192,SP000483,SP003251,6,DBY,CRE,1
R00192,SP000483,SP003381,29,CPW,CDF,2
R00193,SP002423,SP000484,9,WSB,WSB,7
R00193,SP002423,SP000493,9,WSB,FRO,3
R00193,SP002423,SP002415,9,WSB,SAL,4
R00193,SP002423,SP002644,9,WSB,WEY,2
R00193,SP002423,SP003409,9,WSB,PMH,2
R00193,SP002423,SP003532,11,WMN,SAL,4
R00194,SP002371,SP000486,8,PLY,PNZ,2
R00194,SP002371,SP002357,8,PLY,PNZ,2
R00194,SP002371,SP002359,8,PLY,PNZ,2
R00194,SP002371,SP002366,8,PLY,PNZ,2
R00194,SP002371,SP002369,10,SGM,PNZ,2
R00194,SP002371,SP004513,8,PLY,PLY,1
R00195,SP000489,SP001500,6,NLW,MAN,2
R00196,SP001525,SP000490,5,AYR,GLC,2
R00196,SP001525,SP001528,5,AYR,KMK,2
R00197,SP002051,SP000497,7,GIR,STR,4
R00197,SP002051,SP002063,5,AYR,AYR,2
R00198,SP000501,SP002530,5,MIK,HUL,2
R00198,SP000501,SP002562,6,CHF,YRK,2
R00198,SP000501,SP003512,5,MIK,SBY,2
R00198,SP000501,SP003529,5,MIK,YRK,1
R00198,SP000501,SP003571,5,MIK,HUL,1
R00199,SP002934,SP000504,7,WRK,RET,2
R00199,SP002934,SP002935,7,WRK,WRK,2
R00200,SP000505,SP001863,7,LDS,BBN,1
R00200,SP000505,SP004276,7,LDS,BPN,2
R00201,SP002122,SP000507,8,WOF,WOS,3
R00201,SP002122,SP002121,8,WOF,BHM,2
R00201,SP002122,SP002309,8,WOF,PAD,1
R00201,SP002122,SP002864,8,WOF,PAD,1
R00201,SP002122,SP003443,8,WOF,PAD,5
R00201,SP002122,SP003875,14,KNN,BHM,2
R00202,SP000515,SP001644,5,SHF,PLY,2
R00203,SP000516,SP001054,10,HUN,KGX,2
R00203,SP000516,SP001300,14,SVG,KGX,1
R00204,SP002671,SP000517,11,EXD,EXD,6
R00204,SP002671,SP002677,11,EXD,PGN,16
R00204,SP002671,SP003514,11,EXD,CDF,2
R00204,SP002671,SP003517,11,EXD,BNP,2
R00204,SP002671,SP004333,12,EXT,PGN,8
R00205,SP000550,SP000518,8,SCS,EXD,2
R00205,SP000550,SP000558,7,DWW,EXM,2
R00205,SP000550,SP001152,8,SCS,EXM,12
R00205,SP000550,SP001156,7,DWW,EXM,16
R00205,SP000550,SP001165,8,SCS,EXM,4
R00205,SP000550,SP001167,7,DWW,EXM,2
R00205,SP000550,SP001168,13,SJP,EXM,2
R00205,SP000550,SP001542,7,DWW,MAN,2
R00205,SP000550,SP001556,7,DWW,MAN,2
R00205,SP000550,SP002411,11,EXD,EXD,2
R00205,SP000550,SP002570,8,SCS,BRI,2
R00205,SP000550,SP003285,7,DWW,EXD,2
R00205,SP000550,SP003415,7,DWW,PAD,4
R00205,SP000550,SP003513,8,SCS,CDF,2
R00205,SP000550,SP004093,7,DWW,BRI,2
R00205,SP000550,SP004167,7,DWW,PAD,2
R00206,SP002187,SP000520,9,SKI,CAR,2
R00207,SP000523,SP002027,10,HYN,BHC,8
R00207,SP000523,SP004305,10,HYN,GRS,2
R00208,SP000528,SP000526,21,WFF,WFF,26
R00208,SP000528,SP002694,12,AGS,RUT,4
R00208,SP000528,SP003001,15,RUT,CUB,28
R00208,SP000528,SP003003,15,RUT,MTH,28
R00208,SP000528,SP003916,8,PTK,EDB,1
R00208,SP000528,SP004206,8,PTK,EDB,1
R00208,SP000528,SP004235,22,MTH,CRS,2
R00209,SP000527,SP001522,5,GCR,SSD,2
R00210,SP001318,SP000534,5,SBP,KNT,10
R00210,SP001318,SP003060,6,WMB,WMB,104
R00210,SP001318,SP003369,5,SBP,SBP,4
R00211,SP000535,SP001941,6,KMK,KMK,10
R00211,SP000535,SP002038,6,KMK,AYR,2
R00211,SP000535,SP002475,11,DMF,DMF,4
R00211,SP000535,SP003229,6,KMK,GIR,2
R00212,SP000536,SP000557,7,GRY,PSE,18
R00212,SP000536,SP000594,7,GRY,SOC,2
R00212,SP000536,SP000611,7,GRY,LES,2
R00213,SP000538,SP000891,32,LLE,LLE,1
R00214,SP002312,SP000540,7,KGM,DID,2
R00214,SP002312,SP003441,11,OXF,PAD,1
R00214,SP002312,SP003811,11,OXF,PAD,1
R00215,SP000541,SP004373,10,EXD,EXC,1
R00216,SP000543,SP001287,5,APS,EUS,4
R00216,SP000543,SP002611,5,APS,EUS,2
R00217,SP000547,SP004258,6,WTH,WTH,2
R00218,SP000548,SP002065,7,COS,BHM,1
R00218,SP000548,SP002066,7,COS,BHM,5
R00219,SP000612,SP000554,10,BMO,BSW,2
R00219,SP000612,SP004102,6,DDG,WOF,2
R00220,SP000562,SP000978,16,BFR,BDM,4
R00220,SP000562,SP001203,28,SAC,BDM,4
R00220,SP000562,SP003055,16,BFR,BDM,2
R00221,SP003913,SP000563,11,HAV,SOU,1
R00222,SP000568,SP001637,5,SRC,WFJ,32
R00222,SP000568,SP002522,5,SRC,BAK,4
R00223,SP000661,SP000578,12,MIK,HUL,15
R00223,SP000661,SP000678,16,NTR,RCC,20
R00223,SP000661,SP000719,11,CRG,RCC,4
R00223,SP000661,SP001561,7,HUD,RCC,1
R00223,SP000661,SP002978,7,HUD,YRK,1
R00223,SP000661,SP003048,7,HUD,NCL,1
R00223,SP000661,SP003058,10,LDS,HUL,2
R00223,SP000661,SP003072,16,NTR,SLB,2
R00223,SP000661,SP003075,7,HUD,YRK,1
R00223,SP000661,SP003134,10,LDS,NCL,2
R00223,SP000661,SP003279,7,HUD,YRK,1
R00223,SP000661,SP003960,14,YRK,YRK,2
R00223,SP000661,SP004138,17,DAR,DAR,1
R00224,SP000951,SP000584,9,XMU,RAM,4
R00224,SP000951,SP000587,9,XMU,DVP,10
R00224,SP000951,SP000599,9,XMU,RAM,26
R00224,SP000951,SP000602,9,XMU,DVP,24
R00224,SP000951,SP000620,9,XMU,DVP,2
R00224,SP000951,SP000654,9,XMU,FAV,2
R00224,SP000951,SP000953,13,XOT,AFK,12
R00224,SP000951,SP000960,9,XMU,AFK,6
R00224,SP000951,SP000964,25,AFK,RAM,2
R00224,SP000951,SP001887,9,XMU,RAM,2
R00224,SP000951,SP003152,25,AFK,RAM,2
R00224,SP000951,SP003155,11,SAY,GLM,3
R00224,SP000951,SP003334,8,XLY,AFK,1
R00224,SP000951,SP003576,13,XOT,AFK,1
R00225,SP001013,SP000589,16,HNH,HNH,2
R00225,SP001013,SP001608,18,STE,SUO,65
R00226,SP000590,SP000972,9,GLD,NEM,4
R00226,SP000590,SP001219,5,PTR,NEM,2
R00226,SP000590,SP003038,5,PTR,NEM,2
R00226,SP000590,SP003509,6,HSL,NEM,2
R00227,SP000591,SP002826,14,CTR,CTR,2
R00227,SP000591,SP002828,26,LPG,HHD,6
R00227,SP000591,SP003057,21,LLJ,LLJ,1
R00228,SP002281,SP000597,15,DPD,GTW,1
R00228,SP002281,SP000603,9,ASH,GTW,1
R00228,SP002281,SP001511,15,DPD,GTW,6
R00228,SP002281,SP001514,9,ASH,GTW,3
R00228,SP002281,SP002293,9,ASH,GTW,2
R00228,SP002281,SP003413,11,SFR,SFR,1
R00229,SP000604,SP002123,5,PYG,GRK,2
R00229,SP000604,SP002323,10,PTG,GRK,20
R00229,SP000604,SP004372,5,PYG,WMS,2
R00230,SP000606,SP004101,11,GLD,RDZ,1
R00231,SP000613,SP000650,7,BCF,MYB,2
R00231,SP000613,SP004486,7,BCF,MYB,2
R00232,SP000614,SP002751,12,BRI,WSM,4
R00232,SP000614,SP004524,12,BRI,SAL,2
R00233,SP000615,SP000935,12,BSM,POO,2
R00233,SP000615,SP001245,11,BMH,BMH,8
R00233,SP000615,SP001835,14,POO,WEY,2
R00234,SP000619,SP002453,8,PSE,SRY,2
R00234,SP000619,SP002462,13,SOC,SOC,2
R00235,SP000622,SP003178,10,RAM,AFK,2
R00235,SP000622,SP003206,10,RAM,CHX,2
R00235,SP000622,SP003263,10,RAM,CHX,2
R00235,SP000622,SP004398,10,RAM,SPX,2
R00236,SP000623,SP002377,9,XMU,CBW,1
R00236,SP000623,SP003609,20,GLM,DVP,1
R00237,SP001693,SP000626,7,WOK,QRB,2
R00237,SP001693,SP001679,7,WOK,NEM,7
R00237,SP001693,SP002622,5,FNB,NEM,2
R00237,SP001693,SP004468,7,WOK,WOK,1
R00238,SP000712,SP000628,7,SHF,SHF,2
R00238,SP000712,SP000737,5,CHD,SHF,2
R00238,SP000712,SP003705,7,SHF,LIV,2
R00239,SP000638,SP000632,16,SOC,SRY,16
R00239,SP000638,SP000643,7,GRY,GRY,14
R00239,SP000638,SP000649,11,PSE,PSE,12
R00239,SP000638,SP003328,10,SFO,SFO,6
R00240,SP000640,SP003041,8,LDS,MAN,1
R00240,SP000640,SP003526,5,CHF,MAN,2
R00240,SP000640,SP003531,8,LDS,MAN,1
R00240,SP000640,SP003736,5,CHF,MAN,1
R00241,SP001051,SP000642,6,LWS,BAL,1
R00241,SP001051,SP003759,13,ELD,BAL,1
R00241,SP001051,SP004505,13,ELD,BAK,1
R00242,SP000646,SP001830,6,XJS,BTN,1
R00242,SP000646,SP003454,6,XJS,ORE,1
R00243,SP000647,SP000731,5,WKK,WKK,1
R00243,SP000647,SP003083,6,MIR,MAN,1
R00244,SP000970,SP000648,13,WGN,BPN,4
R00244,SP000970,SP000757,13,WGN,PRE,2
R00244,SP000970,SP000795,6,HUY,MIA,36
R00244,SP000970,SP001541,6,HUY,MCV,1
R00244,SP000970,SP001777,6,HUY,MCV,4
R00244,SP000970,SP003754,6,HUY,WGN,2
R00244,SP000970,SP004459,6,HUY,MCV,2
R00245,SP002649,SP000653,11,LSK,EXD,4
R00245,SP002649,SP001628,14,PLY,EDB,2
R00245,SP002649,SP002336,14,PLY,BHM,2
R00245,SP002649,SP002402,14,PLY,EXD,8
R00245,SP002649,SP002404,11,LSK,EXD,2
R00245,SP002649,SP002658,11,LSK,PLY,2
R00245,SP002649,SP002663,13,STS,PLY,2
R00245,SP002649,SP003371,14,PLY,PAD,2
R00245,SP002649,SP003649,14,PLY,PAD,2
R00245,SP002649,SP004277,11,LSK,PLY,2
R00245,SP002649,SP004492,11,LSK,PLY,2
R00245,SP002649,SP004494,11,LSK,PLY,2
R00246,SP003102,SP000657,13,PRE,PRE,2
R00246,SP003102,SP000660,14,XOU,MIA,2
R00246,SP003102,SP000769,15,CRL,MIA,3
R00246,SP003102,SP001012,21,MAN,MIA,2
R00246,SP003102,SP002166,12,LAN,LAN,8
R00246,SP003102,SP004241,5,CAK,LAN,2
R00246,SP003102,SP004592,14,XOU,MIA,1
R00247,SP000658,SP001513,11,WOK,GLD,4
R00248,SP000662,SP002577,6,FSK,NOT,2
R00248,SP000662,SP002601,5,NCT,CRE,2
R00248,SP000662,SP004037,6,FSK,STP,2
R00249,SP002552,SP000663,8,HUL,HUL,2
R00249,SP002552,SP003555,8,HUL,YRK,2
R00249,SP002552,SP003567,11,HOW,YRK,2
R00250,SP002067,SP000675,5,DLW,EDB,2
R00250,SP002067,SP001006,9,PTH,KGX,2
R00250,SP002067,SP001946,9,PTH,EDB,2
R00250,SP002067,SP004319,11,STG,GLQ,2
R00250,SP002067,SP004321,9,PTH,GLQ,2
R00251,SP000676,SP000988,13,HUN,KGX,1
R00251,SP000676,SP001196,13,HUN,KGX,1
R00251,SP000676,SP001562,7,DON,BHM,4
R00251,SP000676,SP001657,7,DON,RDG,1
R00251,SP000676,SP001659,7,DON,RDG,4
R00251,SP000676,SP001667,6,YRK,PLY,2
R00251,SP000676,SP001683,7,DON,RDG,2
R00251,SP000676,SP001878,7,DON,RDG,5
R00251,SP000676,SP004589,13,HUN,KGX,1
R00252,SP000677,SP000706,13,MIR,HUL,1
R00252,SP000677,SP002679,16,LDS,YRK,1
R00253,SP000895,SP000680,5,STG,INV,6
R00253,SP000895,SP000860,5,STG,ABD,2
R00253,SP000895,SP000863,5,STG,ABD,6
R00253,SP000895,SP000867,5,STG,ABD,10
R00253,SP000895,SP000875,5,STG,ABD,4
R00253,SP000895,SP000877,7,DBL,ABD,2
R00253,SP000895,SP000878,9,PTH,ABD,2
R00253,SP000895,SP000883,9,PTH,INV,2
R00253,SP000895,SP000887,9,PTH,PTH,6
R00253,SP000895,SP000890,11,DEE,ARB,2
R00253,SP000895,SP000896,5,STG,DEE,4
R00253,SP000895,SP003167,5,STG,ABD,1
R00253,SP000895,SP004297,5,STG,ABD,2
R00253,SP000895,SP004298,5,STG,INV,2
R00253,SP000895,SP004300,5,STG,INV,2
R00254,SP000681,SP001648,5,LDS,PLY,2
R00254,SP000681,SP002307,8,HUD,MAN,2
R00255,SP001565,SP000682,13,XLY,XVJ,2
R00255,SP001565,SP003243,17,BGM,XVJ,8
R00255,SP001565,SP003281,8,XWK,BFR,2
R00255,SP001565,SP004531,12,XMU,CST,1
R00255,SP001565,SP004536,5,SOR,CST,3
R00256,SP000683,SP003542,9,EDB,KGX,1
R00256,SP000683,SP003986,9,EDB,KGX,1
R00257,SP000685,SP002794,5,GER,MYB,2
R00258,SP000687,SP001149,11,LDS,MAN,2
R00258,SP000687,SP001563,8,CHF,MAN,1
R00258,SP000687,SP001991,8,CHF,MAN,1
R00258,SP000687,SP003042,20,MAN,LIV,1
R00258,SP000687,SP003146,11,LDS,LIV,1
R00258,SP000687,SP003157,7,YRK,YRK,2
R00259,SP004290,SP000707,11,BLG,EDB,4
R00259,SP004290,SP002438,7,PTK,MTH,2
R00259,SP004290,SP003008,7,PTK,CUB,4
R00259,SP004290,SP003650,7,PTK,MTH,6
R00259,SP004290,SP003901,11,BLG,ADR,6
R00259,SP004290,SP003907,11,BLG,EDB,2
R00259,SP004290,SP003909,11,BLG,EDB,4
R00259,SP004290,SP003912,11,BLG,BHG,4
R00259,SP004290,SP004222,7,PTK,MTH,2
R00260,SP000713,SP002716,7,KNE,PBO,2
R00260,SP000713,SP002795,6,BSE,BSE,2
R00261,SP000715,SP001072,7,HUN,KGX,1
R00261,SP000715,SP004604,7,HUN,KGX,1
R00262,SP000716,SP000915,7,NTR,EDB,2
R00262,SP000716,SP003723,5,YRK,YRK,1
R00263,SP000725,SP000905,6,BKH,GRV,2
R00263,SP000725,SP001142,6,BKH,CST,64
R00263,SP000725,SP003314,6,BKH,RTR,2
R00263,SP000725,SP003479,5,LEW,ORP,4
R00264,SP000726,SP004386,12,LWT,NRW,2
R00265,SP000746,SP000728,8,SHY,LDS,12
R00265,SP000746,SP001617,8,SHY,BDQ,54
R00265,SP000746,SP002188,8,SHY,LDS,2
R00266,SP000733,SP001566,27,BHM,BHM,2
R00267,SP000738,SP000821,27,HOO,ELP,2
R00268,SP000739,SP000941,12,HGS,HGS,1
R00269,SP000742,SP001265,18,XLV,XLV,4
R00270,SP000743,SP001963,5,FLT,STP,2
R00271,SP000754,SP000745,9,CRL,MIA,16
R00271,SP000754,SP003724,19,MAN,MIA,2
R00272,SP000747,SP002708,10,IPS,HPQ,2
R00273,SP000824,SP000749,30,HOO,CTR,4
R00273,SP000824,SP000816,20,BKQ,BKQ,2
R00274,SP002563,SP000752,5,AMB,DBY,2
R00274,SP002563,SP002561,14,NOT,LCN,2
R00274,SP002563,SP002564,19,CLM,CLE,10
R00274,SP002563,SP002580,14,NOT,NOT,4
R00274,SP002563,SP002581,12,XTR,NOT,6
R00274,SP002563,SP004172,14,NOT,CLE,2
R00275,SP000753,SP002775,15,ORP,AFK,1
R00275,SP000753,SP003720,12,XLY,RAM,1
R00276,SP000756,SP002505,13,DFD,GRV,3
R00276,SP000756,SP002969,5,BKH,DFD,2
R00277,SP000758,SP001857,7,COB,BTN,1
R00277,SP000758,SP001861,5,BEX,BTN,4
R00277,SP000758,SP002277,15,PLG,BTN,2
R00277,SP000758,SP002476,5,BEX,BTN,14
R00277,SP000758,SP002996,7,COB,BAL,2
R00277,SP000758,SP003000,7,COB,BAK,2
R00277,SP000758,SP003147,8,NSB,BTN,2
R00277,SP000758,SP003149,8,NSB,BTN,2
R00277,SP000758,SP003552,7,COB,PLG,1
R00277,SP000758,SP004120,5,BEX,BTN,4
R00277,SP000758,SP004126,7,COB,BTN,2
R00277,SP000758,SP004128,7,COB,BTN,4
R00278,SP000763,SP002469,15,SPT,MAN,1
R00278,SP000763,SP002472,15,SPT,SPT,4
R00279,SP000764,SP001112,6,GUI,MAN,16
R00279,SP000764,SP001756,7,FRF,MAN,2
R00279,SP000764,SP001759,6,GUI,MAN,6
R00280,SP004212,SP000765,5,OXN,MIA,8
R00280,SP004212,SP003979,5,OXN,PRE,2
R00281,SP000766,SP003200,5,NBC,TBW,2
R00282,SP000768,SP000770,12,XPY,CST,2
R00283,SP003248,SP000771,6,XPE,CHX,1
R00284,SP000773,SP000894,10,CTN,CST,3
R00284,SP000773,SP002931,12,LEW,CHX,3
R00284,SP000773,SP003463,10,CTN,XKE,1
R00285,SP000906,SP000774,9,WML,WML,8
R00285,SP000906,SP001736,7,MIA,MIA,3
R00285,SP000906,SP002950,11,CEL,CRE,1
R00285,SP000906,SP004042,6,HDG,CRE,1
R00286,SP001226,SP000777,6,XRH,ORE,2
R00286,SP001226,SP001200,6,XRH,EBN,28
R00286,SP001226,SP001228,6,XRH,NVH,4
R00286,SP001226,SP001336,6,XRH,SEF,31
R00286,SP001226,SP001550,5,LWS,LWS,2
R00286,SP001226,SP002809,6,XRH,HGS,1
R00286,SP001226,SP003550,6,XRH,HGS,2
R00286,SP001226,SP004552,6,XRH,HGS,1
R00287,SP000781,SP000834,7,WKF,WKF,4
R00288,SP000786,SP000789,8,WCY,WCY,2
R00289,SP004493,SP000788,8,XRT,CST,2
R00289,SP004493,SP002941,17,XPY,CHX,10
R00289,SP004493,SP004501,10,BXY,CHX,8
R00290,SP000790,SP000792,6,NWA,SHM,6
R00290,SP000790,SP000806,7,GNT,SHM,2
R00291,SP000796,SP000814,5,HXX,HWV,1
R00292,SP000804,SP000955,13,SUN,SUN,2
R00293,SP000809,SP001822,20,EXD,PAD,1
R00293,SP000809,SP002137,10,LSK,PAD,2
R00293,SP000809,SP002867,12,STS,PAD,1
R00293,SP000809,SP003367,30,MAI,PAD,1
R00294,SP000817,SP000833,16,SGH,SGH,8
R00294,SP000817,SP000898,17,REG,REG,6
R00295,SP000820,SP001326,5,BGN,BGN,1
R00295,SP000820,SP001909,5,BGN,MST,5
R00295,SP000820,SP003203,20,CMN,CMN,2
R00295,SP000820,SP003748,13,SWA,SWA,10
R00296,SP000823,SP002835,6,CTR,LIV,1
R00296,SP000823,SP003336,6,CTR,LIV,1
R00297,SP001537,SP000825,5,CHU,SOT,1
R00297,SP001537,SP001953,5,CHU,MAC,1
R00297,SP001537,SP002636,8,ALD,ALD,32
R00297,SP001537,SP003145,13,CRE,FGH,1
R00298,SP000827,SP002405,7,ZTU,ZTH,2
R00299,SP000828,SP003604,5,ALE,LIV,1
R00300,SP001642,SP000831,19,WBQ,WBQ,1
R00300,SP001642,SP002839,25,MAN,MIA,2
R00300,SP001642,SP003586,15,CTR,CTR,1
R00301,SP001330,SP000836,5,CDQ,CPH,48
R00302,SP000839,SP000837,15,COS,BHI,1
R00302,SP000839,SP000850,6,MCN,MCN,8
R00302,SP000839,SP000859,10,SHR,SHR,8
R00303,SP000841,SP001230,8,CDF,CDF,2
R00304,SP003396,SP000842,6,INK,COW,26
R00304,SP003396,SP004620,6,INK,LEV,1
R00305,SP001762,SP000843,7,SYD,EPS,1
R00305,SP001762,SP001081,11,SRH,SRH,6
R00305,SP001762,SP001718,7,SYD,SUO,6
R00305,SP001762,SP003228,7,SYD,ECR,2
R00305,SP001762,SP003838,7,SYD,CAT,2
R00306,SP002704,SP000846,10,THI,LLD,1
R00306,SP002704,SP004378,11,YRK,MAN,1
R00307,SP000847,SP001789,13,SHR,SHR,2
R00307,SP000847,SP002882,8,CTR,CRE,2
R00307,SP000847,SP003605,8,CTR,LIV,2
R00307,SP000847,SP003612,8,CTR,MIA,1
R00307,SP000847,SP003990,8,CTR,MIA,1
R00308,SP000851,SP003346,6,WVH,EDB,2
R00308,SP000851,SP004019,6,WVH,GLC,2
R00309,SP001624,SP000852,8,EXD,EXD,6
R00309,SP001624,SP001417,52,NCL,NCL,2
R00309,SP001624,SP001423,31,WTO,LDS,2
R00309,SP001624,SP001543,28,BHM,BHM,2
R00309,SP001624,SP001568,25,KNN,BHM,2
R00309,SP001624,SP001621,24,LOB,EDB,1
R00309,SP001624,SP001622,11,BWT,EDB,2
R00309,SP001624,SP001626,17,CNM,ABD,2
R00309,SP001624,SP001627,60,EDB,GLC,4
R00309,SP001624,SP002263,16,YAE,GCR,2
R00309,SP001624,SP002264,10,TAU,PAD,1
R00309,SP001624,SP002265,10,TAU,PAD,3
R00309,SP001624,SP003365,10,TAU,PAD,1
R00309,SP001624,SP003366,10,TAU,PAD,1
R00309,SP001624,SP003368,10,TAU,PAD,3
R00309,SP001624,SP003372,10,TAU,PAD,3
R00309,SP001624,SP003616,43,LDS,LDS,2
R00309,SP001624,SP003651,10,TAU,PAD,2
R00310,SP002541,SP000853,5,OXF,BAN,6
R00310,SP002541,SP002407,5,OXF,EVE,2
R00311,SP000857,SP003672,9,MAN,LIV,2
R00312,SP000865,SP001787,7,BNG,CTR,2
R00312,SP000865,SP002269,27,AGV,CDF,3
R00312,SP000865,SP002840,21,SHR,BHI,2
R00312,SP000865,SP003654,16,CTR,CRE,2
R00313,SP000869,SP000873,9,CRV,HHD,2
R00313,SP000869,SP002573,6,HFD,HFD,4
R00313,SP000869,SP002860,9,CRV,MAN,2
R00313,SP000869,SP002893,11,SHR,MAN,2
R00313,SP000869,SP002902,23,LLJ,HHD,2
R00313,SP000869,SP003061,11,SHR,MAN,4
R00313,SP000869,SP003495,11,SHR,CTR,2
R00313,SP000869,SP003525,5,AGV,AGV,1
R00313,SP000869,SP003619,11,SHR,CTR,2
R00313,SP000869,SP004084,11,SHR,CRE,2
R00313,SP000869,SP004294,11,SHR,CTR,2
R00314,SP000870,SP001067,6,CDF,CDF,2
R00314,SP000870,SP004274,7,GTN,BYI,2
R00315,SP003693,SP000871,9,PPD,PPD,2
R00315,SP003693,SP001290,9,PPD,MER,8
R00316,SP000880,SP000881,7,WOK,NEM,8
R00316,SP000880,SP000929,7,WOK,WOK,2
R00316,SP000880,SP001095,10,WYB,NEM,2
R00316,SP000880,SP001747,7,WOK,NEM,2
R00316,SP000880,SP001750,10,WYB,NEM,13
R00317,SP003470,SP000884,6,LLE,SHR,2
R00317,SP003470,SP001591,6,LLE,MAN,2
R00317,SP003470,SP003474,18,BPW,BPW,2
R00317,SP003470,SP003744,6,LLE,CDF,2
R00318,SP001229,SP000886,8,PYE,MST,4
R00318,SP001229,SP001246,8,PYE,NWP,24
R00318,SP001229,SP001371,9,CDF,CDF,7
R00318,SP001229,SP001957,8,PYE,CDF,4
R00319,SP000889,SP001804,6,DDP,EUS,2
R00319,SP000889,SP002078,5,WVH,BHM,1
R00319,SP000889,SP002646,6,DDP,BHM,1
R00320,SP000897,SP000899,10,EXC,AXM,2
R00320,SP000897,SP002420,8,CDI,EXD,2
R00321,SP003362,SP000900,15,ABE,RHY,24
R00321,SP003362,SP001049,9,CDF,CDF,6
R00321,SP003362,SP001134,22,BGD,RHY,4
R00321,SP003362,SP001907,14,CPH,CPH,2
R00321,SP003362,SP003467,20,PGM,BGD,26
R00321,SP003362,SP004262,18,YSM,YSM,2
R00322,SP000907,SP000913,7,CDI,PGN,2
R00323,SP002979,SP000908,6,HGR,DFD,66
R00323,SP002979,SP000922,6,HGR,DFD,2
R00323,SP002979,SP000986,6,HGR,GRV,2
R00323,SP002979,SP003156,6,HGR,CST,2
R00323,SP002979,SP003188,12,ORP,ORP,3
R00323,SP002979,SP003315,6,HGR,GRV,4
R00323,SP002979,SP003760,6,HGR,GRV,1
R00324,SP000914,SP002844,8,HGT,HGT,8
R00324,SP000914,SP002846,10,KNA,KNA,2
R00325,SP000918,SP003012,10,LEW,XVJ,8
R00326,SP000923,SP000937,17,SVG,KGX,1
R00326,SP000923,SP001177,12,FXN,KGX,2
R00326,SP000923,SP002904,12,FXN,KGX,1
R00326,SP000923,SP004078,13,RYS,KGX,1
R00327,SP000928,SP004623,8,BBG,SBR,1
R00328,SP000931,SP000932,6,CHR,NEM,4
R00328,SP000931,SP001294,6,CHR,WIN,2
R00328,SP000931,SP002241,6,CHR,BCU,2
R00328,SP000931,SP003842,6,CHR,NEM,2
R00329,SP000933,SP001048,8,LWS,BAL,4
R00329,SP000933,SP002503,8,LWS,XSU,1
R00329,SP000933,SP003812,8,LWS,HHE,1
R00329,SP000933,SP004147,8,LWS,HHE,1
R00329,SP000933,SP004595,8,LWS,WSW,1
R00330,SP000934,SP001472,12,SVG,KGX,1
R00330,SP000934,SP003660,8,RYS,KGX,1
R00330,SP000934,SP003929,6,XSP,LST,1
R00330,SP000934,SP003935,6,XSP,LST,2
R00330,SP000934,SP004171,6,XSP,LST,2
R00330,SP000934,SP004176,6,XSP,LST,2
R00330,SP000934,SP004210,6,XSP,LST,4
R00330,SP000934,SP004278,6,XSP,LST,1
R00331,SP000938,SP000936,12,BMH,POO,2
R00331,SP000938,SP001297,6,BCU,POO,2
R00332,SP001263,SP000940,7,BCU,BSK,2
R00332,SP001263,SP000942,12,SDN,BSK,2
R00332,SP001263,SP000943,7,BCU,BSK,2
R00332,SP001263,SP001249,7,BCU,WIN,2
R00332,SP001263,SP001260,7,BCU,WIN,6
R00332,SP001263,SP002944,15,XEW,NEM,2
R00333,SP000947,SP003283,5,EPS,BAK,1
R00333,SP000947,SP003556,5,EPS,BAL,1
R00333,SP000947,SP003640,5,EPS,BAK,1
R00333,SP000947,SP004554,5,EPS,BAK,1
R00334,SP001740,SP000949,7,HAZ,BUX,14
R00334,SP001740,SP000963,7,HAZ,BUX,14
R00334,SP001740,SP000967,7,HAZ,BUX,8
R00334,SP001740,SP000974,7,HAZ,BUX,8
R00334,SP001740,SP003076,7,HAZ,SHF,1
R00335,SP000962,SP003046,19,TRI,EUS,2
R00335,SP000962,SP003882,15,MKC,MKC,2
R00335,SP000962,SP003967,12,NMP,NMP,2
R00335,SP000962,SP004063,19,TRI,EUS,2
R00336,SP000966,SP001350,7,MAN,MAN,2
R00336,SP000966,SP002517,7,MAN,YRK,2
R00336,SP000966,SP003711,9,DGT,BPN,2
R00336,SP000966,SP004118,9,DGT,LIV,1
R00336,SP000966,SP004489,7,MAN,CLE,1
R00336,SP000966,SP004503,9,DGT,BIF,1
R00336,SP000966,SP004572,9,DGT,BPN,1
R00336,SP000966,SP004585,7,MAN,SCA,1
R00337,SP000968,SP004252,7,KNO,GOO,2
R00338,SP000973,SP003523,18,PMS,PMH,2
R00339,SP002612,SP000979,5,PRE,YRK,1
R00339,SP002612,SP004205,5,PRE,CRE,1
R00340,SP000985,SP003316,8,BBN,BPN,1
R00340,SP000985,SP003998,8,BBN,BPN,1
R00341,SP000987,SP001009,10,TOD,RCD,2
R00341,SP000987,SP003208,6,HFX,HFX,1
R00342,SP000996,SP000990,14,SGR,CST,22
R00342,SP000996,SP002900,14,SGR,DFD,12
R00343,SP001139,SP000994,6,HAV,HRH,1
R00343,SP001139,SP001730,6,HAV,HRH,1
R00343,SP001139,SP001858,6,HAV,BTN,2
R00343,SP001139,SP001867,11,HSL,NEM,8
R00343,SP001139,SP003439,11,HSL,GLD,3
R00344,SP000995,SP002967,6,SOB,BOG,2
R00345,SP002754,SP001008,7,RYS,KGX,1
R00345,SP002754,SP001010,7,RYS,KGX,11
R00345,SP002754,SP002171,7,RYS,BTN,2
R00345,SP002754,SP002185,7,RYS,BTN,1
R00345,SP002754,SP002780,7,RYS,KGX,13
R00345,SP002754,SP002782,7,RYS,KGX,1
R00345,SP002754,SP003025,7,RYS,KGX,2
R00345,SP002754,SP003287,19,AAP,KGX,1
R00345,SP002754,SP003515,7,RYS,KGX,1
R00346,SP002607,SP001011,7,DBY,MAT,2
R00346,SP002607,SP001431,7,DBY,BHM,2
R00346,SP002607,SP001463,7,DBY,BHM,2
R00346,SP002607,SP001635,7,DBY,CDF,2
R00346,SP002607,SP002095,7,DBY,CRE,2
R00346,SP002607,SP002243,7,DBY,DBY,2
R00347,SP001040,SP001014,9,YRK,YRK,3
R00347,SP001040,SP001816,13,LDS,LDS,1
R00347,SP001040,SP003128,18,GNF,MAN,4
R00348,SP001021,SP001017,6,FKC,DVP,1
R00349,SP001032,SP001018,6,BSK,RDG,4
R00350,SP001029,SP001022,10,OXT,XSU,1
R00351,SP001033,SP001024,5,CBW,MAR,2
R00352,SP001035,SP003987,5,HAZ,BUX,2
R00353,SP001128,SP001052,14,CDF,CDF,4
R00354,SP001058,SP001060,5,STG,GLQ,2
R00355,SP002373,SP001061,5,MTS,GLQ,1
R00355,SP002373,SP001070,5,MTS,GLQ,6
R00355,SP002373,SP002073,5,MTS,EDB,4
R00355,SP002373,SP002075,5,MTS,EDB,2
R00355,SP002373,SP002294,5,MTS,PTH,2
R00355,SP002373,SP003810,5,MTS,DEE,2
R00355,SP002373,SP004310,5,MTS,GLQ,2
R00355,SP002373,SP004615,5,MTS,GLQ,1
R00356,SP001062,SP002822,7,STG,GLQ,1
R00357,SP001100,SP001065,8,DEE,GLQ,10
R00357,SP001100,SP001076,6,CAN,GLQ,10
R00357,SP001100,SP001086,8,DEE,GLQ,2
R00357,SP001100,SP001578,16,EDB,KGX,6
R00357,SP001100,SP001655,11,LDY,PLY,2
R00357,SP001100,SP002068,14,INK,EDB,2
R00357,SP001100,SP003116,16,EDB,DON,2
R00358,SP001069,SP003889,8,DEE,DEE,2
R00359,SP001073,SP002951,6,RDN,MAN,2
R00360,SP001575,SP001075,9,CYP,NWD,2
R00360,SP001575,SP001572,6,TUH,SRS,10
R00360,SP001575,SP001579,6,TUH,ECR,62
R00360,SP001575,SP001597,6,TUH,SUO,2
R00361,SP001282,SP001082,18,ASN,WYB,6
R00361,SP001282,SP001289,11,HOU,QRB,20
R00361,SP001282,SP001829,11,HOU,TWI,6
R00361,SP001282,SP001831,11,HOU,HOU,5
R00361,SP001282,SP003557,18,ASN,WOK,2
R00362,SP001087,SP003554,13,AAP,MOG,2
R00363,SP001089,SP001090,10,PTH,GLQ,3
R00363,SP001089,SP002715,10,PTH,EDB,2
R00363,SP001089,SP004228,13,STG,EUS,1
R00363,SP001089,SP004317,10,PTH,GLQ,1
R00363,SP001089,SP004382,13,STG,EUS,2
R00364,SP001091,SP001358,13,FPK,KGX,1
R00364,SP001091,SP001889,10,AAP,KGX,1
R00364,SP001091,SP002055,10,AAP,MOG,30
R00365,SP001093,SP002481,5,MTH,MTH,2
R00366,SP001703,SP001094,9,AAP,SVG,64
R00366,SP001703,SP001678,7,HGY,SVG,4
R00366,SP001703,SP001690,9,AAP,HFN,24
R00366,SP001703,SP001695,9,AAP,HFN,1
R00366,SP001703,SP002144,9,AAP,HFN,7
R00366,SP001703,SP002297,7,HGY,WGC,14
R00366,SP001703,SP002299,7,HGY,WGC,8
R00366,SP001703,SP002342,9,AAP,GDH,4
R00366,SP001703,SP002753,6,FPK,FPK,2
R00366,SP001703,SP003174,9,AAP,LET,4
R00366,SP001703,SP003376,6,FPK,WGC,2
R00367,SP001097,SP001126,6,CPH,RHY,2
R00367,SP001097,SP001147,6,CPH,RHY,2
R00367,SP001097,SP001207,6,CPH,RHY,2
R00367,SP001097,SP002956,6,CPH,RHY,2
R00367,SP001097,SP004061,6,CPH,BGD,2
R00368,SP001201,SP001099,10,YVJ,YVJ,2
R00368,SP001201,SP003872,13,GIL,SAL,2
R00368,SP001201,SP004266,15,SAL,SAL,2
R00369,SP001529,SP001103,8,LDY,DEE,4
R00370,SP001106,SP004455,16,DLJ,DLJ,1
R00371,SP001321,SP001107,5,TWI,AHT,4
R00371,SP001321,SP001386,5,TWI,SHP,6
R00371,SP001321,SP001582,5,TWI,STW,2
R00371,SP001321,SP003288,9,SNS,SNS,2
R00372,SP001113,SP002735,5,WSB,GCR,2
R00373,SP001119,SP002625,7,WML,MAN,1
R00373,SP001119,SP004541,7,WML,MAN,1
R00374,SP001122,SP001124,7,HSL,PMH,18
R00374,SP001122,SP003123,6,GOD,PMH,3
R00374,SP001122,SP003939,6,GOD,PTR,1
R00375,SP003131,SP001123,5,NRC,NRC,1
R00375,SP003131,SP001652,6,THA,PAD,1
R00376,SP002030,SP001130,11,RDH,BDM,2
R00376,SP002030,SP001133,15,PUR,BDM,2
R00376,SP002030,SP002025,15,PUR,PBO,2
R00376,SP002030,SP002191,7,GTW,WSW,2
R00376,SP002030,SP002834,15,PUR,PBO,1
R00377,SP001131,SP003386,13,CDF,CDF,2
R00378,SP001132,SP004057,8,MLY,LDS,2
R00379,SP001143,SP001195,14,SOO,GLM,2
R00380,SP001146,SP001153,13,PDW,TON,12
R00380,SP001146,SP001192,8,MDW,MDW,4
R00381,SP001744,SP001157,7,GOD,PMH,4
R00381,SP001744,SP001389,10,HSL,PMH,6
R00381,SP001744,SP001742,10,HSL,PMS,10
R00381,SP001744,SP001849,10,HSL,SOU,4
R00381,SP001744,SP001850,10,HSL,FRM,2
R00382,SP001159,SP004226,9,HAV,SOU,1
R00383,SP003067,SP001163,6,LAC,PMS,24
R00383,SP003067,SP001171,8,WWO,PMH,2
R00383,SP003067,SP002189,8,WWO,PMH,1
R00383,SP003067,SP003069,6,LAC,SOU,4
R00383,SP003067,SP003070,17,CSA,SOU,14
R00383,SP003067,SP003073,21,HME,SOU,2
R00383,SP003067,SP003500,8,WWO,SOU,1
R00383,SP003067,SP004135,19,FRM,SOU,2
R00384,SP001164,SP001169,17,SWK,BTN,2
R00385,SP001170,SP001791,5,SNS,SNS,1
R00385,SP001170,SP004611,15,BNS,QRB,1
R00386,SP001172,SP001181,8,WIN,PMH,12
R00386,SP001172,SP001382,8,WIN,WEY,2
R00386,SP001172,SP003871,6,BSK,SAL,1
R00386,SP001172,SP003917,5,FLE,BMH,2
R00387,SP001173,SP001175,11,XEW,NEM,4
R00387,SP001173,SP001796,11,XEW,WIN,2
R00387,SP001173,SP001798,10,ESL,ESL,2
R00387,SP001173,SP001882,11,XEW,NEM,2
R00387,SP001173,SP003035,11,XEW,NEM,2
R00387,SP001173,SP003511,11,XEW,NEM,2
R00387,SP001173,SP003545,14,BSK,NEM,2
R00388,SP001174,SP002013,12,XXA,LIT,2
R00389,SP001176,SP001605,6,NSG,PBO,1
R00389,SP001176,SP002317,6,NSG,NCL,1
R00389,SP001176,SP002335,5,AAP,LDS,1
R00389,SP001176,SP002940,6,NSG,EDB,1
R00389,SP001176,SP003855,6,NSG,ABD,1
R00389,SP001176,SP003859,6,NSG,LDS,1
R00390,SP001940,SP001178,12,ABD,EDB,1
R00390,SP001940,SP001869,12,ABD,EDB,1
R00390,SP001940,SP002148,5,ELG,ELG,14
R00391,SP001183,SP003478,9,WYB,BMH,1
R00392,SP001184,SP004088,5,WEA,PAD,2
R00393,SP001191,SP003220,5,WML,MAN,2
R00394,SP001193,SP003949,7,AST,RDC,2
R00395,SP002819,SP001199,7,CTR,CTR,7
R00396,SP001611,SP001205,11,BFR,BDM,2
R00396,SP001611,SP001510,11,BFR,BDM,2
R00396,SP001611,SP001782,7,TUH,XSU,2
R00396,SP001611,SP003019,23,SAC,BDM,4
R00396,SP001611,SP004414,5,MTC,BAL,1
R00397,SP001210,SP002539,5,NNG,NOT,2
R00397,SP001210,SP003043,5,NNG,NOT,2
R00398,SP002661,SP001212,8,HAB,NNG,1
R00398,SP002661,SP004490,8,HAB,LIV,1
R00399,SP001216,SP001222,22,WTE,WTE,18
R00399,SP001216,SP001428,13,BSW,BSW,8
R00400,SP002536,SP001218,8,HUL,HUL,4
R00400,SP002536,SP002546,5,HOW,HUL,2
R00400,SP002536,SP003559,10,BEV,BDT,2
R00401,SP001224,SP001248,23,WTE,SAV,4
R00402,SP001458,SP001232,15,BMO,SAV,4
R00402,SP001458,SP001483,15,BMO,SAV,2
R00402,SP001458,SP002610,7,SBJ,SAV,2
R00403,SP001530,SP001237,5,XEW,BSK,2
R00403,SP001530,SP001427,17,LMS,NCL,2
R00403,SP001530,SP001505,18,COV,MAN,1
R00404,SP001240,SP001247,10,BSK,NEM,2
R00404,SP001240,SP003918,10,BSK,NEM,2
R00405,SP001244,SP001242,7,SOU,BMH,2
R00405,SP001244,SP001286,5,SOA,SOU,2
R00405,SP001244,SP001299,5,SOA,BMH,2
R00406,SP003977,SP001254,6,REE,LWT,2
R00407,SP001256,SP001473,5,TYS,SAV,2
R00408,SP001258,SP001874,11,NMC,CLY,2
R00408,SP001258,SP002964,9,MPL,SHF,2
R00409,SP001261,SP001259,10,BMD,SRA,2
R00409,SP001261,SP001279,7,CHN,SRA,8
R00409,SP001261,SP001285,7,CHN,SRA,4
R00410,SP001268,SP003578,14,SWA,CDF,1
R00410,SP001268,SP003620,14,SWA,CDF,1
R00410,SP001268,SP003623,7,CMN,CMN,3
R00410,SP001268,SP003709,20,CDF,MAN,6
R00410,SP001268,SP003713,20,CDF,MAN,2
R00410,SP001268,SP003883,14,SWA,CDF,3
R00410,SP001268,SP003963,16,PTA,CDF,1
R00411,SP001269,SP001356,8,VIR,RDZ,13
R00411,SP001269,SP001367,8,VIR,WKM,2
R00411,SP001269,SP003184,8,VIR,RDZ,2
R00412,SP001270,SP001271,9,SNG,QRB,13
R00412,SP001270,SP001309,9,SNG,QRB,2
R00412,SP001270,SP001370,9,SNG,SNS,1
R00413,SP001493,SP001272,5,EFF,EAD,44
R00413,SP001493,SP003534,12,RAY,RAY,2
R00413,SP001493,SP004601,5,EFF,RAY,1
R00413,SP001493,SP004603,11,NEM,EAD,1
R00414,SP001409,SP001273,5,WAL,NEM,2
R00414,SP001409,SP001512,9,NEM,NEM,12
R00415,SP001478,SP001274,11,RAY,QRB,1
R00415,SP001478,SP003118,10,NEM,EAD,1
R00416,SP001275,SP001560,7,TED,SHP,19
R00416,SP001275,SP001954,9,TWI,TWI,1
R00416,SP001275,SP003262,8,STW,STW,1
R00417,SP001277,SP001278,17,EAD,QRB,1
R00417,SP001277,SP001280,9,TWI,QRB,24
R00417,SP001277,SP001387,10,STW,SHP,4
R00417,SP001277,SP001741,13,KNG,KNG,2
R00417,SP001277,SP001761,9,TWI,HOU,2
R00417,SP001277,SP003306,10,STW,STW,2
R00418,SP001673,SP001281,9,BSK,SOU,2
R00419,SP001288,SP001821,5,SNS,SNS,3
R00420,SP001292,SP001834,10,POO,WEY,2
R00421,SP001296,SP003404,7,LEI,LEI,2
R00421,SP001296,SP004260,13,LUT,STP,2
R00422,SP003098,SP001302,7,FRM,BTN,4
R00422,SP003098,SP001749,7,FRM,WOK,2
R00422,SP003098,SP003293,16,XXA,HRH,2
R00422,SP003098,SP003682,17,ANG,BTN,4
R00422,SP003098,SP004200,10,HAV,BTN,1
R00422,SP003098,SP004202,7,FRM,BTN,14
R00422,SP003098,SP004208,19,WRH,BTN,2
R00423,SP001304,SP002158,12,SEL,CKL,4
R00423,SP001304,SP003015,6,MLM,MLM,4
R00424,SP001306,SP001781,9,BHI,BHM,2
R00425,SP001307,SP002155,14,BIF,LAN,2
R00425,SP001307,SP002164,14,BIF,LAN,2
R00426,SP001312,SP001866,11,HAT,KGX,1
R00427,SP001314,SP001868,5,ATH,CRE,1
R00428,SP003745,SP001322,9,PTA,PTA,1
R00429,SP002327,SP001325,6,WFJ,TRI,12
R00429,SP002327,SP002648,17,MKC,NMP,8
R00429,SP002327,SP004121,12,TRI,NMP,2
R00429,SP002327,SP004127,6,WFJ,NMP,2
R00430,SP001328,SP001873,13,HAZ,LIV,1
R00431,SP001331,SP001965,5,GSY,BDQ,52
R00432,SP001410,SP001332,8,SNF,NRW,66
R00432,SP001410,SP001402,8,SNF,CET,20
R00432,SP001410,SP001404,8,SNF,BTR,30
R00432,SP001410,SP001416,8,SNF,CLT,28
R00432,SP001410,SP001433,8,SNF,IPS,24
R00432,SP001410,SP001450,6,IFD,SOV,44
R00432,SP001410,SP001702,5,MYL,SOV,1
R00432,SP001410,SP002337,5,MYL,SNF,9
R00432,SP001410,SP002388,8,SNF,CET,8
R00432,SP001410,SP002507,5,MYL,COL,1
R00432,SP001410,SP002519,6,IFD,CLT,1
R00432,SP001410,SP002684,5,MYL,SOV,1
R00432,SP001410,SP003126,5,MYL,COL,2
R00432,SP001410,SP003205,6,IFD,CLT,1
R00432,SP001410,SP003598,5,MYL,GDP,12
R00432,SP001410,SP003738,8,SNF,HWC,2
R00432,SP001410,SP003741,8,SNF,HPQ,2
R00432,SP001410,SP003743,8,SNF,HPQ,2
R00432,SP001410,SP003905,8,SNF,WTM,2
R00432,SP001410,SP003908,8,SNF,WTM,6
R00432,SP001410,SP003910,8,SNF,BTR,2
R00432,SP001410,SP003922,8,SNF,COL,2
R00432,SP001410,SP003923,8,SNF,COL,2
R00432,SP001410,SP003926,8,SNF,COL,2
R00432,SP001410,SP003947,10,WIC,SMN,4
R00432,SP001410,SP003948,5,MYL,SOV,1
R00432,SP001410,SP003999,8,SNF,CLT,2
R00432,SP001410,SP004024,8,SNF,CLT,2
R00432,SP001410,SP004028,8,SNF,CLT,4
R00432,SP001410,SP004029,8,SNF,CLT,4
R00432,SP001410,SP004039,8,SNF,CLT,2
R00432,SP001410,SP004049,8,SNF,IPS,2
R00432,SP001410,SP004050,8,SNF,IPS,6
R00432,SP001410,SP004053,8,SNF,IPS,4
R00432,SP001410,SP004153,6,IFD,WTM,2
R00433,SP001333,SP002431,12,IPS,HPQ,2
R00434,SP001338,SP001811,8,BBN,BBN,2
R00435,SP001341,SP001934,5,XHN,EUS,1
R00436,SP001363,SP001344,11,CDF,CDF,6
R00437,SP001345,SP001853,8,TRI,EUS,2
R00437,SP001345,SP002339,8,TRI,EUS,6
R00438,SP001885,SP001351,8,XIM,EUS,2
R00438,SP001885,SP003039,11,RUG,NMP,2
R00438,SP001885,SP003329,11,RUG,RUG,2
R00439,SP002729,SP001355,6,MBR,MBR,2
R00439,SP002729,SP004361,6,MBR,SLB,2
R00440,SP001390,SP001361,13,SRA,LST,4
R00440,SP001390,SP003272,19,PDX,HWV,63
R00440,SP001390,SP003284,19,PDX,HWV,1
R00441,SP001381,SP001372,11,SAY,GLM,2
R00441,SP001381,SP001904,24,DVP,FKW,1
R00441,SP001381,SP001905,14,XRJ,CBW,1
R00441,SP001381,SP002398,11,SAY,FKW,1
R00442,SP001373,SP004600,6,ACT,SNS,1
R00443,SP001378,SP003708,16,HYN,DMR,6
R00444,SP001384,SP002403,5,AFK,XVJ,2
R00445,SP001385,SP002196,20,WSL,RGL,4
R00445,SP001385,SP002230,5,SAD,EUS,2
R00445,SP001385,SP003105,10,BHM,BHM,6
R00445,SP001385,SP003331,11,XOZ,EUS,1
R00446,SP001552,SP001388,5,FLW,QRB,6
R00446,SP001552,SP001584,5,FLW,QRB,2
R00447,SP001675,SP001392,12,BSK,PMH,2
R00447,SP001675,SP003528,12,BSK,SOU,2
R00447,SP001675,SP003544,12,BSK,PMH,2
R00447,SP001675,SP003928,5,BFN,BSK,1
R00448,SP001406,SP002391,5,WTM,LST,2
R00448,SP001406,SP002393,7,CHM,LST,4
R00448,SP001406,SP002399,5,WTM,LST,4
R00449,SP001408,SP003321,5,WTM,WTM,10
R00449,SP001408,SP003880,5,WTM,LST,6
R00449,SP001408,SP003888,5,WTM,LST,2
R00449,SP001408,SP004156,7,CHM,SNF,2
R00450,SP001418,SP003920,15,PMS,PMH,2
R00451,SP001420,SP001424,9,APS,EUS,2
R00451,SP001420,SP001426,8,HML,EUS,2
R00452,SP001422,SP003005,8,COL,COL,2
R00452,SP001422,SP004001,9,MKT,LST,1
R00452,SP001422,SP004366,9,MKT,LST,1
R00453,SP001425,SP004003,6,MKT,LST,6
R00453,SP001425,SP004334,6,MKT,LST,1
R00453,SP001425,SP004336,12,GDP,LST,2
R00453,SP001425,SP004607,6,MKT,LST,1
R00454,SP003978,SP001430,10,BSW,BSW,2
R00454,SP003978,SP003976,7,XOH,KID,2
R00454,SP003978,SP003988,20,SBJ,KID,6
R00455,SP001436,SP001444,8,TAH,BHM,4
R00456,SP001438,SP004046,8,SNF,LST,1
R00456,SP001438,SP004048,5,WTM,LST,2
R00457,SP001441,SP004060,6,WTM,LST,2
R00458,SP001476,SP001448,8,SBJ,BSW,2
R00458,SP001476,SP001461,24,DDG,DDG,2
R00458,SP001476,SP001466,6,BKD,DDG,4
R00458,SP001476,SP001480,25,LPW,SAV,4
R00458,SP001476,SP002759,25,LPW,LMS,2
R00459,SP001452,SP002223,7,NLW,MIA,1
R00459,SP001452,SP002787,7,NLW,MIA,1
R00460,SP002414,SP001453,10,GDP,LST,52
R00460,SP002414,SP002538,9,SNF,LST,1
R00460,SP002414,SP002869,9,SNF,LST,1
R00460,SP002414,SP003954,10,GDP,LST,2
R00460,SP002414,SP003955,10,GDP,LST,1
R00461,SP001457,SP001460,7,SBJ,DDG,2
R00461,SP001457,SP001464,7,SBJ,DDG,2
R00461,SP001457,SP001474,7,SBJ,SAV,2
R00461,SP001457,SP002773,18,BMO,LMS,2
R00462,SP001465,SP001467,8,STA,MAN,2
R00462,SP001465,SP002239,5,WVH,SHR,2
R00462,SP001465,SP003786,8,STA,HHD,1
R00463,SP001475,SP001567,5,BAL,WFJ,2
R00464,SP001715,SP001482,10,TAB,WVH,4
R00464,SP001715,SP001717,14,XOZ,BHI,28
R00464,SP001715,SP002234,13,BHM,BHM,2
R00464,SP001715,SP004051,10,TAB,BHM,2
R00465,SP001490,SP001634,15,XLY,ORP,4
R00466,SP001536,SP001494,8,SHR,CDF,1
R00466,SP001536,SP002856,8,SHR,MFH,1
R00466,SP001536,SP003269,8,SHR,BHI,2
R00466,SP001536,SP003356,6,WEM,MFH,1
R00467,SP003464,SP001495,5,PTA,CDF,1
R00467,SP003464,SP003355,23,SLO,PAD,1
R00467,SP003464,SP003462,6,BGN,PAD,1
R00468,SP001515,SP001517,9,WOK,GLD,2
R00468,SP001515,SP003527,9,WOK,AHT,2
R00469,SP002319,SP001516,14,NCM,RDZ,18
R00469,SP002319,SP001553,20,EAR,RDG,6
R00469,SP002319,SP002330,16,BAW,RDZ,2
R00469,SP002319,SP002353,14,NCM,RDG,3
R00469,SP002319,SP002355,12,GLD,RDG,2
R00469,SP002319,SP003728,12,GLD,RDZ,1
R00470,SP001546,SP001533,12,KNN,MAN,8
R00470,SP001546,SP001559,12,KNN,BHM,2
R00470,SP001546,SP002930,15,BHM,BHM,2
R00470,SP001546,SP003965,15,BHM,EDB,2
R00471,SP002212,SP001539,6,ALE,LIV,2
R00472,SP001551,SP001547,8,HMP,SHP,4
R00472,SP001551,SP003731,6,TED,STW,1
R00473,SP001555,SP001554,12,RAY,EAD,3
R00474,SP001558,SP001569,19,BHM,BHM,2
R00474,SP001558,SP001625,27,DBY,EDB,2
R00474,SP001558,SP003418,23,XKI,NOT,2
R00474,SP001558,SP004107,23,XKI,NOT,2
R00475,SP001564,SP003873,6,MRP,SHF,2
R00476,SP001581,SP001570,5,WSE,EBN,8
R00476,SP001581,SP002682,5,WSE,HGS,2
R00476,SP001581,SP003121,8,HGS,HGS,2
R00477,SP001571,SP002521,7,SRS,SRS,4
R00477,SP001571,SP002535,10,SRC,XSU,2
R00478,SP002531,SP001574,8,CHE,DKG,26
R00478,SP002531,SP002112,10,EPS,EPS,1
R00478,SP002531,SP002582,8,CHE,EPS,4
R00478,SP002531,SP003032,8,CHE,HRH,2
R00478,SP002531,SP003290,12,LHD,DKG,8
R00479,SP002412,SP001576,5,XYE,BHM,2
R00479,SP002412,SP002732,7,TTF,NRW,2
R00479,SP002412,SP002868,5,XYE,KLN,4
R00479,SP002412,SP004311,5,XYE,NRW,2
R00479,SP002412,SP004312,8,ATL,NRW,2
R00480,SP001590,SP001663,5,RAY,RAY,2
R00481,SP002070,SP001599,5,CEL,BMH,1
R00481,SP002070,SP002016,7,CRE,BMH,1
R00482,SP001614,SP001603,10,GTW,BAL,1
R00482,SP001614,SP001606,20,BFR,BDM,4
R00482,SP001614,SP001618,29,HPD,BDM,4
R00482,SP001614,SP001620,34,FLT,BDM,4
R00482,SP001614,SP001819,10,GTW,CBG,2
R00482,SP001614,SP002175,10,GTW,BDM,1
R00482,SP001614,SP002177,5,XKM,CBG,12
R00482,SP001614,SP002221,10,GTW,BDM,1
R00482,SP001614,SP002242,23,SPL,CBG,1
R00482,SP001614,SP002246,28,SAC,BDM,6
R00482,SP001614,SP002474,10,GTW,BDM,2
R00482,SP001614,SP002724,5,XKM,BAL,13
R00482,SP001614,SP002841,10,GTW,BDM,1
R00482,SP001614,SP003141,10,GTW,BDM,1
R00482,SP001614,SP003395,11,ELD,BDM,1
R00482,SP001614,SP003399,11,ELD,BDM,1
R00482,SP001614,SP003546,5,XKM,BAL,1
R00482,SP001614,SP003588,10,GTW,BDM,1
R00482,SP001614,SP003809,10,GTW,WSW,1
R00482,SP001614,SP003989,5,XKM,BAK,1
R00482,SP001614,SP004194,10,GTW,BDM,1
R00482,SP001614,SP004487,11,ELD,BDM,1
R00482,SP001614,SP004582,10,GTW,BDM,1
R00483,SP001604,SP001783,11,WWO,WWO,8
R00483,SP001604,SP001936,18,BAA,BOG,4
R00483,SP001604,SP002015,16,LIT,LIT,2
R00483,SP001604,SP003094,15,XXA,SOU,2
R00483,SP001604,SP003127,15,XXA,PMS,2
R00483,SP001604,SP003307,11,WWO,HAV,2
R00483,SP001604,SP004227,15,XXA,CCH,2
R00483,SP001604,SP004230,11,WWO,CCH,2
R00484,SP002159,SP001607,34,BUG,BTN,12
R00484,SP002159,SP003587,10,SVG,KGX,1
R00484,SP002159,SP004008,16,XKB,KGX,1
R00484,SP002159,SP004481,29,ELD,BTN,1
R00485,SP001610,SP001630,7,LGJ,SUO,2
R00485,SP001610,SP002743,5,BFR,GLM,6
R00485,SP001610,SP002746,5,BFR,RAI,6
R00486,SP001612,SP001686,9,SAC,RAI,1
R00486,SP001612,SP001688,18,XMK,RAI,3
R00486,SP001612,SP002054,23,ECR,TBD,32
R00486,SP001612,SP002151,23,ECR,TBD,16
R00486,SP001612,SP002165,6,LUT,EGR,6
R00486,SP001612,SP002259,6,LUT,TBD,2
R00486,SP001612,SP002981,10,HEN,BTN,1
R00486,SP001612,SP003452,23,ECR,GTW,4
R00486,SP001612,SP003483,10,HEN,BTN,1
R00487,SP001615,SP001656,11,BHM,GCR,2
R00488,SP001658,SP001631,5,KNN,CDF,1
R00488,SP001658,SP002039,9,XSW,CDF,1
R00488,SP001658,SP003971,9,XSW,WOF,2
R00488,SP001658,SP004179,17,BRI,BRI,2
R00489,SP001633,SP001660,10,FWY,PLY,2
R00490,SP001636,SP001896,5,LAI,FST,2
R00491,SP001638,SP001814,10,IMW,IMW,4
R00491,SP001638,SP003341,10,IMW,ECR,3
R00492,SP001647,SP001649,6,SRU,MYB,2
R00493,SP003082,SP001650,12,MBR,MBR,12
R00493,SP003082,SP003052,16,NNT,WTB,2
R00493,SP003082,SP003092,16,NNT,GTA,4
R00494,SP001651,SP004477,5,RDG,RDG,2
R00495,SP001653,SP002245,19,BTH,CDF,2
R00495,SP001653,SP003455,15,WMN,CDF,2
R00495,SP001653,SP003498,5,FRM,WSB,1
R00495,SP001653,SP004502,5,FRM,BRI,1
R00496,SP001668,SP003688,8,PTK,ADR,2
R00497,SP002248,SP001685,9,ORE,AFK,1
R00497,SP002248,SP001705,8,HGS,HGS,1
R00498,SP001691,SP002654,7,NOT,STP,1
R00499,SP001692,SP002340,11,AAP,MOG,4
R00499,SP001692,SP002512,11,AAP,FPK,3
R00500,SP001696,SP003663,10,DTG,GLO,2
R00501,SP001700,SP001713,6,RAY,RAY,4
R00502,SP001707,SP002701,12,WVH,BHM,1
R00503,SP001708,SP002375,5,MKT,LST,2
R00504,SP001710,SP002069,6,BHM,BHM,4
R00505,SP001711,SP002397,9,SDL,SDL,6
R00505,SP001711,SP003460,7,LVC,LVC,2
R00506,SP001712,SP002343,7,BHM,BHM,4
R00507,SP001714,SP003311,6,AHT,FNH,6
R00508,SP001722,SP001719,9,GUI,MAN,8
R00508,SP001722,SP001720,10,ABY,MAN,2
R00508,SP001722,SP001721,9,GUI,MAN,14
R00509,SP001724,SP002115,10,WWO,BOG,1
R00510,SP001780,SP001731,10,KDG,SOT,1
R00510,SP001780,SP004402,8,MAC,MAC,1
R00511,SP001743,SP002160,12,BIF,CKL,4
R00511,SP001743,SP002170,12,BIF,CKL,2
R00511,SP001743,SP004265,6,GOS,BIF,2
R00511,SP001743,SP004267,12,BIF,MLM,2
R00512,SP001748,SP003011,17,HYN,MLN,10
R00512,SP001748,SP003864,17,HYN,GRS,4
R00513,SP003886,SP001758,5,ARB,ABD,2
R00513,SP003886,SP002439,5,ARB,INV,2
R00514,SP001764,SP002499,10,SPT,MAN,2
R00515,SP001765,SP002504,11,SPT,MAN,2
R00516,SP002417,SP001768,9,BRI,CDF,2
R00517,SP001771,SP002921,5,HAY,SWA,1
R00517,SP001771,SP002975,5,HAY,GMV,1
R00517,SP001771,SP003349,5,HAY,SWA,1
R00517,SP001771,SP003351,5,HAY,OXF,1
R00518,SP003522,SP001772,6,EAL,PAD,4
R00518,SP003522,SP003636,6,EAL,PAD,1
R00519,SP001776,SP002003,6,WKD,MCV,2
R00520,SP001784,SP003286,17,BAL,BAK,1
R00521,SP002832,SP001794,10,CTR,CRE,2
R00521,SP002832,SP003585,10,CTR,BHM,2
R00522,SP001800,SP004313,7,RMD,QRB,2
R00523,SP002019,SP001802,10,HIN,HBL,2
R00523,SP002019,SP001860,10,HIN,WGN,2
R00523,SP002019,SP002390,10,HIN,SOP,2
R00523,SP002019,SP003824,10,HIN,WGW,2
R00524,SP001803,SP002104,6,WVH,SHR,26
R00524,SP001803,SP002108,6,WVH,SHR,2
R00524,SP001803,SP003023,10,CRE,CRE,4
R00524,SP001803,SP003972,6,WVH,SHR,3
R00525,SP001806,SP003392,6,MAI,PAD,1
R00525,SP001806,SP004189,8,STL,PAD,1
R00526,SP001808,SP003430,8,RDG,PAD,2
R00526,SP001808,SP004571,6,THE,PAD,1
R00527,SP004056,SP001810,11,WAC,MAN,2
R00527,SP004056,SP001962,6,HNX,MCO,2
R00527,SP004056,SP002918,6,HNX,MCO,12
R00527,SP004056,SP002923,6,HNX,MCO,2
R00527,SP004056,SP002926,6,HNX,MCO,10
R00527,SP004056,SP002927,6,HNX,MCO,2
R00527,SP004056,SP004471,9,WID,WAC,2
R00527,SP004056,SP004472,9,WID,WAC,2
R00528,SP001815,SP003099,9,NLW,WGN,2
R00528,SP001815,SP003233,5,RNH,MIA,2
R00528,SP001815,SP004077,10,ECC,NCL,1
R00529,SP003197,SP001818,6,SHR,BHI,1
R00529,SP003197,SP002238,6,SHR,BHI,1
R00529,SP003197,SP002847,6,SHR,SHR,2
R00530,SP001856,SP001837,5,HAV,NEM,2
R00530,SP001856,SP002129,5,HAV,LIT,2
R00531,SP001848,SP002360,19,KET,DBY,1
R00531,SP001848,SP002461,24,XTG,NOT,1
R00531,SP001848,SP004144,19,KET,COR,1
R00532,SP001851,SP002273,12,XOU,MIA,1
R00532,SP001851,SP004000,12,XOU,EUS,1
R00532,SP001851,SP004365,12,XOU,EUS,1
R00533,SP001886,SP002301,15,XXX,BXS,10
R00533,SP001886,SP002311,15,XXX,AMS,10
R00534,SP004357,SP001888,10,AFK,AFK,2
R00534,SP004357,SP004351,16,XXI,SPX,4
R00535,SP001897,SP003881,6,PSE,FST,4
R00535,SP001897,SP003975,10,GRY,FST,6
R00536,SP001900,SP003874,10,WEH,FST,2
R00536,SP001900,SP003940,5,GRY,FST,4
R00537,SP001901,SP004649,11,WOK,HOV,1
R00538,SP001902,SP002786,10,SKI,LAN,2
R00539,SP002791,SP001910,6,BHI,EUS,1
R00539,SP002791,SP003271,6,BHI,COV,2
R00540,SP001915,SP001916,5,PRU,CAR,4
R00540,SP001915,SP001917,5,PRU,CAR,4
R00540,SP001915,SP002820,5,PRU,CAR,2
R00540,SP001915,SP002863,5,PRU,HEX,2
R00541,SP001921,SP001920,7,ZTU,ZHS,6
R00541,SP001921,SP001970,7,ZTU,ZHA,6
R00541,SP001921,SP002368,7,ZTU,ZTH,18
R00541,SP001921,SP002383,7,ZTU,ZKB,6
R00541,SP001921,SP002424,7,ZTU,ZDE,6
R00542,SP001948,SP001922,6,PRU,PRU,2
R00542,SP001948,SP001928,7,SKS,CAR,2
R00542,SP001948,SP001945,6,PRU,CAR,2
R00542,SP001948,SP002924,10,HEX,CAR,2
R00543,SP002509,SP001925,13,NCL,NCL,4
R00543,SP002509,SP002545,17,HPL,MBR,2
R00543,SP002509,SP002548,16,SEA,MBR,2
R00543,SP002509,SP002813,8,HEX,MBR,2
R00543,SP002509,SP002816,8,HEX,NCL,8
R00543,SP002509,SP002821,8,HEX,NCL,6
R00543,SP002509,SP002929,8,HEX,HPL,2
R00544,SP001929,SP001969,12,TOK,AFK,6
R00545,SP001949,SP001930,10,NCL,MPT,2
R00545,SP001949,SP001947,8,MCE,NCL,6
R00545,SP001949,SP002957,10,NCL,NNT,2
R00546,SP001966,SP001933,7,ZTU,ZHS,6
R00547,SP001942,SP002190,8,LPR,MCM,8
R00547,SP001942,SP002213,11,RHD,RHD,2
R00547,SP001942,SP002877,8,LPR,LAN,2
R00547,SP001942,SP002890,7,HLD,CAR,2
R00548,SP001951,SP003639,8,MTH,GLC,2
R00549,SP002138,SP001956,7,DBL,INV,2
R00549,SP002138,SP002771,12,DLW,INV,2
R00549,SP002138,SP003644,7,DBL,INV,2
R00549,SP002138,SP004624,8,PTH,ABD,1
R00550,SP001968,SP004242,15,HYN,DMR,2
R00551,SP001971,SP004243,16,HYN,DMR,6
R00552,SP001972,SP002303,14,LHA,OBN,4
R00553,SP001973,SP001974,8,CNR,CNR,4
R00554,SP001977,SP002382,5,ABD,INR,8
R00555,SP001980,SP001983,5,MTH,GLC,12
R00555,SP001980,SP002428,5,MTH,MTH,2
R00556,SP003732,SP001986,11,PYG,GLC,2
R00557,SP001987,SP002106,9,MAI,PAD,2
R00558,SP001988,SP003749,5,INK,EDB,12
R00559,SP003898,SP001994,9,SLS,HLC,2
R00560,SP001996,SP002000,23,DIN,INV,2
R00560,SP001996,SP003797,11,BRA,INV,2
R00561,SP003805,SP001997,5,DIN,WCK,4
R00561,SP003805,SP002001,5,DIN,WCK,2
R00561,SP003805,SP003799,5,DIN,DIN,2
R00561,SP003805,SP003801,5,DIN,IGD,2
R00561,SP003805,SP003802,5,DIN,ARD,2
R00561,SP003805,SP003804,5,DIN,TAI,3
R00562,SP002346,SP001998,19,FOK,FOK,2
R00562,SP002346,SP002718,10,BHM,BHM,2
R00562,SP002346,SP004031,23,LIC,LIC,2
R00563,SP002011,SP002005,10,WGW,WGW,6
R00563,SP002011,SP002012,6,ATN,HBL,2
R00563,SP002011,SP002018,6,ATN,WGN,2
R00563,SP002011,SP003433,6,ATN,HBL,2
R00564,SP002993,SP002021,6,COB,HHE,1
R00564,SP002993,SP002455,18,CBR,HHE,1
R00564,SP002993,SP003135,6,COB,BTN,1
R00564,SP002993,SP003138,6,COB,BTN,2
R00564,SP002993,SP003142,6,COB,BTN,2
R00564,SP002993,SP003144,6,COB,BTN,2
R00564,SP002993,SP003530,17,LWS,BTN,1
R00565,SP002551,SP002024,7,BGH,HBD,2
R00565,SP002551,SP002056,6,MIR,HUD,5
R00565,SP002551,SP003943,5,DEW,HUD,1
R00565,SP002551,SP004130,5,DEW,DEW,2
R00566,SP002026,SP002720,6,GTW,BAL,2
R00566,SP002026,SP003391,7,HOR,PBO,1
R00566,SP002026,SP003993,7,HOR,PBO,1
R00566,SP002026,SP004190,10,RDH,PBO,2
R00566,SP002026,SP004192,10,RDH,PBO,1
R00566,SP002026,SP004345,10,RDH,PBO,2
R00566,SP002026,SP004482,14,PUR,PBO,1
R00567,SP003655,SP002031,9,DMR,SPR,8
R00567,SP003655,SP003661,26,CBS,ADR,2
R00567,SP003655,SP004302,9,DMR,DMR,4
R00568,SP002032,SP002035,5,BRR,GLC,12
R00569,SP002037,SP002333,7,BRR,BRR,26
R00570,SP002053,SP002042,6,RDH,PBO,2
R00570,SP002053,SP002057,25,HPD,BDM,4
R00570,SP002053,SP002062,8,PUR,BDM,1
R00570,SP002053,SP002208,27,LUT,LUT,8
R00570,SP002053,SP002471,8,PUR,BDM,1
R00570,SP002053,SP003037,8,PUR,BDM,2
R00570,SP002053,SP003133,6,RDH,RDH,4
R00570,SP002053,SP003629,10,ECR,BDM,1
R00570,SP002053,SP004196,8,PUR,BDM,1
R00571,SP002046,SP003322,14,WHX,ABX,6
R00572,SP004119,SP002050,5,RDH,BDM,2
R00572,SP004119,SP002315,5,RDH,RDZ,1
R00572,SP004119,SP003593,5,RDH,BAL,1
R00572,SP004119,SP003603,5,RDH,WSW,1
R00573,SP002071,SP002400,5,MTH,GLC,2
R00574,SP002083,SP002079,7,ACB,BHM,4
R00574,SP002083,SP002113,9,CRE,CRE,2
R00575,SP002085,SP002478,6,CRS,EDB,2
R00576,SP002088,SP002107,8,BXB,CBG,15
R00576,SP002088,SP003684,9,HWN,SSD,1
R00576,SP002088,SP003795,8,BXB,BIS,1
R00576,SP002088,SP003927,6,BMD,ELY,6
R00576,SP002088,SP003930,6,BMD,CMB,4
R00576,SP002088,SP003937,9,HWN,CBG,4
R00576,SP002088,SP004065,8,BXB,ELY,2
R00576,SP002088,SP004066,9,HWN,CMB,24
R00576,SP002088,SP004073,8,BXB,CMB,4
R00576,SP002088,SP004074,9,HWN,CMB,4
R00576,SP002088,SP004076,9,HWN,CBG,4
R00576,SP002088,SP004082,5,TOM,HFE,10
R00576,SP002088,SP004087,5,TOM,HFE,61
R00576,SP002088,SP004091,5,TOM,HFE,2
R00576,SP002088,SP004170,8,BXB,CMB,4
R00576,SP002088,SP004173,11,SST,CMB,12
R00576,SP002088,SP004193,9,HWN,CBG,2
R00576,SP002088,SP004567,5,TOM,ELY,1
R00576,SP002088,SP004569,8,BXB,ELY,1
R00576,SP002088,SP004627,9,HWN,SSD,1
R00577,SP002172,SP002089,7,KWN,ADS,2
R00577,SP002172,SP002201,8,IRV,AYR,2
R00578,SP002320,SP002090,9,LHW,GLC,2
R00579,SP002591,SP002092,15,NOT,NOT,6
R00579,SP002591,SP002585,18,LOW,LCN,2
R00579,SP002591,SP002587,8,TUT,LCN,2
R00579,SP002591,SP002589,21,FSK,LCN,2
R00579,SP002591,SP002593,18,LOW,LCN,6
R00579,SP002591,SP002598,8,TUT,LCN,2
R00579,SP002591,SP002599,8,TUT,LCN,2
R00579,SP002591,SP003047,8,TUT,LCN,2
R00580,SP004068,SP002098,15,HWN,LST,2
R00580,SP004068,SP004067,12,BIS,LST,2
R00580,SP004068,SP004079,15,HWN,LST,4
R00580,SP004068,SP004178,13,SAW,LST,2
R00581,SP002101,SP002163,9,DLY,GLC,2
R00581,SP002101,SP002772,10,LHW,GLC,2
R00581,SP002101,SP003834,9,DLY,GLC,2
R00582,SP003577,SP002103,5,DMF,GLC,14
R00583,SP002110,SP002710,9,BRI,CDF,2
R00584,SP002117,SP002116,9,LOB,BHM,1
R00584,SP002117,SP002125,11,SLY,BHM,2
R00585,SP003437,SP002119,5,WOS,BHM,2
R00585,SP003437,SP002712,15,OXF,PAD,4
R00585,SP003437,SP003242,5,WOS,BRI,2
R00586,SP002124,SP003899,7,BKO,AON,1
R00587,SP004043,SP002126,10,FOK,LIF,1
R00587,SP004043,SP004030,10,FOK,FOK,2
R00588,SP002143,SP002147,18,CLC,PAD,2
R00589,SP002218,SP002154,5,LUT,EGR,1
R00589,SP002218,SP002470,17,SPL,TBD,3
R00589,SP002218,SP002766,8,SAC,BTN,2
R00589,SP002218,SP002831,21,XMK,BTN,1
R00589,SP002218,SP002850,17,SPL,BTN,1
R00589,SP002218,SP003040,21,XMK,TBD,1
R00589,SP002218,SP003132,17,SPL,TBD,3
R00589,SP002218,SP003389,8,SAC,BTN,1
R00589,SP002218,SP003401,8,SAC,BTN,1
R00589,SP002218,SP003491,8,SAC,BTN,1
R00589,SP002218,SP003627,17,SPL,TBD,2
R00589,SP002218,SP003758,8,SAC,BTN,2
R00589,SP002218,SP003861,17,SPL,BTN,1
R00589,SP002218,SP003865,21,XMK,BTN,1
R00589,SP002218,SP004203,17,SPL,BTN,1
R00589,SP002218,SP004204,8,SAC,BTN,1
R00589,SP002218,SP004596,20,BFR,TBD,1
R00589,SP002218,SP004598,8,SAC,BTN,1
R00590,SP002161,SP002156,16,BIF,LAN,2
R00590,SP002161,SP002162,6,SSC,BIF,2
R00590,SP002161,SP002167,16,BIF,PRE,2
R00591,SP003394,SP002178,7,INK,ABD,1
R00591,SP003394,SP003358,14,GLT,GLT,10
R00591,SP003394,SP003761,11,COW,COW,2
R00591,SP003394,SP003833,7,INK,GLT,2
R00591,SP003394,SP003878,14,GLT,PTH,2
R00592,SP002231,SP002181,6,FIT,BRI,4
R00592,SP002231,SP002227,7,BRI,PMH,2
R00592,SP002231,SP002328,7,BRI,TAU,6
R00592,SP002231,SP002379,7,BRI,BRI,6
R00592,SP002231,SP002392,7,BRI,EXD,12
R00592,SP002231,SP002394,7,BRI,PLY,2
R00592,SP002231,SP002395,7,BRI,EXD,2
R00592,SP002231,SP003379,7,BRI,PNZ,2
R00592,SP002231,SP003382,6,FIT,TAU,2
R00592,SP002231,SP003414,11,WSB,PMH,6
R00592,SP002231,SP003427,7,BRI,FRO,2
R00592,SP002231,SP003469,5,PWY,PAD,18
R00592,SP002231,SP004249,7,BRI,PMH,2
R00593,SP002182,SP002215,11,WSF,LIV,2
R00594,SP002193,SP002804,7,ALE,LIV,1
R00595,SP002198,SP002200,7,DLY,GLC,2
R00596,SP002205,SP002747,7,NXG,EGR,1
R00597,SP002210,SP003956,10,WVH,SHR,1
R00597,SP002210,SP004022,10,WVH,LIV,1
R00598,SP002211,SP002214,8,BTS,EDB,2
R00599,SP002219,SP002225,26,GTW,TBD,3
R00599,SP002219,SP004219,23,ELD,GTW,2
R00600,SP002222,SP002249,22,XJS,TBD,2
R00600,SP002222,SP002255,20,SCY,EGR,2
R00600,SP002222,SP002664,20,SCY,EGR,1
R00601,SP003715,SP002224,8,CRV,MAN,2
R00602,SP003370,SP002226,9,WTL,PMD,2
R00602,SP003370,SP003444,6,FYS,CMN,1
R00602,SP003370,SP003780,8,CMN,CMN,3
R00602,SP003370,SP003784,11,CLR,FGH,2
R00603,SP002410,SP002232,15,NRW,LWT,2
R00603,SP002410,SP002446,6,CBG,CBG,2
R00604,SP002310,SP002236,5,WCL,GLC,2
R00604,SP002310,SP002308,7,SHS,GLC,2
R00604,SP002310,SP002324,8,BLH,GLC,2
R00604,SP002310,SP004456,5,WCL,GLC,2
R00605,SP002240,SP002244,7,RDH,BDM,2
R00606,SP002252,SP002251,11,SET,LDS,2
R00606,SP002252,SP003499,15,SKI,LDS,2
R00606,SP002252,SP004115,7,GSD,LDS,2
R00607,SP002266,SP002793,7,BHI,BHI,4
R00607,SP002266,SP004631,12,COV,NMP,1
R00608,SP002267,SP003093,6,WFF,EUS,2
R00609,SP002271,SP002285,24,BFR,WGC,9
R00609,SP002271,SP002288,24,BFR,WGC,12
R00609,SP002271,SP002292,24,BFR,WGC,1
R00609,SP002271,SP002836,13,SRT,XVJ,1
R00609,SP002271,SP003459,24,BFR,FPK,2
R00610,SP003259,SP002280,5,HAC,SSD,4
R00610,SP003259,SP002473,14,XSG,CHN,76
R00610,SP003259,SP002514,5,HAC,SSD,1
R00610,SP003259,SP002542,5,HAC,ELY,1
R00610,SP003259,SP002554,5,HAC,HFE,1
R00610,SP003259,SP004059,5,HAC,CHI,1
R00610,SP003259,SP004165,5,HAC,ELY,1
R00611,SP002283,SP002282,12,DPD,GTW,8
R00612,SP002284,SP002714,9,LWT,BCC,2
R00612,SP002284,SP002988,5,REE,GYM,2
R00613,SP004327,SP002300,11,HLU,GLQ,1
R00613,SP004327,SP002946,11,HLU,GLQ,1
R00613,SP004327,SP004444,5,DAL,DAL,2
R00614,SP004331,SP002305,11,FTW,FTW,2
R00614,SP004331,SP002418,25,DBC,GLQ,2
R00615,SP002313,SP003438,8,KGM,PAD,2
R00615,SP002313,SP003845,8,KGM,PAD,2
R00616,SP004412,SP002326,18,MBR,NCL,2
R00617,SP003120,SP002332,13,CTR,CDF,2
R00617,SP003120,SP002859,13,CTR,CDF,1
R00617,SP003120,SP003173,13,CTR,CTR,2
R00617,SP003120,SP003340,16,XCO,EUS,1
R00617,SP003120,SP003359,13,CTR,CDF,1
R00617,SP003120,SP004015,15,STA,BHM,2
R00618,SP002364,SP002361,11,WSB,FRO,4
R00618,SP002364,SP003235,11,WSB,WEY,6
R00618,SP002364,SP003238,8,BTH,WEY,2
R00618,SP002364,SP003501,8,BTH,WEY,4
R00618,SP002364,SP004094,5,BRI,PLY,2
R00618,SP002364,SP004403,5,BRI,BRI,4
R00619,SP002365,SP002955,8,KKM,PRE,7
R00620,SP002367,SP002596,6,DSL,MAN,12
R00620,SP002367,SP002830,6,DSL,MAN,2
R00621,SP002374,SP003813,9,LSK,LSK,2
R00622,SP002396,SP002386,11,TAU,TAU,2
R00623,SP002668,SP002389,6,BRI,EXD,2
R00624,SP002401,SP003004,5,XWH,XFD,1
R00625,SP002566,SP002409,13,GLM,RAI,4
R00626,SP002433,SP003931,5,AUD,LST,4
R00626,SP002433,SP003936,5,AUD,LST,2
R00626,SP002433,SP004164,5,AUD,LST,1
R00626,SP002433,SP004225,5,AUD,SRA,2
R00626,SP002433,SP004568,5,AUD,LST,1
R00627,SP002441,SP002442,12,SOC,SOC,4
R00627,SP002441,SP002459,5,LAI,SRY,4
R00627,SP002441,SP002484,5,LAI,LAI,6
R00627,SP002441,SP003831,7,PSE,LES,2
R00628,SP002447,SP002448,11,IPS,COL,6
R00629,SP002456,SP002452,10,AVN,SVB,18
R00630,SP002479,SP002458,11,PEV,ORE,1
R00630,SP002479,SP002739,8,EBN,EBN,1
R00630,SP002479,SP002932,15,HGS,HGS,2
R00630,SP002479,SP003140,11,PEV,HGS,2
R00631,SP002460,SP003582,11,RDR,CDF,1
R00631,SP002460,SP004075,16,CDF,CDF,8
R00632,SP002614,SP002464,9,SHB,WRK,4
R00632,SP002614,SP002615,9,SHB,WRK,14
R00632,SP002614,SP002634,8,MSW,MSW,2
R00633,SP002467,SP004594,15,TBD,PMH,1
R00634,SP002485,SP003431,8,RDG,PAD,2
R00635,SP002954,SP002486,6,HAY,OXF,1
R00635,SP002954,SP002966,7,HXX,HAF,1
R00636,SP002752,SP002489,10,BRI,BRI,2
R00637,SP003275,SP002500,7,HAY,RDG,5
R00637,SP003275,SP002982,8,HXX,HAF,5
R00637,SP003275,SP003412,7,HAY,PNZ,1
R00638,SP002518,SP003125,5,LDS,MAN,1
R00638,SP002518,SP003268,7,WKK,MIA,2
R00638,SP002518,SP003606,5,LDS,MAN,1
R00638,SP002518,SP003607,5,LDS,LDS,1
R00639,SP002532,SP002947,7,DON,SHF,2
R00640,SP002534,SP003951,5,HOW,YRK,1
R00641,SP002549,SP002707,5,UPM,SFO,2
R00641,SP002549,SP004584,5,UPM,SOC,2
R00642,SP002553,SP002559,7,FSK,LCN,2
R00642,SP002553,SP002560,7,FSK,GMB,2
R00643,SP002555,SP003569,8,BEV,BDT,2
R00643,SP002555,SP004593,6,HUL,HUL,1
R00644,SP004083,SP002556,6,CHN,LST,2
R00644,SP004083,SP004092,9,BMD,SRA,8
R00644,SP004083,SP004344,10,PON,LST,1
R00644,SP004083,SP004374,6,CHN,LST,2
R00644,SP004083,SP004429,9,BMD,SRA,2
R00644,SP004083,SP004610,10,PON,LST,1
R00645,SP002608,SP002557,5,SLL,CLE,1
R00645,SP002608,SP003223,6,GMB,CLE,1
R00646,SP002565,SP003084,7,BDT,SCA,2
R00647,SP003309,SP002583,11,STL,PAD,4
R00647,SP003309,SP003338,7,LNY,ABX,36
R00647,SP003309,SP003363,11,STL,ABX,1
R00647,SP003309,SP003596,7,LNY,PAD,1
R00647,SP003309,SP004040,13,EAL,PAD,1
R00647,SP003309,SP004520,6,SLO,PAD,1
R00648,SP002943,SP002588,5,XXA,XSU,1
R00649,SP002631,SP002600,8,LOW,CRE,2
R00649,SP002631,SP002605,7,FSK,CRE,2
R00649,SP002631,SP002672,6,NCT,MAT,2
R00649,SP002631,SP003045,8,LOW,NOT,2
R00649,SP002631,SP004038,9,NOT,STP,2
R00650,SP002609,SP002659,11,GMB,CLE,4
R00651,SP002613,SP003493,13,LVC,LVC,2
R00652,SP002616,SP003304,6,WHX,WHX,2
R00652,SP002616,SP003324,6,WHX,ABX,36
R00653,SP002620,SP002621,6,HKN,NOT,2
R00654,SP002632,SP002676,10,HKM,MAT,2
R00654,SP002632,SP002678,10,HKM,MAT,2
R00654,SP002632,SP003051,16,NOT,NOT,2
R00655,SP002635,SP003481,10,EXD,EXD,2
R00655,SP002635,SP004284,5,WSM,WSM,2
R00656,SP002637,SP004400,12,SAL,SOU,2
R00657,SP002639,SP002638,9,ASH,RDH,2
R00658,SP002643,SP002675,5,DBY,DBY,2
R00659,SP004129,SP002656,5,XTR,STP,1
R00659,SP004129,SP003212,7,DBY,STP,1
R00660,SP002665,SP003216,5,WGN,GLC,1
R00661,SP002687,SP003450,10,BRI,CDF,2
R00662,SP002691,SP004449,5,HLY,EDB,2
R00663,SP002696,SP002695,6,WSM,CDF,4
R00663,SP002696,SP002705,6,WSM,CDF,2
R00663,SP002696,SP003497,6,WSM,BRI,2
R00664,SP002717,SP002719,11,NCM,RDZ,2
R00664,SP002717,SP004522,9,GLD,RDZ,2
R00665,SP003258,SP002722,14,BOA,GCR,2
R00665,SP003258,SP002744,14,BOA,BRI,4
R00665,SP003258,SP003516,9,CLC,GCR,2
R00665,SP003258,SP004564,12,WSB,WSB,1
R00666,SP004292,SP002727,6,GBD,DON,5
R00666,SP004292,SP002734,6,GBD,SHF,1
R00666,SP004292,SP003078,6,GBD,LDS,1
R00666,SP004292,SP003564,6,GBD,YRK,1
R00667,SP002736,SP002740,8,BDT,SCA,1
R00668,SP002749,SP003870,7,AAP,AAP,2
R00669,SP002755,SP002761,10,LET,LET,1
R00669,SP002755,SP002960,9,HIT,LDS,1
R00669,SP002755,SP003176,13,RYS,RYS,1
R00669,SP002755,SP003254,9,HIT,PBO,2
R00669,SP002755,SP003658,13,RYS,ELY,1
R00669,SP002755,SP003667,9,HIT,YRK,1
R00670,SP002763,SP004141,11,WSL,WSL,2
R00671,SP003959,SP002764,5,BSC,RGL,2
R00672,SP003343,SP002788,7,PEV,HGS,1
R00673,SP002802,SP003124,8,LLJ,HHD,2
R00673,SP002802,SP003592,8,LLJ,HHD,2
R00674,SP002848,SP003352,12,DAR,BIA,28
R00674,SP002848,SP003702,12,DAR,NCL,2
R00675,SP002852,SP002851,7,CUM,DID,4
R00675,SP002852,SP002853,5,OXF,OXF,2
R00676,SP002861,SP003201,27,PCD,CDF,3
R00676,SP002861,SP003621,27,PCD,CDF,1
R00676,SP002861,SP003625,16,LLE,CDF,1
R00676,SP002861,SP003750,16,LLE,CDF,4
R00676,SP002861,SP003783,11,CMN,CMN,2
R00677,SP002871,SP002870,13,WRX,WRX,10
R00678,SP002885,SP002892,11,SKI,SKI,2
R00678,SP002885,SP003110,11,SKI,LDS,2
R00679,SP002887,SP003737,5,NUN,NOT,1
R00680,SP003108,SP002888,11,CDF,FGH,1
R00681,SP002909,SP002891,14,DFD,DFD,5
R00682,SP002894,SP004058,7,HAC,LST,4
R00683,SP002898,SP002896,5,FLI,MCO,4
R00684,SP002912,SP002901,5,URM,LIV,2
R00684,SP002912,SP002906,5,URM,LIV,2
R00684,SP002912,SP002916,5,URM,LIV,2
R00684,SP002912,SP004007,5,URM,LIV,2
R00684,SP002912,SP004452,5,URM,WAC,2
R00684,SP002912,SP004457,5,URM,WAC,2
R00685,SP002905,SP002908,5,IRL,LIV,2
R00685,SP002905,SP004450,5,IRL,WAC,2
R00686,SP002911,SP004005,11,WAW,LIV,2
R00686,SP002911,SP004453,10,WAC,WAC,4
R00687,SP003090,SP002917,9,EBF,MAR,32
R00687,SP003090,SP003153,9,EBF,AFK,2
R00687,SP003090,SP004271,20,FAV,RAM,26
R00687,SP003090,SP004291,20,FAV,MAR,2
R00687,SP003090,SP004348,9,EBF,MAR,2
R00687,SP003090,SP004380,8,XXJ,MAR,4
R00687,SP003090,SP004392,9,EBF,DVP,10
R00687,SP003090,SP004396,9,EBF,RAM,26
R00687,SP003090,SP004435,12,SOO,MDW,4
R00688,SP002925,SP002939,6,RYR,RYR,2
R00689,SP002937,SP003465,7,RVB,XVJ,1
R00690,SP002962,SP002999,16,HAY,HAY,2
R00690,SP002962,SP003103,10,PDX,MAI,40
R00690,SP002962,SP003106,10,PDX,MAI,15
R00690,SP002962,SP003119,10,PDX,MAI,1
R00690,SP002962,SP003182,10,PDX,RDG,10
R00690,SP002962,SP003185,10,PDX,RDG,38
R00690,SP002962,SP003186,10,PDX,RDG,42
R00690,SP002962,SP003204,16,HAY,RDG,1
R00690,SP002962,SP003273,17,HXX,HWV,4
R00690,SP002962,SP003280,13,WEA,HWV,1
R00690,SP002962,SP003602,10,PDX,MAI,1
R00690,SP002962,SP003716,10,PDX,PDX,40
R00690,SP002962,SP003730,10,PDX,HWV,1
R00691,SP002985,SP003159,7,AFK,CST,1
R00691,SP002985,SP003615,7,AFK,CST,1
R00691,SP002985,SP004388,7,AFK,SPX,1
R00692,SP003894,SP003009,8,SLS,BHG,1
R00692,SP003894,SP003473,15,BHG,BHG,1
R00692,SP003894,SP004289,6,BLG,SPR,2
R00693,SP003597,SP003017,10,SRA,HAF,2
R00693,SP003597,SP003816,10,SRA,PDX,2
R00694,SP003018,SP003357,5,GDH,KGX,1
R00694,SP003018,SP003503,5,GDH,KGX,1
R00695,SP003028,SP003519,10,WGN,GLC,1
R00696,SP003080,SP004221,7,LDS,BPN,2
R00697,SP003100,SP003504,10,XOU,MIA,1
R00698,SP004256,SP003101,6,BIF,MIA,2
R00699,SP003113,SP003820,8,PSE,FST,1
R00699,SP003113,SP003829,8,PSE,FST,2
R00699,SP003113,SP003852,8,PSE,FST,2
R00699,SP003113,SP003997,12,GRY,FST,2
R00699,SP003113,SP004132,8,PSE,FST,1
R00700,SP003139,SP003679,6,WOK,SOU,1
R00701,SP003150,SP003143,5,XRH,HGS,2
R00701,SP003150,SP004123,12,PEV,ORE,2
R00701,SP003150,SP004124,12,PEV,ORE,4
R00702,SP003245,SP003162,9,SEV,CHX,1
R00702,SP003245,SP003618,7,TON,CHX,1
R00703,SP003164,SP003163,16,TON,CHX,1
R00703,SP003164,SP003168,16,TON,TON,4
R00703,SP003164,SP003170,10,AFK,AFK,4
R00703,SP003164,SP004347,10,AFK,SPX,2
R00704,SP003187,SP003166,8,AFK,CHX,8
R00704,SP003187,SP003232,8,AFK,AFK,2
R00704,SP003187,SP003255,8,AFK,CST,2
R00704,SP003187,SP004401,5,XSI,SPX,10
R00705,SP003177,SP003364,15,CDF,CDF,6
R00706,SP003214,SP003180,5,WDT,RDG,2
R00707,SP003209,SP003181,5,AFK,AFK,2
R00708,SP003199,SP003714,5,HAY,HWV,1
R00709,SP003297,SP003202,5,IFD,COL,2
R00709,SP003297,SP004622,5,IFD,SOV,1
R00710,SP003215,SP004629,5,LNY,PAD,1
R00711,SP003221,SP003237,16,AFK,CHX,1
R00711,SP003221,SP003241,16,AFK,CHX,2
R00711,SP003221,SP004393,13,XSI,SPX,2
R00712,SP003244,SP004052,8,NBY,BDW,1
R00713,SP003260,SP003261,9,XPY,CHX,2
R00714,SP004498,SP003265,9,XPY,BFR,2
R00714,SP004498,SP004509,5,NEH,CHX,4
R00715,SP003274,SP003668,12,PBL,SOP,2
R00716,SP003282,SP004528,13,SAY,MDE,2
R00717,SP003310,SP003765,10,STA,EUS,1
R00718,SP003312,SP003710,14,WHX,SNF,4
R00719,SP003318,SP003614,10,EAL,PAD,2
R00720,SP003326,SP004089,8,CDQ,CDF,4
R00721,SP004360,SP003327,8,BKG,BKG,1
R00722,SP003380,SP003332,9,STL,ABX,3
R00722,SP003380,SP003611,9,STL,PAD,1
R00723,SP003353,SP003354,5,WSB,PAD,1
R00723,SP003353,SP003793,5,WSB,PAD,1
R00724,SP003375,SP003461,13,WSB,PMS,2
R00725,SP003393,SP003446,9,EAL,ABX,4
R00726,SP003411,SP003856,14,FLT,STP,1
R00727,SP003416,SP004491,6,CNM,CNM,2
R00728,SP003419,SP003862,7,HFS,CLE,1
R00729,SP003421,SP003863,10,HAZ,LIV,1
R00730,SP003524,SP004575,11,XLJ,BDM,1
R00731,SP004461,SP003566,7,LDS,LDS,1
R00732,SP003594,SP003580,6,CMN,CDF,2
R00732,SP003594,SP003712,6,CMN,MAN,2
R00733,SP003610,SP003673,8,XJS,WRH,1
R00733,SP003610,SP004013,16,TBD,HRH,1
R00733,SP003610,SP004142,6,SCY,OXT,1
R00733,SP003610,SP004307,8,XJS,BTN,1
R00734,SP003622,SP003634,5,BGN,MST,1
R00735,SP003656,SP003698,6,LEW,DFD,1
R00735,SP003656,SP003699,8,HGR,ORP,1
R00736,SP004285,SP003671,5,GBD,SHF,2
R00736,SP004285,SP004286,5,GBD,DON,7
R00737,SP003690,SP003704,20,HYN,DMR,6
R00737,SP003690,SP003727,22,WES,MLN,2
R00738,SP004064,SP003739,6,MNG,LST,2
R00738,SP004064,SP004160,6,MNG,COL,4
R00738,SP004064,SP004318,6,MNG,LST,2
R00739,SP003755,SP004630,5,STL,PAD,1
R00740,SP003766,SP003819,7,CUB,CUB,30
R00741,SP004287,SP003807,9,BLG,EDB,1
R00741,SP004287,SP004116,9,BLG,EDB,1
R00742,SP003866,SP004220,24,LIN,EDB,1
R00743,SP003933,SP004016,9,BTG,RDC,2
R00744,SP004168,SP003938,11,BIS,LST,4
R00744,SP004168,SP004071,12,SAW,LST,4
R00744,SP004168,SP004166,21,HAC,LST,2
R00744,SP004168,SP004632,11,BIS,BIS,1
R00745,SP004231,SP003945,7,WIC,LST,6
R00745,SP004231,SP003946,7,WIC,LST,2
R00745,SP004231,SP004385,7,WIC,LST,2
R00746,SP003950,SP004251,8,RNH,LIV,4
R00747,SP003981,SP003982,5,BDA,NRW,2
R00748,SP004004,SP004006,10,WTM,LST,2
R00749,SP004010,SP004110,13,XOU,EUS,1
R00749,SP004010,SP004515,25,RUG,EUS,1
R00750,SP004035,SP004410,5,NNT,NNT,6
R00751,SP004136,SP004137,9,EMS,LIT,2
R00752,SP004161,SP004577,7,SRU,MYB,1
R00753,SP004183,SP004570,9,MAI,PAD,1
R00754,SP004283,SP004213,5,GOO,GOO,4
R00754,SP004283,SP004279,5,GOO,HUL,4
R00754,SP004283,SP004301,5,GOO,HUL,4
R00754,SP004283,SP004315,6,GBD,HUL,2
R00755,SP004270,SP004590,8,FAV,SPX,1
R00756,SP004273,SP004535,6,FAV,CST,2
R00757,SP004299,SP004532,9,XRJ,CST,1
R00757,SP004299,SP004533,9,XRJ,CST,2
R00758,SP004303,SP004638,8,XRJ,CST,1
R00759,SP004342,SP004330,5,DIG,PGN,2
R00759,SP004342,SP004364,5,DIG,PGN,2
R00760,SP004352,SP004422,5,HRS,LDS,2
R00761,SP004371,SP004369,6,TRU,PAR,2
R00762,SP004387,SP004391,11,GBK,CTR,2
R00763,SP004394,SP004390,10,XSI,SPX,1
