station_id,route_id,station_name,crs,operator,route,county,region,latitude,longitude,is_interchange,major_interchange,is_terminus1,branch_junction,is_junction,canonical_time_to_...,time_band,distance_from_..._km,distance_band,route_count,service_count,service_density,route_diversity_band,is_mainline,is_coastal,is_high_speed,distance_band,accessibility_score,difficulty_score,nearest_landmark,nearest_landmark_km,nearest_castle,nearest_castle_km,nearest_cathedral,nearest_cathedral_km,nearest_museum,nearest_museum_km,nearest_country_house,nearest_country_house_km,nearest_nature_reserve,nearest_nature_reserve_km,word_count_band
SO_0001,SO_R0001,Aldrington,AGT,Southern,,,,50.83636472,-0.181209698,,,FALSE,,FALSE,,,,,1,1,low,single,TRUE,FALSE,FALSE,,,,,,,,,,,,,,,,single
SO_0002,SO_R0002,Amberley,AMY,Southern,,,,50.896668,-0.541989047,,,FALSE,,FALSE,,,,,1,1,low,single,TRUE,FALSE,FALSE,,,,,,,,,,,,,,,,single
SO_0003,SO_R0003,Angmering,ANG,Southern,['West Coastway'],West Sussex,,50.8165699,-0.4893894,,FALSE,FALSE,FALSE,FALSE,40.5,30-60,,,1,1,low,single,TRUE,FALSE,FALSE,,,,,,,,,,,,,,,,single
SO_0004,SO_R0004,Appledore (Kent),APD,Southern,,,,51.0332352,0.816355536,,,FALSE,,FALSE,,,,,1,1,low,single,TRUE,FALSE,FALSE,,,,,,,,,,,,,,,,multiple
SO_0005,SO_R0005,Arundel,ARU,Southern,,,,50.84820145,-0.546171346,,,FALSE,,FALSE,,,,,1,1,low,single,TRUE,FALSE,FALSE,,,,,,,,,,,,,,,,single
SO_0006,SO_R0006,Ashtead,AHD,Southern,,,,51.31788158,-0.308147338,,,FALSE,,FALSE,,,,,1,1,low,single,TRUE,FALSE,FALSE,,,,,,,,,,,,,,,,single
SO_0007,SO_R0007,Ashurst (Kent),AHS,Southern,,,,51.12865582,0.152661963,,,FALSE,,FALSE,,,,,1,1,low,single,TRUE,FALSE,FALSE,,,,,,,,,,,,,,,,multiple
SO_0008,SO_R0008,Balcombe,BAB,Southern,['Brighton Main Line'],West Sussex,,51.05551334,-0.136932431,,FALSE,FALSE,FALSE,FALSE,18,0-30,,,1,1,low,single,TRUE,FALSE,FALSE,,,,,,,,,,,,,,,,single
SO_0009,SO_R0009,Balham,BAL,Southern,['Sutton & Metro'],England,,51.44322754,-0.152421221,,FALSE,TRUE,FALSE,FALSE,9,0-30,,,1,1,low,single,TRUE,FALSE,FALSE,,,,,,,,,,,,,,,,single
SO_0010,SO_R0010,Banstead,BAD,Southern,,,,51.32934844,-0.213158063,,,FALSE,,FALSE,,,,,1,1,low,single,TRUE,FALSE,FALSE,,,,,,,,,,,,,,,,single
SO_0011,SO_R0011,Barnham,BAA,Southern,"['West Coastway', 'Arun Valley']",West Sussex,,50.83089289,-0.639679689,,FALSE,TRUE,FALSE,FALSE,27,0-30,,,1,1,low,single,TRUE,FALSE,FALSE,,,,,,,,,,,,,,,,single
SO_0012,SO_R0012,Battersea Park,BAK,Southern,,,,51.47733308,-0.148162967,,,TRUE,,FALSE,,,,,1,1,low,single,TRUE,FALSE,FALSE,,,,,,,,,,,,,,,,multiple
SO_0013,SO_R0013,Belmont,BLM,Southern,,,,51.34413926,-0.199487206,,,FALSE,,FALSE,,,,,1,1,low,single,TRUE,FALSE,FALSE,,,,,,,,,,,,,,,,single
SO_0014,SO_R0014,Berwick (Sussex),BRK,Southern,['East Coastway'],East Sussex,,50.84037214,0.166026428,,FALSE,FALSE,FALSE,FALSE,40.5,30-60,,,1,1,low,single,TRUE,FALSE,FALSE,,,,,,,,,,,,,,,,multiple
SO_0015,SO_R0015,Bexhill,BEX,Southern,['East Coastway'],East Sussex,,50.84103549,0.477034087,,FALSE,FALSE,FALSE,FALSE,76.5,60-120,,,1,1,low,single,TRUE,FALSE,FALSE,,,,,,,,,,,,,,,,single
SO_0016,SO_R0016,Billingshurst,BIG,Southern,,,,51.01519557,-0.450295608,,,FALSE,,FALSE,,,,,1,1,low,single,TRUE,FALSE,FALSE,,,,,,,,,,,,,,,,single
SO_0017,SO_R0017,Birkbeck,BIK,Southern,,,,51.40390126,-0.056235874,,,TRUE,,FALSE,,,,,1,1,low,single,TRUE,FALSE,FALSE,,,,,,,,,,,,,,,,single
SO_0018,SO_R0018,Bishopstone (Sussex),BIP,Southern,,,,50.78013589,0.082763046,,,FALSE,,FALSE,,,,,1,1,low,single,TRUE,FALSE,FALSE,,,,,,,,,,,,,,,,multiple
SO_0019,SO_R0019,Bognor Regis,BOG,Southern,['West Coastway'],,,50.78655324,-0.676179036,,,TRUE,FALSE,FALSE,95,,,,1,1,low,single,TRUE,FALSE,FALSE,,,,,,,,,,,,,,,,multiple
SO_0020,SO_R0020,Bosham,BOH,Southern,['West Coastway'],West Sussex,,50.8427348,-0.847436637,,FALSE,FALSE,FALSE,FALSE,40.5,30-60,,,1,1,low,single,TRUE,FALSE,FALSE,,,,,,,,,,,,,,,,single
SO_0021,SO_R0021,Box Hill & Westhumble,BXW,Southern,,,,51.25400939,-0.328478447,,,FALSE,,FALSE,,,,,1,1,low,single,TRUE,FALSE,FALSE,,,,,,,,,,,,,,,,multiple
SO_0022,SO_R0022,Brighton,BTN,Southern,"['Brighton Main Line', 'East Coastway', 'West Coastway']",Brighton and Hove,,50.82895322,-0.141225193,,TRUE,TRUE,TRUE,FALSE,18,0-30,,,1,1,low,single,TRUE,FALSE,FALSE,,,,,,,,,,,,,,,,single
SO_0023,SO_R0023,Burgess Hill,BUG,Southern,['Brighton Main Line'],West Sussex,,50.95361465,-0.127769062,,FALSE,FALSE,FALSE,FALSE,22.5,0-30,,,1,1,low,single,TRUE,FALSE,FALSE,,,,,,,,,,,,,,,,multiple
SO_0024,SO_R0024,Buxted,BXD,Southern,['Uckfield Branch'],,,50.99001094,0.131447718,,,FALSE,FALSE,FALSE,75,,,,1,1,low,single,TRUE,FALSE,FALSE,,,,,,,,,,,,,,,,single
SO_0025,SO_R0025,Carshalton,CSH,Southern,['Sutton & Metro'],England,,51.3684549,-0.166366115,,FALSE,FALSE,FALSE,FALSE,45,30-60,,,1,1,low,single,TRUE,FALSE,FALSE,,,,,,,,,,,,,,,,single
SO_0026,SO_R0026,Carshalton Beeches,CSB,Southern,,,,51.35741124,-0.169794788,,,FALSE,,FALSE,,,,,1,1,low,single,TRUE,FALSE,FALSE,,,,,,,,,,,,,,,,multiple
SO_0027,SO_R0027,Caterham,CAT,Southern,,,,51.28213943,-0.078302765,,,TRUE,,FALSE,,,,,1,1,low,single,TRUE,FALSE,FALSE,,,,,,,,,,,,,,,,single
SO_0028,SO_R0028,Cheam,CHE,Southern,,,,51.35547926,-0.214166523,,,FALSE,,FALSE,,,,,1,1,low,single,TRUE,FALSE,FALSE,,,,,,,,,,,,,,,,single
SO_0029,SO_R0029,Chichester,CCH,Southern,['West Coastway'],West Sussex,,50.83204016,-0.781752603,,FALSE,TRUE,FALSE,FALSE,31.5,30-60,,,1,1,low,single,TRUE,FALSE,FALSE,,,,,,,,,,,,,,,,single
SO_0030,SO_R0030,Chipstead,CHP,Southern,,,,51.30932005,-0.169427771,,,FALSE,,FALSE,,,,,1,1,low,single,TRUE,FALSE,FALSE,,,,,,,,,,,,,,,,single
SO_0031,SO_R0031,Christs Hospital,CHH,Southern,,,,51.0506779,-0.363547086,,,FALSE,,FALSE,,,,,1,1,low,single,TRUE,FALSE,FALSE,,,,,,,,,,,,,,,,multiple
SO_0032,SO_R0032,Collington,CLL,Southern,['East Coastway'],East Sussex,,50.8392821,0.457878337,,FALSE,FALSE,FALSE,FALSE,72,60-120,,,1,1,low,single,TRUE,FALSE,FALSE,,,,,,,,,,,,,,,,single
SO_0033,SO_R0033,Cooden Beach,COB,Southern,['East Coastway'],East Sussex,,50.83336546,0.426874784,,FALSE,FALSE,FALSE,FALSE,67.5,60-120,,,1,1,low,single,TRUE,FALSE,FALSE,,,,,,,,,,,,,,,,multiple
SO_0034,SO_R0034,Cooksbridge,CBR,Southern,,,,50.90375256,-0.009198424,,,FALSE,,FALSE,,,,,1,1,low,single,TRUE,FALSE,FALSE,,,,,,,,,,,,,,,,single
SO_0035,SO_R0035,Coulsdon South,CDS,Southern,['Brighton Main Line'],England,,51.31583718,-0.137884398,,FALSE,FALSE,FALSE,FALSE,18,0-30,,,1,1,low,single,TRUE,FALSE,FALSE,,,,,,,,,,,,,,,,multiple
SO_0036,SO_R0036,Coulsdon Town,CDN,Southern,,,,51.322434,-0.13432,,,FALSE,,FALSE,,,,,1,1,low,single,TRUE,FALSE,FALSE,,,,,,,,,,,,,,,,multiple
SO_0037,SO_R0037,Cowden (Kent),CWN,Southern,['Uckfield Branch'],,,51.15563114,0.110041555,,,FALSE,FALSE,FALSE,60,,,,1,1,low,single,TRUE,FALSE,FALSE,,,,,,,,,,,,,,,,multiple
SO_0038,SO_R0038,Crawley,CRW,Southern,,,,51.1122072,-0.186672649,,,FALSE,,FALSE,,,,,1,1,low,single,TRUE,FALSE,FALSE,,,,,,,,,,,,,,,,single
SO_0039,SO_R0039,Crowborough,COH,Southern,['Uckfield Branch'],,,51.04638117,0.188023149,,,TRUE,FALSE,FALSE,60,,,,1,1,low,single,TRUE,FALSE,FALSE,,,,,,,,,,,,,,,,single
SO_0040,SO_R0040,Doleham,DLH,Southern,,,,50.9187472,0.610702875,,,FALSE,,FALSE,,,,,1,1,low,single,TRUE,FALSE,FALSE,,,,,,,,,,,,,,,,single
SO_0041,SO_R0041,Dorking (Main),DKG,Southern,['Arun Valley'],,,51.240927,-0.32423924,,,TRUE,FALSE,FALSE,55,,,,1,1,low,single,TRUE,FALSE,FALSE,,,,,,,,,,,,,,,,multiple
SO_0042,SO_R0042,Dormans,DMS,Southern,['East Grinstead Branch'],,,51.15578598,-0.004302625,,,FALSE,FALSE,FALSE,55,,,,1,1,low,single,TRUE,FALSE,FALSE,,,,,,,,,,,,,,,,single
SO_0043,SO_R0043,Durrington-on-Sea,DUR,Southern,['West Coastway'],,,50.81752228,-0.411461916,,FALSE,FALSE,FALSE,FALSE,31.5,30-60,,,1,1,low,single,TRUE,FALSE,FALSE,,,,,,,,,,,,,,,,single
SO_0044,SO_R0044,Earlswood Surrey,ELD,Southern,['Brighton Main Line'],Surrey,,51.22732507,-0.170821639,,FALSE,FALSE,FALSE,FALSE,22.5,0-30,,,1,1,low,single,TRUE,FALSE,FALSE,,,,,,,,,,,,,,,,multiple
SO_0045,SO_R0045,East Croydon ,ECR,Southern,"['Brighton Main Line', 'East Grinstead Branch', 'Uckfield Branch']",Greater London,,51.37500564,-0.092276539,,FALSE,TRUE,TRUE,FALSE,4.5,0-30,,,1,1,low,single,TRUE,FALSE,FALSE,,,,,,,,,,,,,,,,multiple
SO_0046,SO_R0046,East Dulwich,EDW,Southern,,,,51.46132011,-0.080717696,,,FALSE,,FALSE,,,,,1,1,low,single,TRUE,FALSE,FALSE,,,,,,,,,,,,,,,,multiple
SO_0047,SO_R0047,East Grinstead,EGR,Southern,['East Grinstead Branch'],,,51.12626697,-0.017895018,,,TRUE,FALSE,FALSE,60,,,,1,1,low,single,TRUE,FALSE,FALSE,,,,,,,,,,,,,,,,multiple
SO_0048,SO_R0048,East Worthing,EWR,Southern,['West Coastway'],,,50.82163957,-0.354885361,,,FALSE,FALSE,FALSE,65,,,,1,1,low,single,TRUE,FALSE,FALSE,,,,,,,,,,,,,,,,multiple
SO_0049,SO_R0049,Eastbourne,EBN,Southern,['East Coastway'],East Sussex,,50.76936955,0.281258504,,FALSE,TRUE,FALSE,FALSE,54,30-60,,,1,1,low,single,TRUE,FALSE,FALSE,,,,,,,,,,,,,,,,single
SO_0050,SO_R0050,Edenbridge (Kent),EBR,Southern,,,,51.20843113,0.060654046,,,FALSE,,FALSE,,,,,1,1,low,single,TRUE,FALSE,FALSE,,,,,,,,,,,,,,,,multiple
SO_0051,SO_R0051,Edenbridge Town,EBT,Southern,['Uckfield Branch'],,,51.20007799,0.067180931,,,FALSE,FALSE,FALSE,70,,,,1,1,low,single,TRUE,FALSE,FALSE,,,,,,,,,,,,,,,,multiple
SO_0052,SO_R0052,Emsworth,EMS,Southern,['West Coastway'],,,50.85138028,-0.93878361,,FALSE,FALSE,FALSE,FALSE,36,30-60,,,1,1,low,single,TRUE,FALSE,FALSE,,,,,,,,,,,,,,,,single
SO_0053,SO_R0053,Epsom (Surrey),EPS,Southern,,,,51.3343926,-0.268778341,,,TRUE,,FALSE,,,,,1,1,low,single,TRUE,FALSE,FALSE,,,,,,,,,,,,,,,,multiple
SO_0054,SO_R0054,Epsom Downs,EPD,Southern,,,,51.323687,-0.238954739,,,TRUE,,FALSE,,,,,1,1,low,single,TRUE,FALSE,FALSE,,,,,,,,,,,,,,,,multiple
SO_0055,SO_R0055,Eridge,ERI,Southern,['Uckfield Branch'],,,51.08895742,0.201442672,,,FALSE,FALSE,FALSE,70,,,,1,1,low,single,TRUE,FALSE,FALSE,,,,,,,,,,,,,,,,single
SO_0056,SO_R0056,Ewell East,EWE,Southern,,,,51.34529966,-0.241529469,,,FALSE,,FALSE,,,,,1,1,low,single,TRUE,FALSE,FALSE,,,,,,,,,,,,,,,,multiple
SO_0057,SO_R0057,Falmer,FMR,Southern,['East Coastway'],,,50.86212415,-0.087383616,,FALSE,FALSE,FALSE,FALSE,27,0-30,,,1,1,low,single,TRUE,FALSE,FALSE,,,,,,,,,,,,,,,,single
SO_0058,SO_R0058,Faygate,FGT,Southern,,,,51.09588376,-0.26302061,,,FALSE,,FALSE,,,,,1,1,low,single,TRUE,FALSE,FALSE,,,,,,,,,,,,,,,,single
SO_0059,SO_R0059,Fishbourne (Sussex),FSB,Southern,['West Coastway'],West Sussex,,50.83903838,-0.815088781,,FALSE,FALSE,FALSE,FALSE,36,30-60,,,1,1,low,single,TRUE,FALSE,FALSE,,,,,,,,,,,,,,,,multiple
SO_0060,SO_R0060,Fishersgate,FSG,Southern,,,,50.83422898,-0.219411,,,FALSE,,FALSE,,,,,1,1,low,single,TRUE,FALSE,FALSE,,,,,,,,,,,,,,,,single
SO_0061,SO_R0061,Ford,FOD,Southern,"['West Coastway', 'Arun Valley']",West Sussex,,50.82956237,-0.578615542,,FALSE,FALSE,FALSE,FALSE,31.5,30-60,,,1,1,low,single,TRUE,FALSE,FALSE,,,,,,,,,,,,,,,,single
SO_0062,SO_R0062,Gipsy Hill,GIP,Southern,,,,51.42445509,-0.083830832,,,FALSE,,FALSE,,,,,1,1,low,single,TRUE,FALSE,FALSE,,,,,,,,,,,,,,,,multiple
SO_0063,SO_R0063,Glynde,GLY,Southern,['East Coastway'],,,50.85916668,0.07008355,,FALSE,FALSE,FALSE,FALSE,36,30-60,,,1,1,low,single,TRUE,FALSE,FALSE,,,,,,,,,,,,,,,,single
SO_0064,SO_R0064,Godstone,GDN,Southern,,,,51.21815351,-0.050080252,,,FALSE,,FALSE,,,,,1,1,low,single,TRUE,FALSE,FALSE,,,,,,,,,,,,,,,,single
SO_0065,SO_R0065,Goring-by-Sea,GBS,Southern,['West Coastway'],West Sussex,,50.8177157,-0.433076924,,FALSE,FALSE,FALSE,FALSE,36,30-60,,,1,1,low,single,TRUE,FALSE,FALSE,,,,,,,,,,,,,,,,single
SO_0066,SO_R0066,Hackbridge,HCB,Southern,['Sutton & Metro'],England,,51.37787262,-0.153904728,,FALSE,FALSE,FALSE,FALSE,40.5,30-60,,,1,1,low,single,TRUE,FALSE,FALSE,,,,,,,,,,,,,,,,single
SO_0067,SO_R0067,Ham Street,HMT,Southern,,,,51.0683774,0.854521617,,,FALSE,,FALSE,,,,,1,1,low,single,TRUE,FALSE,FALSE,,,,,,,,,,,,,,,,multiple
SO_0068,SO_R0068,Hampden Park (Sussex),HMD,Southern,['East Coastway'],East Sussex,,50.79639828,0.27936748,,FALSE,FALSE,FALSE,FALSE,49.5,30-60,,,1,1,low,single,TRUE,FALSE,FALSE,,,,,,,,,,,,,,,,multiple
SO_0069,SO_R0069,Hassocks,HSK,Southern,['Brighton Main Line'],West Sussex,,50.92461282,-0.145952423,,FALSE,FALSE,FALSE,FALSE,27,0-30,,,1,1,low,single,TRUE,FALSE,FALSE,,,,,,,,,,,,,,,,single
SO_0070,SO_R0070,Haywards Heath,HHE,Southern,['Brighton Main Line'],West Sussex,,51.00525294,-0.105306765,,FALSE,TRUE,TRUE,FALSE,13.5,0-30,,,1,1,low,single,TRUE,FALSE,FALSE,,,,,,,,,,,,,,,,multiple
SO_0071,SO_R0071,Hever,HEV,Southern,['Uckfield Branch'],,,51.18140581,0.0950779,,,FALSE,FALSE,FALSE,65,,,,1,1,low,single,TRUE,FALSE,FALSE,,,,,,,,,,,,,,,,single
SO_0072,SO_R0072,Holmwood,HLM,Southern,['Arun Valley'],,,51.18099754,-0.321090928,,,FALSE,FALSE,FALSE,70,,,,1,1,low,single,TRUE,FALSE,FALSE,,,,,,,,,,,,,,,,single
SO_0073,SO_R0073,Horley,HOR,Southern,['Brighton Main Line'],Surrey,,51.16877025,-0.161052239,,FALSE,TRUE,FALSE,FALSE,13.5,0-30,,,1,1,low,single,TRUE,FALSE,FALSE,,,,,,,,,,,,,,,,single
SO_0074,SO_R0074,Horsham,HRH,Southern,['Arun Valley'],,,51.06605718,-0.319258917,,,TRUE,FALSE,FALSE,55,,,,1,1,low,single,TRUE,FALSE,FALSE,,,,,,,,,,,,,,,,single
SO_0075,SO_R0075,Hove,HOV,Southern,['West Coastway'],Brighton and Hove,,50.8352109,-0.170687991,,FALSE,TRUE,FALSE,FALSE,22.5,0-30,,,1,1,low,single,TRUE,FALSE,FALSE,,,,,,,,,,,,,,,,single
SO_0076,SO_R0076,Hurst Green,HUR,Southern,,,,51.24442735,0.003945749,,,FALSE,,FALSE,,,,,1,1,low,single,TRUE,FALSE,FALSE,,,,,,,,,,,,,,,,multiple
SO_0077,SO_R0077,Ifield,IFI,Southern,,,,51.11561646,-0.214772632,,,FALSE,,FALSE,,,,,1,1,low,single,TRUE,FALSE,FALSE,,,,,,,,,,,,,,,,single
SO_0078,SO_R0078,Kenley,KLY,Southern,,,,51.32460105,-0.101215735,,,FALSE,,FALSE,,,,,1,1,low,single,TRUE,FALSE,FALSE,,,,,,,,,,,,,,,,single
SO_0079,SO_R0079,Kingswood,KND,Southern,,,,51.29486144,-0.211456639,,,FALSE,,FALSE,,,,,1,1,low,single,TRUE,FALSE,FALSE,,,,,,,,,,,,,,,,single
SO_0080,SO_R0080,Lancing,LAC,Southern,['West Coastway'],West Sussex,,50.82707775,-0.323099956,,FALSE,FALSE,FALSE,FALSE,27,0-30,,,1,1,low,single,TRUE,FALSE,FALSE,,,,,,,,,,,,,,,,single
SO_0081,SO_R0081,Leatherhead,LHD,Southern,,,,51.29875147,-0.333064888,,,FALSE,,FALSE,,,,,1,1,low,single,TRUE,FALSE,FALSE,,,,,,,,,,,,,,,,single
SO_0082,SO_R0082,Leigh (Kent),LIH,Southern,,,,51.19389559,0.210506799,,,FALSE,,FALSE,,,,,1,1,low,single,TRUE,FALSE,FALSE,,,,,,,,,,,,,,,,multiple
SO_0083,SO_R0083,Lewes,LWS,Southern,['East Coastway'],East Sussex,,50.87062711,0.011335211,,FALSE,TRUE,FALSE,FALSE,31.5,30-60,,,1,1,low,single,TRUE,FALSE,FALSE,,,,,,,,,,,,,,,,single
SO_0084,SO_R0084,Lingfield,LFD,Southern,['East Grinstead Branch'],,,51.17644755,-0.007158941,,,FALSE,FALSE,FALSE,50,,,,1,1,low,single,TRUE,FALSE,FALSE,,,,,,,,,,,,,,,,single
SO_0085,SO_R0085,Littlehampton,LIT,Southern,['West Coastway'],West Sussex,,50.81010344,-0.545991819,,FALSE,TRUE,FALSE,FALSE,36,30-60,,,1,1,low,single,TRUE,FALSE,FALSE,,,,,,,,,,,,,,,,single
SO_0086,SO_R0086,Littlehaven,LVN,Southern,,,,51.0797438,-0.307969555,,,FALSE,,FALSE,,,,,1,1,low,single,TRUE,FALSE,FALSE,,,,,,,,,,,,,,,,single
SO_0087,SO_R0087,London Road (Brighton),LRB,Southern,['Brighton Main Line'],Brighton and Hove,,50.83665742,-0.136501977,,FALSE,FALSE,FALSE,FALSE,22.5,0-30,,,1,1,low,single,TRUE,FALSE,FALSE,,,,,,,,,,,,,,,,multiple
SO_0088,SO_R0088,Merstham,MHM,Southern,['Brighton Main Line'],Surrey,,51.26415181,-0.150223451,,FALSE,FALSE,FALSE,FALSE,22.5,0-30,,,1,1,low,single,TRUE,FALSE,FALSE,,,,,,,,,,,,,,,,single
SO_0089,SO_R0089,Mitcham Eastfields,MTC,Southern,['Sutton & Metro'],Greater London,,51.40840457,-0.15396924,,FALSE,FALSE,FALSE,FALSE,31.5,30-60,,,1,1,low,single,TRUE,FALSE,FALSE,,,,,,,,,,,,,,,,multiple
SO_0090,SO_R0090,Mitcham Junction,MIJ,Southern,['Sutton & Metro'],Greater London,,51.39294461,-0.157322869,,FALSE,FALSE,FALSE,FALSE,36,30-60,,,1,1,low,single,TRUE,FALSE,FALSE,,,,,,,,,,,,,,,,multiple
SO_0091,SO_R0091,Moulsecoomb,MCB,Southern,['East Coastway'],,,50.84671673,-0.118840894,,FALSE,FALSE,FALSE,FALSE,22.5,0-30,,,1,1,low,single,TRUE,FALSE,FALSE,,,,,,,,,,,,,,,,single
SO_0092,SO_R0092,Newhaven Harbour,NVH,Southern,,,,50.78978441,0.054998379,,,TRUE,,FALSE,,,,,1,1,low,single,TRUE,FALSE,FALSE,,,,,,,,,,,,,,,,multiple
SO_0093,SO_R0093,Newhaven Town,NVN,Southern,,,,50.79484885,0.054950925,,,FALSE,,FALSE,,,,,1,1,low,single,TRUE,FALSE,FALSE,,,,,,,,,,,,,,,,multiple
SO_0094,SO_R0094,Norbury,NRB,Southern,['Sutton & Metro'],,,51.41144749,-0.121922189,,FALSE,FALSE,FALSE,FALSE,18,0-30,,,1,1,low,single,TRUE,FALSE,FALSE,,,,,,,,,,,,,,,,single
SO_0095,SO_R0095,Normans Bay,NSB,Southern,['East Coastway'],,,50.82609675,0.389476518,,FALSE,FALSE,FALSE,FALSE,63,60-120,,,1,1,low,single,TRUE,FALSE,FALSE,,,,,,,,,,,,,,,,multiple
SO_0096,SO_R0096,North Dulwich,NDL,Southern,,,,51.45451316,-0.087912394,,,FALSE,,FALSE,,,,,1,1,low,single,TRUE,FALSE,FALSE,,,,,,,,,,,,,,,,multiple
SO_0097,SO_R0097,Nutbourne,NUT,Southern,,,,50.8460569,-0.882951949,,,FALSE,,FALSE,,,,,1,1,low,single,TRUE,FALSE,FALSE,,,,,,,,,,,,,,,,single
SO_0098,SO_R0098,Nutfield,NUF,Southern,,,,51.22686567,-0.133758333,,,FALSE,,FALSE,,,,,1,1,low,single,TRUE,FALSE,FALSE,,,,,,,,,,,,,,,,single
SO_0099,SO_R0099,Ockley,OLY,Southern,,,,51.15150662,-0.336003059,,,FALSE,,FALSE,,,,,1,1,low,single,TRUE,FALSE,FALSE,,,,,,,,,,,,,,,,single
SO_0100,SO_R0100,Ore,ORE,Southern,,,,50.86694236,0.591574525,,,TRUE,,FALSE,,,,,1,1,low,single,TRUE,FALSE,FALSE,,,,,,,,,,,,,,,,single
SO_0101,SO_R0101,Oxted,OXT,Southern,"['East Grinstead Branch', 'Uckfield Branch']",,,51.25790506,-0.004812996,,,TRUE,FALSE,FALSE,40,,,,1,1,low,single,TRUE,FALSE,FALSE,,,,,,,,,,,,,,,,single
SO_0102,SO_R0102,Peckham Rye,PMR,Southern,,,,51.47003714,-0.069394247,,,FALSE,,FALSE,,,,,1,1,low,single,TRUE,FALSE,FALSE,,,,,,,,,,,,,,,,multiple
SO_0103,SO_R0103,Penshurst,PHR,Southern,,,,51.19733253,0.173483045,,,FALSE,,FALSE,,,,,1,1,low,single,TRUE,FALSE,FALSE,,,,,,,,,,,,,,,,single
SO_0104,SO_R0104,Pevensey & Westham,PEV,Southern,['East Coastway'],East Sussex,,50.81579197,0.324820485,,FALSE,FALSE,FALSE,FALSE,58.5,30-60,,,1,1,low,single,TRUE,FALSE,FALSE,,,,,,,,,,,,,,,,multiple
SO_0105,SO_R0105,Pevensey Bay,PEB,Southern,,,,50.81745345,0.342920162,,,FALSE,,FALSE,,,,,1,1,low,single,TRUE,FALSE,FALSE,,,,,,,,,,,,,,,,multiple
SO_0106,SO_R0106,Plumpton,PMP,Southern,,,,50.9286601,-0.060178055,,,TRUE,,FALSE,,,,,1,1,low,single,TRUE,FALSE,FALSE,,,,,,,,,,,,,,,,single
SO_0107,SO_R0107,Polegate,PLG,Southern,['East Coastway'],East Sussex,,50.82121828,0.245732124,,FALSE,TRUE,FALSE,FALSE,45,30-60,,,1,1,low,single,TRUE,FALSE,FALSE,,,,,,,,,,,,,,,,single
SO_0108,SO_R0108,Portslade,PLD,Southern,['West Coastway'],,,50.83567693,-0.205323859,,FALSE,FALSE,FALSE,FALSE,27,0-30,,,1,1,low,single,TRUE,FALSE,FALSE,,,,,,,,,,,,,,,,single
SO_0109,SO_R0109,Preston Park,PRP,Southern,['Brighton Main Line'],Brighton and Hove,,50.84593878,-0.155167744,,FALSE,FALSE,FALSE,FALSE,27,0-30,,,1,1,low,single,TRUE,FALSE,FALSE,,,,,,,,,,,,,,,,multiple
SO_0110,SO_R0110,Pulborough,PUL,Southern,,,,50.95734852,-0.516553376,,,FALSE,,FALSE,,,,,1,1,low,single,TRUE,FALSE,FALSE,,,,,,,,,,,,,,,,single
SO_0111,SO_R0111,Purley,PUR,Southern,['Brighton Main Line'],England,,51.33739162,-0.113608701,,FALSE,TRUE,FALSE,FALSE,13.5,0-30,,,1,1,low,single,TRUE,FALSE,FALSE,,,,,,,,,,,,,,,,single
SO_0112,SO_R0112,Purley Oaks,PUO,Southern,,,,51.34704533,-0.098851969,,,FALSE,,FALSE,,,,,1,1,low,single,TRUE,FALSE,FALSE,,,,,,,,,,,,,,,,multiple
SO_0113,SO_R0113,Queens Road (Peckham),QRP,Southern,,,,51.47406855,-0.057574233,,,FALSE,,FALSE,,,,,1,1,low,single,TRUE,FALSE,FALSE,,,,,,,,,,,,,,,,multiple
SO_0114,SO_R0114,Redhill,RDH,Southern,['Brighton Main Line'],Surrey,,51.24019809,-0.165898311,,FALSE,TRUE,FALSE,FALSE,27,0-30,,,1,1,low,single,TRUE,FALSE,FALSE,,,,,,,,,,,,,,,,single
SO_0115,SO_R0115,Reedham (London),RHM,Southern,,,,51.33216069,-0.12387235,,,FALSE,,FALSE,,,,,1,1,low,single,TRUE,FALSE,FALSE,,,,,,,,,,,,,,,,multiple
SO_0116,SO_R0116,Reigate,REI,Southern,,,,51.24195549,-0.203824541,,,TRUE,,FALSE,,,,,1,1,low,single,TRUE,FALSE,FALSE,,,,,,,,,,,,,,,,single
SO_0117,SO_R0117,Riddlesdown,RDD,Southern,,,,51.33266611,-0.099446924,,,FALSE,,FALSE,,,,,1,1,low,single,TRUE,FALSE,FALSE,,,,,,,,,,,,,,,,single
SO_0118,SO_R0118,Rye (Sussex),RYE,Southern,,,,50.95236602,0.730706155,,,FALSE,,FALSE,,,,,1,1,low,single,TRUE,FALSE,FALSE,,,,,,,,,,,,,,,,multiple
SO_0119,SO_R0119,Salfords (Surrey),SAF,Southern,['Brighton Main Line'],Surrey,,51.20174387,-0.162487674,,FALSE,FALSE,FALSE,FALSE,18,0-30,,,1,1,low,single,TRUE,FALSE,FALSE,,,,,,,,,,,,,,,,multiple
SO_0120,SO_R0120,Sanderstead,SNR,Southern,,,,51.34828313,-0.093673971,,,FALSE,,FALSE,,,,,1,1,low,single,TRUE,FALSE,FALSE,,,,,,,,,,,,,,,,single
SO_0121,SO_R0121,Seaford Sussex,SEF,Southern,,,,50.77283582,0.100140227,,,TRUE,,FALSE,,,,,1,1,low,single,TRUE,FALSE,FALSE,,,,,,,,,,,,,,,,multiple
SO_0122,SO_R0122,Selhurst,SRS,Southern,['Sutton & Metro'],England,,51.39169797,-0.087945474,,FALSE,TRUE,FALSE,FALSE,9,0-30,,,1,1,low,single,TRUE,FALSE,FALSE,,,,,,,,,,,,,,,,single
SO_0123,SO_R0123,Shoreham-by-Sea,SSE,Southern,['West Coastway'],West Sussex,,50.83442192,-0.271709718,,FALSE,FALSE,FALSE,FALSE,31.5,30-60,,,1,1,low,single,TRUE,FALSE,FALSE,,,,,,,,,,,,,,,,single
SO_0124,SO_R0124,South Bermondsey,SBM,Southern,,,,51.48813928,-0.054671432,,,FALSE,,FALSE,,,,,1,1,low,single,TRUE,FALSE,FALSE,,,,,,,,,,,,,,,,multiple
SO_0125,SO_R0125,South Croydon,SCY,Southern,"['East Grinstead Branch', 'Uckfield Branch']",England,,51.36296514,-0.093452155,,FALSE,FALSE,FALSE,FALSE,9,0-30,,,1,1,low,single,TRUE,FALSE,FALSE,,,,,,,,,,,,,,,,multiple
SO_0126,SO_R0126,Southbourne,SOB,Southern,['West Coastway'],West Sussex,,50.84826453,-0.90811384,,FALSE,FALSE,FALSE,FALSE,40.5,30-60,,,1,1,low,single,TRUE,FALSE,FALSE,,,,,,,,,,,,,,,,single
SO_0127,SO_R0127,Southease,SEE,Southern,,,,50.83134913,0.030650137,,,FALSE,,FALSE,,,,,1,1,low,single,TRUE,FALSE,FALSE,,,,,,,,,,,,,,,,single
SO_0128,SO_R0128,Southwick,SWK,Southern,['West Coastway'],West Sussex,,50.83248265,-0.237073077,,FALSE,FALSE,FALSE,FALSE,31.5,30-60,,,1,1,low,single,TRUE,FALSE,FALSE,,,,,,,,,,,,,,,,single
SO_0129,SO_R0129,Streatham (Greater London),STE,Southern,['Sutton & Metro'],England,,51.42581015,-0.131546583,,FALSE,FALSE,FALSE,FALSE,27,0-30,,,1,1,low,single,TRUE,FALSE,FALSE,,,,,,,,,,,,,,,,multiple
SO_0130,SO_R0130,Streatham Common,SRC,Southern,['Sutton & Metro'],Greater London,,51.41868917,-0.136151833,,FALSE,FALSE,FALSE,FALSE,13.5,0-30,,,1,1,low,single,TRUE,FALSE,FALSE,,,,,,,,,,,,,,,,multiple
SO_0131,SO_R0131,Streatham Hill,SRH,Southern,['Sutton & Metro'],Greater London,,51.4383461,-0.128157209,,FALSE,TRUE,FALSE,FALSE,13.5,0-30,,,1,1,low,single,TRUE,FALSE,FALSE,,,,,,,,,,,,,,,,multiple
SO_0132,SO_R0132,Sutton (London),SUO,Southern,['Sutton & Metro'],,,51.35953356,-0.191213151,,TRUE,TRUE,FALSE,FALSE,49.5,30-60,,,1,1,low,single,TRUE,FALSE,FALSE,,,,,,,,,,,,,,,,multiple
SO_0133,SO_R0133,Tadworth,TAD,Southern,,,,51.29163611,-0.23596467,,,FALSE,,FALSE,,,,,1,1,low,single,TRUE,FALSE,FALSE,,,,,,,,,,,,,,,,single
SO_0134,SO_R0134,Tattenham Corner,TAT,Southern,,,,51.30918237,-0.242609371,,,TRUE,,FALSE,,,,,1,1,low,single,TRUE,FALSE,FALSE,,,,,,,,,,,,,,,,multiple
SO_0135,SO_R0135,Thornton Heath,TTH,Southern,['Sutton & Metro'],,,51.3992396,-0.101001212,,FALSE,FALSE,FALSE,FALSE,13.5,0-30,,,1,1,low,single,TRUE,FALSE,FALSE,,,,,,,,,,,,,,,,multiple
SO_0136,SO_R0136,Three Bridges,TBD,Southern,['Brighton Main Line'],Greater London,,51.11691722,-0.161183058,,FALSE,TRUE,FALSE,FALSE,13.5,0-30,,,1,1,low,single,TRUE,FALSE,FALSE,,,,,,,,,,,,,,,,multiple
SO_0137,SO_R0137,Three Oaks,TOK,Southern,,,,50.90088723,0.61337309,,,FALSE,,FALSE,,,,,1,1,low,single,TRUE,FALSE,FALSE,,,,,,,,,,,,,,,,multiple
SO_0138,SO_R0138,Tulse Hill,TUH,Southern,['Sutton & Metro'],,,51.43977376,-0.105075902,,FALSE,FALSE,FALSE,FALSE,22.5,0-30,,,1,1,low,single,TRUE,FALSE,FALSE,,,,,,,,,,,,,,,,multiple
SO_0139,SO_R0139,Uckfield,UCK,Southern,['Uckfield Branch'],,,50.96867258,0.096456894,,,TRUE,FALSE,FALSE,85,,,,1,1,low,single,TRUE,FALSE,FALSE,,,,,,,,,,,,,,,,single
SO_0140,SO_R0140,Upper Warlingham,UWL,Southern,['Sutton & Metro'],,,51.30851045,-0.077947217,,,FALSE,FALSE,FALSE,40,,,,1,1,low,single,TRUE,FALSE,FALSE,,,,,,,,,,,,,,,,multiple
SO_0141,SO_R0141,Waddon,WDO,Southern,,,,51.36739826,-0.117332121,,,FALSE,,FALSE,,,,,1,1,low,single,TRUE,FALSE,FALSE,,,,,,,,,,,,,,,,single
SO_0142,SO_R0142,Wallington,WLT,Southern,['Sutton & Metro'],,,51.3603868,-0.150830146,,,FALSE,FALSE,FALSE,25,,,,1,1,low,single,TRUE,FALSE,FALSE,,,,,,,,,,,,,,,,single
SO_0143,SO_R0143,Wandsworth Common,WSW,Southern,['Sutton & Metro'],England,,51.4461876,-0.163383008,,FALSE,TRUE,FALSE,FALSE,9,0-30,,,1,1,low,single,TRUE,FALSE,FALSE,,,,,,,,,,,,,,,,multiple
SO_0144,SO_R0144,Warblington,WBL,Southern,,,,50.8534334,-0.967150888,,,FALSE,,FALSE,,,,,1,1,low,single,TRUE,FALSE,FALSE,,,,,,,,,,,,,,,,single
SO_0145,SO_R0145,Warnham,WNH,Southern,['Arun Valley'],,,51.09289508,-0.329453706,,,FALSE,FALSE,FALSE,60,,,,1,1,low,single,TRUE,FALSE,FALSE,,,,,,,,,,,,,,,,single
SO_0146,SO_R0146,West Norwood,WNW,Southern,['Sutton & Metro'],England,,51.43180353,-0.103808815,,FALSE,FALSE,FALSE,FALSE,18,0-30,,,1,1,low,single,TRUE,FALSE,FALSE,,,,,,,,,,,,,,,,multiple
SO_0147,SO_R0147,West Worthing,WWO,Southern,['West Coastway'],West Sussex,,50.81834832,-0.392977891,,FALSE,TRUE,FALSE,FALSE,27,0-30,,,1,1,low,single,TRUE,FALSE,FALSE,,,,,,,,,,,,,,,,multiple
SO_0148,SO_R0148,Whyteleafe,WHY,Southern,['Sutton & Metro'],,,51.30995682,-0.081143929,,,FALSE,FALSE,FALSE,35,,,,1,1,low,single,TRUE,FALSE,FALSE,,,,,,,,,,,,,,,,single
SO_0149,SO_R0149,Whyteleafe South,WHS,Southern,,,,51.3035526,-0.076691014,,,FALSE,,FALSE,,,,,1,1,low,single,TRUE,FALSE,FALSE,,,,,,,,,,,,,,,,multiple
SO_0150,SO_R0150,Winchelsea,WSE,Southern,,,,50.93376133,0.702271814,,,FALSE,,FALSE,,,,,1,1,low,single,TRUE,FALSE,FALSE,,,,,,,,,,,,,,,,single
SO_0151,SO_R0151,Wivelsfield,WVF,Southern,['Brighton Main Line'],West Sussex,,50.96378293,-0.120837577,,FALSE,FALSE,FALSE,FALSE,18,0-30,,,1,1,low,single,TRUE,FALSE,FALSE,,,,,,,,,,,,,,,,single
SO_0152,SO_R0152,Woldingham,WOH,Southern,['Sutton & Metro'],,,51.29015597,-0.051864564,,,FALSE,FALSE,FALSE,45,,,,1,1,low,single,TRUE,FALSE,FALSE,,,,,,,,,,,,,,,,single
SO_0153,SO_R0153,Woodmansterne,WME,Southern,,,,51.3190192,-0.154259672,,,FALSE,,FALSE,,,,,1,1,low,single,TRUE,FALSE,FALSE,,,,,,,,,,,,,,,,single
SO_0154,SO_R0154,Worthing,WRH,Southern,['West Coastway'],West Sussex,,50.8184932,-0.376163686,,FALSE,TRUE,FALSE,FALSE,22.5,0-30,,,1,1,low,single,TRUE,FALSE,FALSE,,,,,,,,,,,,,,,,single
SO_0155,SO_R0155,Ashurst,ASH,Southern,['Uckfield Branch'],,,,,,,FALSE,FALSE,TRUE,55,,,,,,,,FALSE,FALSE,FALSE,commuter,,,,,,,,,,,,,,,single
SO_0156,SO_R0156,Basingstoke,BSK,Southern,['Portsmouth Direct'],Hampshire,,51.26804,-1.086896,,FALSE,TRUE,FALSE,FALSE,44,30-60,,,1,1,low,few,TRUE,FALSE,FALSE,commuter,2,8,,,,,,,,,,,,,single
SO_0157,SO_R0157,Bat & Ball,BBL,Southern,['Southern Thameslink Branches'],Kent,,51.289703,0.194258,,FALSE,FALSE,FALSE,FALSE,27,0-30,,,1,1,low,few,TRUE,FALSE,FALSE,outer,2,8,,,,,,,,,,,,,multiple
SO_0158,SO_R0158,Battle,BAT,Southern,['East Coastway'],East Sussex,,50.91312,0.495169,,FALSE,FALSE,FALSE,FALSE,81,60-120,,,1,1,low,few,TRUE,TRUE,FALSE,regional,2,8,,,,,,,,,,,,,single
SO_0159,SO_R0159,Blackfriars,BFR,Southern,"['Thameslink Core', 'Southern Thameslink Branches']",,,,,,,TRUE,FALSE,FALSE,0,,,,,,,,TRUE,FALSE,FALSE,inner,,,,,,,,,,,,,,,single
SO_0160,SO_R0160,City Thameslink,CTK,Southern,"['Thameslink Core', 'Southern Thameslink Branches']",,,,,,,FALSE,FALSE,FALSE,0,,,,,,,,TRUE,FALSE,FALSE,inner,,,,,,,,,,,,,,,multiple
SO_0161,SO_R0161,Clapham Junction,CLJ,Southern,"['Brighton Main Line', 'Portsmouth Direct']",England,,51.464134,-0.170281,,TRUE,FALSE,TRUE,FALSE,4.5,0-30,,,4,4,high,many,TRUE,FALSE,FALSE,inner,8,2,,,,,,,,,,,,,multiple
SO_0162,SO_R0162,Cosham,CSA,Southern,['Portsmouth Direct'],England,,50.841644,-1.068259,,FALSE,FALSE,FALSE,FALSE,54,30-60,,,1,1,low,few,TRUE,FALSE,FALSE,commuter,2,8,,,,,,,,,,,,,single
SO_0163,SO_R0163,Dorking West,DKT,Southern,['Arun Valley'],,,,,,,FALSE,FALSE,FALSE,60,,,,,,,,TRUE,FALSE,FALSE,commuter,,,,,,,,,,,,,,,multiple
SO_0164,SO_R0164,Dunton Green,DNG,Southern,['Southern Thameslink Branches'],Kent,,51.296425,0.171616,,FALSE,FALSE,FALSE,FALSE,31.5,30-60,,,1,1,low,few,TRUE,FALSE,FALSE,outer,2,8,,,,,,,,,,,,,multiple
SO_0165,SO_R0165,Etchingham,ETC,Southern,['East Coastway'],,,51.010479,0.441935,,FALSE,FALSE,FALSE,FALSE,72,60-120,,,1,1,low,few,TRUE,TRUE,FALSE,regional,2,8,,,,,,,,,,,,,single
SO_0166,SO_R0166,Eynsford,EYN,Southern,['Southern Thameslink Branches'],West Sussex,,51.362377,0.203465,,FALSE,FALSE,FALSE,FALSE,13.5,0-30,,,1,1,low,few,TRUE,FALSE,FALSE,inner,2,8,,,,,,,,,,,,,single
SO_0167,SO_R0167,Fareham,FRM,Southern,['Portsmouth Direct'],Hampshire,,50.853352,-1.19162,,FALSE,TRUE,FALSE,FALSE,63,60-120,,,1,1,low,few,TRUE,FALSE,FALSE,regional,2,8,,,,,,,,,,,,,single
SO_0168,SO_R0168,Farningham Road,FNR,Southern,['Southern Thameslink Branches'],,,51.401337,0.235533,,FALSE,FALSE,FALSE,FALSE,9,0-30,,,1,1,low,few,TRUE,FALSE,FALSE,inner,2,8,,,,,,,,,,,,,multiple
SO_0169,SO_R0169,Farringdon,ZFD,Southern,"['Thameslink Core', 'Southern Thameslink Branches']",,,,,,,FALSE,FALSE,FALSE,0,,,,,,,,TRUE,FALSE,FALSE,inner,,,,,,,,,,,,,,,single
SO_0170,SO_R0170,Frant,FRT,Southern,['Uckfield Branch'],,,51.104321,0.294034,,FALSE,FALSE,FALSE,TRUE,58.5,30-60,,,1,1,low,few,FALSE,FALSE,FALSE,commuter,2,8,,,,,,,,,,,,,single
SO_0171,SO_R0171,Fratton,FTN,Southern,"['West Coastway', 'Portsmouth Direct']",Hampshire,,50.795818,-1.073422,,FALSE,TRUE,FALSE,FALSE,45,30-60,,,1,1,low,few,TRUE,TRUE,FALSE,commuter,2,8,,,,,,,,,,,,,single
SO_0172,SO_R0172,Gatwick Airport,GTW,Southern,['Brighton Main Line'],,,51.156425,-0.161022,,FALSE,TRUE,FALSE,FALSE,9,0-30,,,1,1,low,few,TRUE,FALSE,FALSE,inner,2,8,,,,,,,,,,,,,multiple
SO_0173,SO_R0173,Hastings,HGS,Southern,['East Coastway'],East Sussex,,50.858288,0.57608,,TRUE,TRUE,FALSE,FALSE,85.5,60-120,,,2,2,medium,some,TRUE,TRUE,FALSE,regional,4,6,,,,,,,,,,,,,single
SO_0174,SO_R0174,Havant,HAV,Southern,"['West Coastway', 'Portsmouth Direct']",Hampshire,,50.854416,-0.982763,,TRUE,TRUE,FALSE,FALSE,31.5,30-60,,,1,1,low,few,TRUE,TRUE,FALSE,outer,2,8,,,,,,,,,,,,,single
SO_0175,SO_R0175,Hedge End,HDE,Southern,['Portsmouth Direct'],Hampshire,,50.927773,-1.297056,,FALSE,FALSE,FALSE,FALSE,62,60-120,,,1,1,low,few,TRUE,FALSE,FALSE,regional,2,8,,,,,,,,,,,,,multiple
SO_0176,SO_R0176,High Brooms,HIB,Southern,['Uckfield Branch'],Kent,,51.149609,0.277686,,FALSE,FALSE,FALSE,TRUE,49.5,30-60,,,1,1,low,few,FALSE,FALSE,FALSE,commuter,2,8,,,,,,,,,,,,,multiple
SO_0177,SO_R0177,Hildenborough,HLB,Southern,['Southern Thameslink Branches'],Kent,,51.214451,0.226465,,FALSE,FALSE,FALSE,FALSE,40.5,30-60,,,1,1,low,few,TRUE,FALSE,FALSE,commuter,2,8,,,,,,,,,,,,,single
SO_0178,SO_R0178,Hilsea,HLS,Southern,['Portsmouth Direct'],England,,50.828075,-1.058592,,FALSE,FALSE,FALSE,FALSE,49.5,30-60,,,1,1,low,few,TRUE,FALSE,FALSE,commuter,2,8,,,,,,,,,,,,,single
SO_0179,SO_R0179,Hurst Green,HGD,Southern,"['East Grinstead Branch', 'Uckfield Branch']",,,,,,,FALSE,FALSE,TRUE,45,,,,,,,,FALSE,FALSE,FALSE,commuter,,,,,,,,,,,,,,,multiple
SO_0180,SO_R0180,Kensington Olympia,KPA,Southern,['Southern Thameslink Branches'],England,,51.497753,-0.210189,,FALSE,FALSE,FALSE,FALSE,13.5,0-30,,,1,1,low,few,TRUE,FALSE,FALSE,inner,2,8,,,,,,,,,,,,,multiple
SO_0181,SO_R0181,London Bridge,LBG,Southern,"['Thameslink Core', 'Southern Thameslink Branches']",England,,51.505035,-0.085058,,TRUE,FALSE,FALSE,FALSE,0,,,,1,1,low,few,TRUE,FALSE,FALSE,inner,2,8,,,,,,,,,,,,,multiple
SO_0182,SO_R0182,London Victoria,VIC,Southern,"['Brighton Main Line', 'Portsmouth Direct']",England,,51.4966,-0.1448,,TRUE,FALSE,FALSE,FALSE,0,,,,2,2,medium,some,TRUE,FALSE,FALSE,inner,4,6,,,,,,,,,,,,,multiple
SO_0183,SO_R0183,London Waterloo,WAT,Southern,['Southern Thameslink Branches'],Greater London,,51.501865,-0.111126,,TRUE,FALSE,FALSE,FALSE,0,,,,1,1,low,few,TRUE,FALSE,FALSE,inner,2,8,,,,,,,,,,,,,multiple
SO_0184,SO_R0184,Ockley,OCK,Southern,['Arun Valley'],,,,,,,FALSE,FALSE,FALSE,65,,,,,,,,TRUE,FALSE,FALSE,regional,,,,,,,,,,,,,,,single
SO_0185,SO_R0185,Otford,OTF,Southern,['Southern Thameslink Branches'],West Sussex,,51.312141,0.196757,,FALSE,FALSE,FALSE,FALSE,22.5,0-30,,,1,1,low,few,TRUE,FALSE,FALSE,outer,2,8,,,,,,,,,,,,,single
SO_0186,SO_R0186,Portchester,PTC,Southern,['Portsmouth Direct'],Hampshire,,50.848389,-1.126361,,FALSE,FALSE,FALSE,FALSE,58.5,30-60,,,1,1,low,few,TRUE,FALSE,FALSE,commuter,2,8,,,,,,,,,,,,,single
SO_0187,SO_R0187,Portsmouth & Southsea,PMS,Southern,"['West Coastway', 'Portsmouth Direct']",England,,50.797756,-1.090417,,FALSE,TRUE,FALSE,FALSE,40.5,30-60,,,1,1,low,few,TRUE,TRUE,FALSE,commuter,2,8,,,,,,,,,,,,,multiple
SO_0188,SO_R0188,Portsmouth Harbour,PMH,Southern,"['West Coastway', 'Portsmouth Direct']",England,,50.796097,-1.108895,,TRUE,TRUE,FALSE,FALSE,36,30-60,,,1,1,low,few,TRUE,TRUE,FALSE,outer,2,8,,,,,,,,,,,,,multiple
SO_0189,SO_R0189,Robertsbridge,RBR,Southern,['East Coastway'],East Sussex,,50.984726,0.469092,,FALSE,FALSE,FALSE,FALSE,76.5,60-120,,,1,1,low,few,TRUE,TRUE,FALSE,regional,2,8,,,,,,,,,,,,,single
SO_0190,SO_R0190,Sevenoaks,SEV,Southern,['Southern Thameslink Branches'],Kent,,51.27734,0.182193,,FALSE,TRUE,FALSE,FALSE,36,30-60,,,1,1,low,few,TRUE,FALSE,FALSE,outer,2,8,,,,,,,,,,,,,single
SO_0191,SO_R0191,Shepherds Bush,SPB,Southern,['Southern Thameslink Branches'],England,,51.506,-0.218,,TRUE,TRUE,FALSE,FALSE,18,0-30,,,1,1,low,few,TRUE,FALSE,FALSE,inner,2,8,,,,,,,,,,,,,multiple
SO_0192,SO_R0192,Shoreham (Kent),SEH,Southern,['Southern Thameslink Branches'],Kent,,51.332092,0.187665,,FALSE,FALSE,FALSE,FALSE,18,0-30,,,1,1,low,few,TRUE,FALSE,FALSE,inner,2,8,,,,,,,,,,,,,multiple
SO_0193,SO_R0193,Southampton Central,SOU,Southern,['Portsmouth Direct'],England,,50.907742,-1.413983,,TRUE,TRUE,FALSE,FALSE,53,30-60,,,2,2,medium,some,TRUE,FALSE,FALSE,commuter,4,6,,,,,,,,,,,,,multiple
SO_0194,SO_R0194,St Denys,SDN,Southern,['Portsmouth Direct'],England,,50.921997,-1.3882,,FALSE,FALSE,FALSE,FALSE,57.5,30-60,,,1,1,low,few,TRUE,FALSE,FALSE,commuter,2,8,,,,,,,,,,,,,multiple
SO_0195,SO_R0195,St Leonards Warrior Square,SLQ,Southern,['East Coastway'],East Sussex,,50.855942,0.560326,,FALSE,FALSE,FALSE,FALSE,85.5,60-120,,,1,1,low,few,TRUE,TRUE,FALSE,regional,2,8,,,,,,,,,,,,,multiple
SO_0196,SO_R0196,St Pancras International,STP,Southern,"['Thameslink Core', 'Southern Thameslink Branches']",,,,,,,TRUE,FALSE,FALSE,0,,,,,,,,TRUE,FALSE,FALSE,inner,,,,,,,,,,,,,,,multiple
SO_0197,SO_R0197,Stonegate,SOG,Southern,['East Coastway'],East Sussex,,51.020184,0.364016,,FALSE,FALSE,FALSE,FALSE,67.5,60-120,,,1,1,low,few,TRUE,TRUE,FALSE,regional,2,8,,,,,,,,,,,,,single
SO_0198,SO_R0198,Swanley,SAY,Southern,['Southern Thameslink Branches'],,,51.392727,0.16755,,FALSE,TRUE,FALSE,FALSE,4.5,0-30,,,1,1,low,few,TRUE,FALSE,FALSE,inner,2,8,,,,,,,,,,,,,single
SO_0199,SO_R0199,Swanwick,SNW,Southern,['Portsmouth Direct'],,,50.875427,-1.265151,,FALSE,FALSE,FALSE,FALSE,66.5,60-120,,,1,1,low,few,TRUE,FALSE,FALSE,regional,2,8,,,,,,,,,,,,,single
SO_0200,SO_R0200,Tonbridge,TON,Southern,['Southern Thameslink Branches'],Greater London,,51.191132,0.269715,,FALSE,TRUE,FALSE,FALSE,45,30-60,,,1,1,low,few,TRUE,FALSE,FALSE,commuter,2,8,,,,,,,,,,,,,single
SO_0201,SO_R0201,Tunbridge Wells,TBW,Southern,['Uckfield Branch'],Greater London,,51.130119,0.262435,,FALSE,TRUE,FALSE,TRUE,54,30-60,,,1,1,low,few,FALSE,FALSE,FALSE,commuter,2,8,,,,,,,,,,,,,multiple
SO_0202,SO_R0202,Wadhurst,WAD,Southern,['Uckfield Branch'],East Sussex,,51.07338,0.312483,,FALSE,FALSE,FALSE,TRUE,63,60-120,,,1,1,low,few,FALSE,FALSE,FALSE,regional,2,8,,,,,,,,,,,,,single
SO_0203,SO_R0203,West Brompton,WBP,Southern,['Southern Thameslink Branches'],England,,51.487289,-0.195265,,FALSE,TRUE,FALSE,FALSE,9,0-30,,,1,1,low,few,TRUE,FALSE,FALSE,inner,2,8,,,,,,,,,,,,,multiple
SO_0204,SO_R0204,West St Leonards,WLD,Southern,['East Coastway'],East Sussex,,50.85368,0.540303,,FALSE,FALSE,FALSE,FALSE,81,60-120,,,1,1,low,few,TRUE,TRUE,FALSE,regional,2,8,,,,,,,,,,,,,multiple
SO_0205,SO_R0205,West Sutton,WSU,Southern,['Sutton & Metro'],,,,,,,FALSE,FALSE,FALSE,30,,,,,,,,TRUE,FALSE,FALSE,outer,,,,,,,,,,,,,,,multiple
SO_0206,SO_R0206,Winchester,WIN,Southern,['Portsmouth Direct'],Hampshire,,51.067303,-1.320628,,FALSE,TRUE,FALSE,FALSE,48.5,30-60,,,1,1,low,few,TRUE,FALSE,FALSE,commuter,2,8,,,,,,,,,,,,,single
