station_name,crs,operator,route_groups,county,latitude,longitude,is_interchange,is_terminus,major_interchange,branch_junction,canonical_time_to_london,time_band,station_id,route_count,service_count,service_density,route_diversity_band,,is_branch_line,is_mainline,is_coastal,route_station_id,is_high_speed,distance_band,accessibility_score,difficulty_score,nearest_landmark,nearest_landmark_km,nearest_castle,nearest_castle_km,nearest_cathedral,nearest_cathedral_km,nearest_museum,nearest_museum_km,nearest_country_house,nearest_country_house_km,nearest_nature_reserve,nearest_nature_reserve_km,word_count_band
Aldrington,AGT,Southern,,,50.83636472,-0.181209698,,FALSE,,,,,SO_000001,1,1,low,single,,FALSE,TRUE,FALSE,SO_000001,FALSE,,,,,,,,,,,,,,,,single
Amberley,AMY,Southern,,,50.896668,-0.541989047,,FALSE,,,,,SO_000002,1,1,low,single,,FALSE,TRUE,FALSE,SO_000002,FALSE,,,,,,,,,,,,,,,,single
Angmering,ANG,Southern,['West Coastway'],West Sussex,50.8165699,-0.4893894,,FALSE,False,False,40.5,30-60,SO_000003,1,1,low,single,,FALSE,TRUE,FALSE,SO_000003,FALSE,,,,,,,,,,,,,,,,single
Appledore (Kent),APD,Southern,,,51.0332352,0.816355536,,FALSE,,,,,SO_000004,1,1,low,single,,FALSE,TRUE,FALSE,SO_000004,FALSE,,,,,,,,,,,,,,,,multiple
Arundel,ARU,Southern,,,50.84820145,-0.546171346,,FALSE,,,,,SO_000005,1,1,low,single,,FALSE,TRUE,FALSE,SO_000005,FALSE,,,,,,,,,,,,,,,,single
Ashtead,AHD,Southern,,,51.31788158,-0.308147338,,FALSE,,,,,SO_000006,1,1,low,single,,FALSE,TRUE,FALSE,SO_000006,FALSE,,,,,,,,,,,,,,,,single
Ashurst (Kent),AHS,Southern,,,51.12865582,0.152661963,,FALSE,,,,,SO_000007,1,1,low,single,,FALSE,TRUE,FALSE,SO_000007,FALSE,,,,,,,,,,,,,,,,multiple
Balcombe,BAB,Southern,['Brighton Main Line'],West Sussex,51.05551334,-0.136932431,,FALSE,False,False,18,0-30,SO_000008,1,1,low,single,,FALSE,TRUE,FALSE,SO_000008,FALSE,,,,,,,,,,,,,,,,single
Balham,BAL,Southern,['Sutton & Metro'],England,51.44322754,-0.152421221,,TRUE,False,False,9,0-30,SO_000009,1,1,low,single,,FALSE,TRUE,FALSE,SO_000009,FALSE,,,,,,,,,,,,,,,,single
Banstead,BAD,Southern,,,51.32934844,-0.213158063,,FALSE,,,,,SO_000010,1,1,low,single,,FALSE,TRUE,FALSE,SO_000010,FALSE,,,,,,,,,,,,,,,,single
Barnham,BAA,Southern,"['West Coastway', 'Arun Valley']",West Sussex,50.83089289,-0.639679689,,TRUE,False,False,27,0-30,SO_000011,1,1,low,single,,FALSE,TRUE,FALSE,SO_000011,FALSE,,,,,,,,,,,,,,,,single
Battersea Park,BAK,Southern,,,51.47733308,-0.148162967,,TRUE,,,,,SO_000012,1,1,low,single,,FALSE,TRUE,FALSE,SO_000012,FALSE,,,,,,,,,,,,,,,,multiple
Belmont,BLM,Southern,,,51.34413926,-0.199487206,,FALSE,,,,,SO_000013,1,1,low,single,,FALSE,TRUE,FALSE,SO_000013,FALSE,,,,,,,,,,,,,,,,single
Berwick (Sussex),BRK,Southern,['East Coastway'],East Sussex,50.84037214,0.166026428,,FALSE,False,False,40.5,30-60,SO_000014,1,1,low,single,,FALSE,TRUE,FALSE,SO_000014,FALSE,,,,,,,,,,,,,,,,multiple
Bexhill,BEX,Southern,['East Coastway'],East Sussex,50.84103549,0.477034087,,FALSE,False,False,76.5,60-120,SO_000015,1,1,low,single,,FALSE,TRUE,FALSE,SO_000015,FALSE,,,,,,,,,,,,,,,,single
Billingshurst,BIG,Southern,,,51.01519557,-0.450295608,,FALSE,,,,,SO_000016,1,1,low,single,,FALSE,TRUE,FALSE,SO_000016,FALSE,,,,,,,,,,,,,,,,single
Birkbeck,BIK,Southern,,,51.40390126,-0.056235874,,TRUE,,,,,SO_000017,1,1,low,single,,FALSE,TRUE,FALSE,SO_000017,FALSE,,,,,,,,,,,,,,,,single
Bishopstone (Sussex),BIP,Southern,,,50.78013589,0.082763046,,FALSE,,,,,SO_000018,1,1,low,single,,FALSE,TRUE,FALSE,SO_000018,FALSE,,,,,,,,,,,,,,,,multiple
Bognor Regis,BOG,Southern,['West Coastway'],,50.78655324,-0.676179036,,TRUE,,False,95,,SO_000019,1,1,low,single,,FALSE,TRUE,FALSE,SO_000019,FALSE,,,,,,,,,,,,,,,,multiple
Bosham,BOH,Southern,['West Coastway'],West Sussex,50.8427348,-0.847436637,,FALSE,False,False,40.5,30-60,SO_000020,1,1,low,single,,FALSE,TRUE,FALSE,SO_000020,FALSE,,,,,,,,,,,,,,,,single
Box Hill & Westhumble,BXW,Southern,,,51.25400939,-0.328478447,,FALSE,,,,,SO_000021,1,1,low,single,,FALSE,TRUE,FALSE,SO_000021,FALSE,,,,,,,,,,,,,,,,multiple
Brighton,BTN,Southern,"['Brighton Main Line', 'East Coastway', 'West Coastway']",Brighton and Hove,50.82895322,-0.141225193,,TRUE,True,True,18,0-30,SO_000022,1,1,low,single,,FALSE,TRUE,FALSE,SO_000022,FALSE,,,,,,,,,,,,,,,,single
Burgess Hill,BUG,Southern,['Brighton Main Line'],West Sussex,50.95361465,-0.127769062,,FALSE,False,False,22.5,0-30,SO_000023,1,1,low,single,,FALSE,TRUE,FALSE,SO_000023,FALSE,,,,,,,,,,,,,,,,multiple
Buxted,BXD,Southern,['Uckfield Branch'],,50.99001094,0.131447718,,FALSE,,False,75,,SO_000024,1,1,low,single,,FALSE,TRUE,FALSE,SO_000024,FALSE,,,,,,,,,,,,,,,,single
Carshalton,CSH,Southern,['Sutton & Metro'],England,51.3684549,-0.166366115,,FALSE,False,False,45,30-60,SO_000025,1,1,low,single,,FALSE,TRUE,FALSE,SO_000025,FALSE,,,,,,,,,,,,,,,,single
Carshalton Beeches,CSB,Southern,,,51.35741124,-0.169794788,,FALSE,,,,,SO_000026,1,1,low,single,,FALSE,TRUE,FALSE,SO_000026,FALSE,,,,,,,,,,,,,,,,multiple
Caterham,CAT,Southern,,,51.28213943,-0.078302765,,TRUE,,,,,SO_000027,1,1,low,single,,FALSE,TRUE,FALSE,SO_000027,FALSE,,,,,,,,,,,,,,,,single
Cheam,CHE,Southern,,,51.35547926,-0.214166523,,FALSE,,,,,SO_000028,1,1,low,single,,FALSE,TRUE,FALSE,SO_000028,FALSE,,,,,,,,,,,,,,,,single
Chichester,CCH,Southern,['West Coastway'],West Sussex,50.83204016,-0.781752603,,TRUE,False,False,31.5,30-60,SO_000029,1,1,low,single,,FALSE,TRUE,FALSE,SO_000029,FALSE,,,,,,,,,,,,,,,,single
Chipstead,CHP,Southern,,,51.30932005,-0.169427771,,FALSE,,,,,SO_000030,1,1,low,single,,FALSE,TRUE,FALSE,SO_000030,FALSE,,,,,,,,,,,,,,,,single
Christs Hospital,CHH,Southern,,,51.0506779,-0.363547086,,FALSE,,,,,SO_000031,1,1,low,single,,FALSE,TRUE,FALSE,SO_000031,FALSE,,,,,,,,,,,,,,,,multiple
Collington,CLL,Southern,['East Coastway'],East Sussex,50.8392821,0.457878337,,FALSE,False,False,72,60-120,SO_000032,1,1,low,single,,FALSE,TRUE,FALSE,SO_000032,FALSE,,,,,,,,,,,,,,,,single
Cooden Beach,COB,Southern,['East Coastway'],East Sussex,50.83336546,0.426874784,,FALSE,False,False,67.5,60-120,SO_000033,1,1,low,single,,FALSE,TRUE,FALSE,SO_000033,FALSE,,,,,,,,,,,,,,,,multiple
Cooksbridge,CBR,Southern,,,50.90375256,-0.009198424,,FALSE,,,,,SO_000034,1,1,low,single,,FALSE,TRUE,FALSE,SO_000034,FALSE,,,,,,,,,,,,,,,,single
Coulsdon South,CDS,Southern,['Brighton Main Line'],England,51.31583718,-0.137884398,,FALSE,False,False,18,0-30,SO_000035,1,1,low,single,,FALSE,TRUE,FALSE,SO_000035,FALSE,,,,,,,,,,,,,,,,multiple
Coulsdon Town,CDN,Southern,,,51.322434,-0.13432,,FALSE,,,,,SO_000036,1,1,low,single,,FALSE,TRUE,FALSE,SO_000036,FALSE,,,,,,,,,,,,,,,,multiple
Cowden (Kent),CWN,Southern,['Uckfield Branch'],,51.15563114,0.110041555,,FALSE,,False,60,,SO_000037,1,1,low,single,,FALSE,TRUE,FALSE,SO_000037,FALSE,,,,,,,,,,,,,,,,multiple
Crawley,CRW,Southern,,,51.1122072,-0.186672649,,FALSE,,,,,SO_000038,1,1,low,single,,FALSE,TRUE,FALSE,SO_000038,FALSE,,,,,,,,,,,,,,,,single
Crowborough,COH,Southern,['Uckfield Branch'],,51.04638117,0.188023149,,TRUE,,False,60,,SO_000039,1,1,low,single,,FALSE,TRUE,FALSE,SO_000039,FALSE,,,,,,,,,,,,,,,,single
Doleham,DLH,Southern,,,50.9187472,0.610702875,,FALSE,,,,,SO_000040,1,1,low,single,,FALSE,TRUE,FALSE,SO_000040,FALSE,,,,,,,,,,,,,,,,single
Dorking (Main),DKG,Southern,['Arun Valley'],,51.240927,-0.32423924,,TRUE,,False,55,,SO_000041,1,1,low,single,,FALSE,TRUE,FALSE,SO_000041,FALSE,,,,,,,,,,,,,,,,multiple
Dormans,DMS,Southern,['East Grinstead Branch'],,51.15578598,-0.004302625,,FALSE,,False,55,,SO_000042,1,1,low,single,,FALSE,TRUE,FALSE,SO_000042,FALSE,,,,,,,,,,,,,,,,single
Durrington-on-Sea,DUR,Southern,['West Coastway'],,50.81752228,-0.411461916,,FALSE,False,False,31.5,30-60,SO_000043,1,1,low,single,,FALSE,TRUE,FALSE,SO_000043,FALSE,,,,,,,,,,,,,,,,single
Earlswood Surrey,ELD,Southern,['Brighton Main Line'],Surrey,51.22732507,-0.170821639,,FALSE,False,False,22.5,0-30,SO_000044,1,1,low,single,,FALSE,TRUE,FALSE,SO_000044,FALSE,,,,,,,,,,,,,,,,multiple
East Croydon ,ECR,Southern,"['Brighton Main Line', 'East Grinstead Branch', 'Uckfield Branch']",Greater London,51.37500564,-0.092276539,,TRUE,False,True,4.5,0-30,SO_000045,1,1,low,single,,FALSE,TRUE,FALSE,SO_000045,FALSE,,,,,,,,,,,,,,,,multiple
East Dulwich,EDW,Southern,,,51.46132011,-0.080717696,,FALSE,,,,,SO_000046,1,1,low,single,,FALSE,TRUE,FALSE,SO_000046,FALSE,,,,,,,,,,,,,,,,multiple
East Grinstead,EGR,Southern,['East Grinstead Branch'],,51.12626697,-0.017895018,,TRUE,,False,60,,SO_000047,1,1,low,single,,FALSE,TRUE,FALSE,SO_000047,FALSE,,,,,,,,,,,,,,,,multiple
East Worthing,EWR,Southern,['West Coastway'],,50.82163957,-0.354885361,,FALSE,,False,65,,SO_000048,1,1,low,single,,FALSE,TRUE,FALSE,SO_000048,FALSE,,,,,,,,,,,,,,,,multiple
Eastbourne,EBN,Southern,['East Coastway'],East Sussex,50.76936955,0.281258504,,TRUE,False,False,54,30-60,SO_000049,1,1,low,single,,FALSE,TRUE,FALSE,SO_000049,FALSE,,,,,,,,,,,,,,,,single
Edenbridge (Kent),EBR,Southern,,,51.20843113,0.060654046,,FALSE,,,,,SO_000050,1,1,low,single,,FALSE,TRUE,FALSE,SO_000050,FALSE,,,,,,,,,,,,,,,,multiple
Edenbridge Town,EBT,Southern,['Uckfield Branch'],,51.20007799,0.067180931,,FALSE,,False,70,,SO_000051,1,1,low,single,,FALSE,TRUE,FALSE,SO_000051,FALSE,,,,,,,,,,,,,,,,multiple
Emsworth,EMS,Southern,['West Coastway'],,50.85138028,-0.93878361,,FALSE,False,False,36,30-60,SO_000052,1,1,low,single,,FALSE,TRUE,FALSE,SO_000052,FALSE,,,,,,,,,,,,,,,,single
Epsom (Surrey),EPS,Southern,,,51.3343926,-0.268778341,,TRUE,,,,,SO_000053,1,1,low,single,,FALSE,TRUE,FALSE,SO_000053,FALSE,,,,,,,,,,,,,,,,multiple
Epsom Downs,EPD,Southern,,,51.323687,-0.238954739,,TRUE,,,,,SO_000054,1,1,low,single,,FALSE,TRUE,FALSE,SO_000054,FALSE,,,,,,,,,,,,,,,,multiple
Eridge,ERI,Southern,['Uckfield Branch'],,51.08895742,0.201442672,,FALSE,,False,70,,SO_000055,1,1,low,single,,FALSE,TRUE,FALSE,SO_000055,FALSE,,,,,,,,,,,,,,,,single
Ewell East,EWE,Southern,,,51.34529966,-0.241529469,,FALSE,,,,,SO_000056,1,1,low,single,,FALSE,TRUE,FALSE,SO_000056,FALSE,,,,,,,,,,,,,,,,multiple
Falmer,FMR,Southern,['East Coastway'],,50.86212415,-0.087383616,,FALSE,False,False,27,0-30,SO_000057,1,1,low,single,,FALSE,TRUE,FALSE,SO_000057,FALSE,,,,,,,,,,,,,,,,single
Faygate,FGT,Southern,,,51.09588376,-0.26302061,,FALSE,,,,,SO_000058,1,1,low,single,,FALSE,TRUE,FALSE,SO_000058,FALSE,,,,,,,,,,,,,,,,single
Fishbourne (Sussex),FSB,Southern,['West Coastway'],West Sussex,50.83903838,-0.815088781,,FALSE,False,False,36,30-60,SO_000059,1,1,low,single,,FALSE,TRUE,FALSE,SO_000059,FALSE,,,,,,,,,,,,,,,,multiple
Fishersgate,FSG,Southern,,,50.83422898,-0.219411,,FALSE,,,,,SO_000060,1,1,low,single,,FALSE,TRUE,FALSE,SO_000060,FALSE,,,,,,,,,,,,,,,,single
Ford,FOD,Southern,"['West Coastway', 'Arun Valley']",West Sussex,50.82956237,-0.578615542,,FALSE,False,False,31.5,30-60,SO_000061,1,1,low,single,,FALSE,TRUE,FALSE,SO_000061,FALSE,,,,,,,,,,,,,,,,single
Gipsy Hill,GIP,Southern,,,51.42445509,-0.083830832,,FALSE,,,,,SO_000062,1,1,low,single,,FALSE,TRUE,FALSE,SO_000062,FALSE,,,,,,,,,,,,,,,,multiple
Glynde,GLY,Southern,['East Coastway'],,50.85916668,0.07008355,,FALSE,False,False,36,30-60,SO_000063,1,1,low,single,,FALSE,TRUE,FALSE,SO_000063,FALSE,,,,,,,,,,,,,,,,single
Godstone,GDN,Southern,,,51.21815351,-0.050080252,,FALSE,,,,,SO_000064,1,1,low,single,,FALSE,TRUE,FALSE,SO_000064,FALSE,,,,,,,,,,,,,,,,single
Goring-by-Sea,GBS,Southern,['West Coastway'],West Sussex,50.8177157,-0.433076924,,FALSE,False,False,36,30-60,SO_000065,1,1,low,single,,FALSE,TRUE,FALSE,SO_000065,FALSE,,,,,,,,,,,,,,,,single
Hackbridge,HCB,Southern,['Sutton & Metro'],England,51.37787262,-0.153904728,,FALSE,False,False,40.5,30-60,SO_000066,1,1,low,single,,FALSE,TRUE,FALSE,SO_000066,FALSE,,,,,,,,,,,,,,,,single
Ham Street,HMT,Southern,,,51.0683774,0.854521617,,FALSE,,,,,SO_000067,1,1,low,single,,FALSE,TRUE,FALSE,SO_000067,FALSE,,,,,,,,,,,,,,,,multiple
Hampden Park (Sussex),HMD,Southern,['East Coastway'],East Sussex,50.79639828,0.27936748,,FALSE,False,False,49.5,30-60,SO_000068,1,1,low,single,,FALSE,TRUE,FALSE,SO_000068,FALSE,,,,,,,,,,,,,,,,multiple
Hassocks,HSK,Southern,['Brighton Main Line'],West Sussex,50.92461282,-0.145952423,,FALSE,False,False,27,0-30,SO_000069,1,1,low,single,,FALSE,TRUE,FALSE,SO_000069,FALSE,,,,,,,,,,,,,,,,single
Haywards Heath,HHE,Southern,['Brighton Main Line'],West Sussex,51.00525294,-0.105306765,,TRUE,False,True,13.5,0-30,SO_000070,1,1,low,single,,FALSE,TRUE,FALSE,SO_000070,FALSE,,,,,,,,,,,,,,,,multiple
Hever,HEV,Southern,['Uckfield Branch'],,51.18140581,0.0950779,,FALSE,,False,65,,SO_000071,1,1,low,single,,FALSE,TRUE,FALSE,SO_000071,FALSE,,,,,,,,,,,,,,,,single
Holmwood,HLM,Southern,['Arun Valley'],,51.18099754,-0.321090928,,FALSE,,False,70,,SO_000072,1,1,low,single,,FALSE,TRUE,FALSE,SO_000072,FALSE,,,,,,,,,,,,,,,,single
Horley,HOR,Southern,['Brighton Main Line'],Surrey,51.16877025,-0.161052239,,TRUE,False,False,13.5,0-30,SO_000073,1,1,low,single,,FALSE,TRUE,FALSE,SO_000073,FALSE,,,,,,,,,,,,,,,,single
Horsham,HRH,Southern,['Arun Valley'],,51.06605718,-0.319258917,,TRUE,,False,55,,SO_000074,1,1,low,single,,FALSE,TRUE,FALSE,SO_000074,FALSE,,,,,,,,,,,,,,,,single
Hove,HOV,Southern,['West Coastway'],Brighton and Hove,50.8352109,-0.170687991,,TRUE,False,False,22.5,0-30,SO_000075,1,1,low,single,,FALSE,TRUE,FALSE,SO_000075,FALSE,,,,,,,,,,,,,,,,single
Hurst Green,HUR,Southern,,,51.24442735,0.003945749,,FALSE,,,,,SO_000076,1,1,low,single,,FALSE,TRUE,FALSE,SO_000076,FALSE,,,,,,,,,,,,,,,,multiple
Ifield,IFI,Southern,,,51.11561646,-0.214772632,,FALSE,,,,,SO_000077,1,1,low,single,,FALSE,TRUE,FALSE,SO_000077,FALSE,,,,,,,,,,,,,,,,single
Kenley,KLY,Southern,,,51.32460105,-0.101215735,,FALSE,,,,,SO_000078,1,1,low,single,,FALSE,TRUE,FALSE,SO_000078,FALSE,,,,,,,,,,,,,,,,single
Kingswood,KND,Southern,,,51.29486144,-0.211456639,,FALSE,,,,,SO_000079,1,1,low,single,,FALSE,TRUE,FALSE,SO_000079,FALSE,,,,,,,,,,,,,,,,single
Lancing,LAC,Southern,['West Coastway'],West Sussex,50.82707775,-0.323099956,,FALSE,False,False,27,0-30,SO_000080,1,1,low,single,,FALSE,TRUE,FALSE,SO_000080,FALSE,,,,,,,,,,,,,,,,single
Leatherhead,LHD,Southern,,,51.29875147,-0.333064888,,FALSE,,,,,SO_000081,1,1,low,single,,FALSE,TRUE,FALSE,SO_000081,FALSE,,,,,,,,,,,,,,,,single
Leigh (Kent),LIH,Southern,,,51.19389559,0.210506799,,FALSE,,,,,SO_000082,1,1,low,single,,FALSE,TRUE,FALSE,SO_000082,FALSE,,,,,,,,,,,,,,,,multiple
Lewes,LWS,Southern,['East Coastway'],East Sussex,50.87062711,0.011335211,,TRUE,False,False,31.5,30-60,SO_000083,1,1,low,single,,FALSE,TRUE,FALSE,SO_000083,FALSE,,,,,,,,,,,,,,,,single
Lingfield,LFD,Southern,['East Grinstead Branch'],,51.17644755,-0.007158941,,FALSE,,False,50,,SO_000084,1,1,low,single,,FALSE,TRUE,FALSE,SO_000084,FALSE,,,,,,,,,,,,,,,,single
Littlehampton,LIT,Southern,['West Coastway'],West Sussex,50.81010344,-0.545991819,,TRUE,False,False,36,30-60,SO_000085,1,1,low,single,,FALSE,TRUE,FALSE,SO_000085,FALSE,,,,,,,,,,,,,,,,single
Littlehaven,LVN,Southern,,,51.0797438,-0.307969555,,FALSE,,,,,SO_000086,1,1,low,single,,FALSE,TRUE,FALSE,SO_000086,FALSE,,,,,,,,,,,,,,,,single
London Road (Brighton),LRB,Southern,['Brighton Main Line'],Brighton and Hove,50.83665742,-0.136501977,,FALSE,False,False,22.5,0-30,SO_000087,1,1,low,single,,FALSE,TRUE,FALSE,SO_000087,FALSE,,,,,,,,,,,,,,,,multiple
Merstham,MHM,Southern,['Brighton Main Line'],Surrey,51.26415181,-0.150223451,,FALSE,False,False,22.5,0-30,SO_000088,1,1,low,single,,FALSE,TRUE,FALSE,SO_000088,FALSE,,,,,,,,,,,,,,,,single
Mitcham Eastfields,MTC,Southern,['Sutton & Metro'],Greater London,51.40840457,-0.15396924,,FALSE,False,False,31.5,30-60,SO_000089,1,1,low,single,,FALSE,TRUE,FALSE,SO_000089,FALSE,,,,,,,,,,,,,,,,multiple
Mitcham Junction,MIJ,Southern,['Sutton & Metro'],Greater London,51.39294461,-0.157322869,,FALSE,False,False,36,30-60,SO_000090,1,1,low,single,,FALSE,TRUE,FALSE,SO_000090,FALSE,,,,,,,,,,,,,,,,multiple
Moulsecoomb,MCB,Southern,['East Coastway'],,50.84671673,-0.118840894,,FALSE,False,False,22.5,0-30,SO_000091,1,1,low,single,,FALSE,TRUE,FALSE,SO_000091,FALSE,,,,,,,,,,,,,,,,single
Newhaven Harbour,NVH,Southern,,,50.78978441,0.054998379,,TRUE,,,,,SO_000092,1,1,low,single,,FALSE,TRUE,FALSE,SO_000092,FALSE,,,,,,,,,,,,,,,,multiple
Newhaven Town,NVN,Southern,,,50.79484885,0.054950925,,FALSE,,,,,SO_000093,1,1,low,single,,FALSE,TRUE,FALSE,SO_000093,FALSE,,,,,,,,,,,,,,,,multiple
Norbury,NRB,Southern,['Sutton & Metro'],,51.41144749,-0.121922189,,FALSE,False,False,18,0-30,SO_000094,1,1,low,single,,FALSE,TRUE,FALSE,SO_000094,FALSE,,,,,,,,,,,,,,,,single
Normans Bay,NSB,Southern,['East Coastway'],,50.82609675,0.389476518,,FALSE,False,False,63,60-120,SO_000095,1,1,low,single,,FALSE,TRUE,FALSE,SO_000095,FALSE,,,,,,,,,,,,,,,,multiple
North Dulwich,NDL,Southern,,,51.45451316,-0.087912394,,FALSE,,,,,SO_000096,1,1,low,single,,FALSE,TRUE,FALSE,SO_000096,FALSE,,,,,,,,,,,,,,,,multiple
Nutbourne,NUT,Southern,,,50.8460569,-0.882951949,,FALSE,,,,,SO_000097,1,1,low,single,,FALSE,TRUE,FALSE,SO_000097,FALSE,,,,,,,,,,,,,,,,single
Nutfield,NUF,Southern,,,51.22686567,-0.133758333,,FALSE,,,,,SO_000098,1,1,low,single,,FALSE,TRUE,FALSE,SO_000098,FALSE,,,,,,,,,,,,,,,,single
Ockley,OLY,Southern,,,51.15150662,-0.336003059,,FALSE,,,,,SO_000099,1,1,low,single,,FALSE,TRUE,FALSE,SO_000099,FALSE,,,,,,,,,,,,,,,,single
Ore,ORE,Southern,,,50.86694236,0.591574525,,TRUE,,,,,SO_000100,1,1,low,single,,FALSE,TRUE,FALSE,SO_000100,FALSE,,,,,,,,,,,,,,,,single
Oxted,OXT,Southern,"['East Grinstead Branch', 'Uckfield Branch']",,51.25790506,-0.004812996,,TRUE,,False,40,,SO_000101,1,1,low,single,,FALSE,TRUE,FALSE,SO_000101,FALSE,,,,,,,,,,,,,,,,single
Peckham Rye,PMR,Southern,,,51.47003714,-0.069394247,,FALSE,,,,,SO_000102,1,1,low,single,,FALSE,TRUE,FALSE,SO_000102,FALSE,,,,,,,,,,,,,,,,multiple
Penshurst,PHR,Southern,,,51.19733253,0.173483045,,FALSE,,,,,SO_000103,1,1,low,single,,FALSE,TRUE,FALSE,SO_000103,FALSE,,,,,,,,,,,,,,,,single
Pevensey & Westham,PEV,Southern,['East Coastway'],East Sussex,50.81579197,0.324820485,,FALSE,False,False,58.5,30-60,SO_000104,1,1,low,single,,FALSE,TRUE,FALSE,SO_000104,FALSE,,,,,,,,,,,,,,,,multiple
Pevensey Bay,PEB,Southern,,,50.81745345,0.342920162,,FALSE,,,,,SO_000105,1,1,low,single,,FALSE,TRUE,FALSE,SO_000105,FALSE,,,,,,,,,,,,,,,,multiple
Plumpton,PMP,Southern,,,50.9286601,-0.060178055,,TRUE,,,,,SO_000106,1,1,low,single,,FALSE,TRUE,FALSE,SO_000106,FALSE,,,,,,,,,,,,,,,,single
Polegate,PLG,Southern,['East Coastway'],East Sussex,50.82121828,0.245732124,,TRUE,False,False,45,30-60,SO_000107,1,1,low,single,,FALSE,TRUE,FALSE,SO_000107,FALSE,,,,,,,,,,,,,,,,single
Portslade,PLD,Southern,['West Coastway'],,50.83567693,-0.205323859,,FALSE,False,False,27,0-30,SO_000108,1,1,low,single,,FALSE,TRUE,FALSE,SO_000108,FALSE,,,,,,,,,,,,,,,,single
Preston Park,PRP,Southern,['Brighton Main Line'],Brighton and Hove,50.84593878,-0.155167744,,FALSE,False,False,27,0-30,SO_000109,1,1,low,single,,FALSE,TRUE,FALSE,SO_000109,FALSE,,,,,,,,,,,,,,,,multiple
Pulborough,PUL,Southern,,,50.95734852,-0.516553376,,FALSE,,,,,SO_000110,1,1,low,single,,FALSE,TRUE,FALSE,SO_000110,FALSE,,,,,,,,,,,,,,,,single
Purley,PUR,Southern,['Brighton Main Line'],England,51.33739162,-0.113608701,,TRUE,False,False,13.5,0-30,SO_000111,1,1,low,single,,FALSE,TRUE,FALSE,SO_000111,FALSE,,,,,,,,,,,,,,,,single
Purley Oaks,PUO,Southern,,,51.34704533,-0.098851969,,FALSE,,,,,SO_000112,1,1,low,single,,FALSE,TRUE,FALSE,SO_000112,FALSE,,,,,,,,,,,,,,,,multiple
Queens Road (Peckham),QRP,Southern,,,51.47406855,-0.057574233,,FALSE,,,,,SO_000113,1,1,low,single,,FALSE,TRUE,FALSE,SO_000113,FALSE,,,,,,,,,,,,,,,,multiple
Redhill,RDH,Southern,['Brighton Main Line'],Surrey,51.24019809,-0.165898311,,TRUE,False,False,27,0-30,SO_000114,1,1,low,single,,FALSE,TRUE,FALSE,SO_000114,FALSE,,,,,,,,,,,,,,,,single
Reedham (London),RHM,Southern,,,51.33216069,-0.12387235,,FALSE,,,,,SO_000115,1,1,low,single,,FALSE,TRUE,FALSE,SO_000115,FALSE,,,,,,,,,,,,,,,,multiple
Reigate,REI,Southern,,,51.24195549,-0.203824541,,TRUE,,,,,SO_000116,1,1,low,single,,FALSE,TRUE,FALSE,SO_000116,FALSE,,,,,,,,,,,,,,,,single
Riddlesdown,RDD,Southern,,,51.33266611,-0.099446924,,FALSE,,,,,SO_000117,1,1,low,single,,FALSE,TRUE,FALSE,SO_000117,FALSE,,,,,,,,,,,,,,,,single
Rye (Sussex),RYE,Southern,,,50.95236602,0.730706155,,FALSE,,,,,SO_000118,1,1,low,single,,FALSE,TRUE,FALSE,SO_000118,FALSE,,,,,,,,,,,,,,,,multiple
Salfords (Surrey),SAF,Southern,['Brighton Main Line'],Surrey,51.20174387,-0.162487674,,FALSE,False,False,18,0-30,SO_000119,1,1,low,single,,FALSE,TRUE,FALSE,SO_000119,FALSE,,,,,,,,,,,,,,,,multiple
Sanderstead,SNR,Southern,,,51.34828313,-0.093673971,,FALSE,,,,,SO_000120,1,1,low,single,,FALSE,TRUE,FALSE,SO_000120,FALSE,,,,,,,,,,,,,,,,single
Seaford Sussex,SEF,Southern,,,50.77283582,0.100140227,,TRUE,,,,,SO_000121,1,1,low,single,,FALSE,TRUE,FALSE,SO_000121,FALSE,,,,,,,,,,,,,,,,multiple
Selhurst,SRS,Southern,['Sutton & Metro'],England,51.39169797,-0.087945474,,TRUE,False,False,9,0-30,SO_000122,1,1,low,single,,FALSE,TRUE,FALSE,SO_000122,FALSE,,,,,,,,,,,,,,,,single
Shoreham-by-Sea,SSE,Southern,['West Coastway'],West Sussex,50.83442192,-0.271709718,,FALSE,False,False,31.5,30-60,SO_000123,1,1,low,single,,FALSE,TRUE,FALSE,SO_000123,FALSE,,,,,,,,,,,,,,,,single
South Bermondsey,SBM,Southern,,,51.48813928,-0.054671432,,FALSE,,,,,SO_000124,1,1,low,single,,FALSE,TRUE,FALSE,SO_000124,FALSE,,,,,,,,,,,,,,,,multiple
South Croydon,SCY,Southern,"['East Grinstead Branch', 'Uckfield Branch']",England,51.36296514,-0.093452155,,FALSE,False,False,9,0-30,SO_000125,1,1,low,single,,FALSE,TRUE,FALSE,SO_000125,FALSE,,,,,,,,,,,,,,,,multiple
Southbourne,SOB,Southern,['West Coastway'],West Sussex,50.84826453,-0.90811384,,FALSE,False,False,40.5,30-60,SO_000126,1,1,low,single,,FALSE,TRUE,FALSE,SO_000126,FALSE,,,,,,,,,,,,,,,,single
Southease,SEE,Southern,,,50.83134913,0.030650137,,FALSE,,,,,SO_000127,1,1,low,single,,FALSE,TRUE,FALSE,SO_000127,FALSE,,,,,,,,,,,,,,,,single
Southwick,SWK,Southern,['West Coastway'],West Sussex,50.83248265,-0.237073077,,FALSE,False,False,31.5,30-60,SO_000128,1,1,low,single,,FALSE,TRUE,FALSE,SO_000128,FALSE,,,,,,,,,,,,,,,,single
Streatham (Greater London),STE,Southern,['Sutton & Metro'],England,51.42581015,-0.131546583,,FALSE,False,False,27,0-30,SO_000129,1,1,low,single,,FALSE,TRUE,FALSE,SO_000129,FALSE,,,,,,,,,,,,,,,,multiple
Streatham Common,SRC,Southern,['Sutton & Metro'],Greater London,51.41868917,-0.136151833,,FALSE,False,False,13.5,0-30,SO_000130,1,1,low,single,,FALSE,TRUE,FALSE,SO_000130,FALSE,,,,,,,,,,,,,,,,multiple
Streatham Hill,SRH,Southern,['Sutton & Metro'],Greater London,51.4383461,-0.128157209,,TRUE,False,False,13.5,0-30,SO_000131,1,1,low,single,,FALSE,TRUE,FALSE,SO_000131,FALSE,,,,,,,,,,,,,,,,multiple
Sutton (London),SUO,Southern,['Sutton & Metro'],,51.35953356,-0.191213151,,TRUE,True,False,49.5,30-60,SO_000132,1,1,low,single,,FALSE,TRUE,FALSE,SO_000132,FALSE,,,,,,,,,,,,,,,,multiple
Tadworth,TAD,Southern,,,51.29163611,-0.23596467,,FALSE,,,,,SO_000133,1,1,low,single,,FALSE,TRUE,FALSE,SO_000133,FALSE,,,,,,,,,,,,,,,,single
Tattenham Corner,TAT,Southern,,,51.30918237,-0.242609371,,TRUE,,,,,SO_000134,1,1,low,single,,FALSE,TRUE,FALSE,SO_000134,FALSE,,,,,,,,,,,,,,,,multiple
Thornton Heath,TTH,Southern,['Sutton & Metro'],,51.3992396,-0.101001212,,FALSE,False,False,13.5,0-30,SO_000135,1,1,low,single,,FALSE,TRUE,FALSE,SO_000135,FALSE,,,,,,,,,,,,,,,,multiple
Three Bridges,TBD,Southern,['Brighton Main Line'],Greater London,51.11691722,-0.161183058,,TRUE,False,False,13.5,0-30,SO_000136,1,1,low,single,,FALSE,TRUE,FALSE,SO_000136,FALSE,,,,,,,,,,,,,,,,multiple
Three Oaks,TOK,Southern,,,50.90088723,0.61337309,,FALSE,,,,,SO_000137,1,1,low,single,,FALSE,TRUE,FALSE,SO_000137,FALSE,,,,,,,,,,,,,,,,multiple
Tulse Hill,TUH,Southern,['Sutton & Metro'],,51.43977376,-0.105075902,,FALSE,False,False,22.5,0-30,SO_000138,1,1,low,single,,FALSE,TRUE,FALSE,SO_000138,FALSE,,,,,,,,,,,,,,,,multiple
Uckfield,UCK,Southern,['Uckfield Branch'],,50.96867258,0.096456894,,TRUE,,False,85,,SO_000139,1,1,low,single,,FALSE,TRUE,FALSE,SO_000139,FALSE,,,,,,,,,,,,,,,,single
Upper Warlingham,UWL,Southern,['Sutton & Metro'],,51.30851045,-0.077947217,,FALSE,,False,40,,SO_000140,1,1,low,single,,FALSE,TRUE,FALSE,SO_000140,FALSE,,,,,,,,,,,,,,,,multiple
Waddon,WDO,Southern,,,51.36739826,-0.117332121,,FALSE,,,,,SO_000141,1,1,low,single,,FALSE,TRUE,FALSE,SO_000141,FALSE,,,,,,,,,,,,,,,,single
Wallington,WLT,Southern,['Sutton & Metro'],,51.3603868,-0.150830146,,FALSE,,False,25,,SO_000142,1,1,low,single,,FALSE,TRUE,FALSE,SO_000142,FALSE,,,,,,,,,,,,,,,,single
Wandsworth Common,WSW,Southern,['Sutton & Metro'],England,51.4461876,-0.163383008,,TRUE,False,False,9,0-30,SO_000143,1,1,low,single,,FALSE,TRUE,FALSE,SO_000143,FALSE,,,,,,,,,,,,,,,,multiple
Warblington,WBL,Southern,,,50.8534334,-0.967150888,,FALSE,,,,,SO_000144,1,1,low,single,,FALSE,TRUE,FALSE,SO_000144,FALSE,,,,,,,,,,,,,,,,single
Warnham,WNH,Southern,['Arun Valley'],,51.09289508,-0.329453706,,FALSE,,False,60,,SO_000145,1,1,low,single,,FALSE,TRUE,FALSE,SO_000145,FALSE,,,,,,,,,,,,,,,,single
West Norwood,WNW,Southern,['Sutton & Metro'],England,51.43180353,-0.103808815,,FALSE,False,False,18,0-30,SO_000146,1,1,low,single,,FALSE,TRUE,FALSE,SO_000146,FALSE,,,,,,,,,,,,,,,,multiple
West Worthing,WWO,Southern,['West Coastway'],West Sussex,50.81834832,-0.392977891,,TRUE,False,False,27,0-30,SO_000147,1,1,low,single,,FALSE,TRUE,FALSE,SO_000147,FALSE,,,,,,,,,,,,,,,,multiple
Whyteleafe,WHY,Southern,['Sutton & Metro'],,51.30995682,-0.081143929,,FALSE,,False,35,,SO_000148,1,1,low,single,,FALSE,TRUE,FALSE,SO_000148,FALSE,,,,,,,,,,,,,,,,single
Whyteleafe South,WHS,Southern,,,51.3035526,-0.076691014,,FALSE,,,,,SO_000149,1,1,low,single,,FALSE,TRUE,FALSE,SO_000149,FALSE,,,,,,,,,,,,,,,,multiple
Winchelsea,WSE,Southern,,,50.93376133,0.702271814,,FALSE,,,,,SO_000150,1,1,low,single,,FALSE,TRUE,FALSE,SO_000150,FALSE,,,,,,,,,,,,,,,,single
Wivelsfield,WVF,Southern,['Brighton Main Line'],West Sussex,50.96378293,-0.120837577,,FALSE,False,False,18,0-30,SO_000151,1,1,low,single,,FALSE,TRUE,FALSE,SO_000151,FALSE,,,,,,,,,,,,,,,,single
Woldingham,WOH,Southern,['Sutton & Metro'],,51.29015597,-0.051864564,,FALSE,,False,45,,SO_000152,1,1,low,single,,FALSE,TRUE,FALSE,SO_000152,FALSE,,,,,,,,,,,,,,,,single
Woodmansterne,WME,Southern,,,51.3190192,-0.154259672,,FALSE,,,,,SO_000153,1,1,low,single,,FALSE,TRUE,FALSE,SO_000153,FALSE,,,,,,,,,,,,,,,,single
Worthing,WRH,Southern,['West Coastway'],West Sussex,50.8184932,-0.376163686,,TRUE,False,False,22.5,0-30,SO_000154,1,1,low,single,,FALSE,TRUE,FALSE,SO_000154,FALSE,,,,,,,,,,,,,,,,single
Ashurst,ASH,Southern,['Uckfield Branch'],,,,,FALSE,,False,55,,,,,,,,TRUE,FALSE,FALSE,SR002,FALSE,commuter,,,,,,,,,,,,,,,single
Basingstoke,BSK,Southern,['Portsmouth Direct'],Hampshire,51.26804,-1.086896,,TRUE,False,False,44,30-60,,1,1,low,few,,FALSE,TRUE,FALSE,SR005,FALSE,commuter,2,8,,,,,,,,,,,,,single
Bat & Ball,BBL,Southern,['Southern Thameslink Branches'],Kent,51.289703,0.194258,,FALSE,False,False,27,0-30,,1,1,low,few,,FALSE,TRUE,FALSE,SR006,FALSE,outer,2,8,,,,,,,,,,,,,multiple
Battle,BAT,Southern,['East Coastway'],East Sussex,50.91312,0.495169,,FALSE,False,False,81,60-120,,1,1,low,few,,FALSE,TRUE,TRUE,SR007,FALSE,regional,2,8,,,,,,,,,,,,,single
Blackfriars,BFR,Southern,"['Thameslink Core', 'Southern Thameslink Branches']",,,,,TRUE,,False,0,,,,,,,,FALSE,TRUE,FALSE,SR011,FALSE,inner,,,,,,,,,,,,,,,single
City Thameslink,CTK,Southern,"['Thameslink Core', 'Southern Thameslink Branches']",,,,,FALSE,,False,0,,,,,,,,FALSE,TRUE,FALSE,SR019,FALSE,inner,,,,,,,,,,,,,,,multiple
Clapham Junction,CLJ,Southern,"['Brighton Main Line', 'Portsmouth Direct']",England,51.464134,-0.170281,,FALSE,True,True,4.5,0-30,,4,4,high,many,,FALSE,TRUE,FALSE,SR015,FALSE,inner,8,2,,,,,,,,,,,,,multiple
Cosham,CSA,Southern,['Portsmouth Direct'],England,50.841644,-1.068259,,FALSE,False,False,54,30-60,,1,1,low,few,,FALSE,TRUE,FALSE,SR018,FALSE,commuter,2,8,,,,,,,,,,,,,single
Dorking West,DKT,Southern,['Arun Valley'],,,,,FALSE,,False,60,,,,,,,,FALSE,TRUE,FALSE,SR028,FALSE,commuter,,,,,,,,,,,,,,,multiple
Dunton Green,DNG,Southern,['Southern Thameslink Branches'],Kent,51.296425,0.171616,,FALSE,False,False,31.5,30-60,,1,1,low,few,,FALSE,TRUE,FALSE,SR020,FALSE,outer,2,8,,,,,,,,,,,,,multiple
Etchingham,ETC,Southern,['East Coastway'],,51.010479,0.441935,,FALSE,False,False,72,60-120,,1,1,low,few,,FALSE,TRUE,TRUE,SR026,FALSE,regional,2,8,,,,,,,,,,,,,single
Eynsford,EYN,Southern,['Southern Thameslink Branches'],West Sussex,51.362377,0.203465,,FALSE,False,False,13.5,0-30,,1,1,low,few,,FALSE,TRUE,FALSE,SR027,FALSE,inner,2,8,,,,,,,,,,,,,single
Fareham,FRM,Southern,['Portsmouth Direct'],Hampshire,50.853352,-1.19162,,TRUE,False,False,63,60-120,,1,1,low,few,,FALSE,TRUE,FALSE,SR029,FALSE,regional,2,8,,,,,,,,,,,,,single
Farningham Road,FNR,Southern,['Southern Thameslink Branches'],,51.401337,0.235533,,FALSE,False,False,9,0-30,,1,1,low,few,,FALSE,TRUE,FALSE,SR030,FALSE,inner,2,8,,,,,,,,,,,,,multiple
Farringdon,ZFD,Southern,"['Thameslink Core', 'Southern Thameslink Branches']",,,,,FALSE,,False,0,,,,,,,,FALSE,TRUE,FALSE,SR045,FALSE,inner,,,,,,,,,,,,,,,single
Frant,FRT,Southern,['Uckfield Branch'],,51.104321,0.294034,,FALSE,False,False,58.5,30-60,,1,1,low,few,,TRUE,FALSE,FALSE,SR033,FALSE,commuter,2,8,,,,,,,,,,,,,single
Fratton,FTN,Southern,"['West Coastway', 'Portsmouth Direct']",Hampshire,50.795818,-1.073422,,TRUE,False,False,45,30-60,,1,1,low,few,,FALSE,TRUE,TRUE,SR034,FALSE,commuter,2,8,,,,,,,,,,,,,single
Gatwick Airport,GTW,Southern,['Brighton Main Line'],,51.156425,-0.161022,,TRUE,False,False,9,0-30,,1,1,low,few,,FALSE,TRUE,FALSE,SR035,FALSE,inner,2,8,,,,,,,,,,,,,multiple
Hastings,HGS,Southern,['East Coastway'],East Sussex,50.858288,0.57608,,TRUE,True,False,85.5,60-120,,2,2,medium,some,,FALSE,TRUE,TRUE,SR041,FALSE,regional,4,6,,,,,,,,,,,,,single
Havant,HAV,Southern,"['West Coastway', 'Portsmouth Direct']",Hampshire,50.854416,-0.982763,,TRUE,True,False,31.5,30-60,,1,1,low,few,,FALSE,TRUE,TRUE,SR042,FALSE,outer,2,8,,,,,,,,,,,,,single
Hedge End,HDE,Southern,['Portsmouth Direct'],Hampshire,50.927773,-1.297056,,FALSE,False,False,62,60-120,,1,1,low,few,,FALSE,TRUE,FALSE,SR044,FALSE,regional,2,8,,,,,,,,,,,,,multiple
High Brooms,HIB,Southern,['Uckfield Branch'],Kent,51.149609,0.277686,,FALSE,False,False,49.5,30-60,,1,1,low,few,,TRUE,FALSE,FALSE,SR045,FALSE,commuter,2,8,,,,,,,,,,,,,multiple
Hildenborough,HLB,Southern,['Southern Thameslink Branches'],Kent,51.214451,0.226465,,FALSE,False,False,40.5,30-60,,1,1,low,few,,FALSE,TRUE,FALSE,SR046,FALSE,commuter,2,8,,,,,,,,,,,,,single
Hilsea,HLS,Southern,['Portsmouth Direct'],England,50.828075,-1.058592,,FALSE,False,False,49.5,30-60,,1,1,low,few,,FALSE,TRUE,FALSE,SR047,FALSE,commuter,2,8,,,,,,,,,,,,,single
Hurst Green,HGD,Southern,"['East Grinstead Branch', 'Uckfield Branch']",,,,,FALSE,,False,45,,,,,,,,TRUE,FALSE,FALSE,SR068,FALSE,commuter,,,,,,,,,,,,,,,multiple
Kensington Olympia,KPA,Southern,['Southern Thameslink Branches'],England,51.497753,-0.210189,,FALSE,False,False,13.5,0-30,,1,1,low,few,,FALSE,TRUE,FALSE,SR050,FALSE,inner,2,8,,,,,,,,,,,,,multiple
London Bridge,LBG,Southern,"['Thameslink Core', 'Southern Thameslink Branches']",England,51.505035,-0.085058,,FALSE,True,False,0,,,1,1,low,few,,FALSE,TRUE,FALSE,SR054,FALSE,inner,2,8,,,,,,,,,,,,,multiple
London Victoria,VIC,Southern,"['Brighton Main Line', 'Portsmouth Direct']",England,51.4966,-0.1448,,FALSE,True,False,0,,,2,2,medium,some,,FALSE,TRUE,FALSE,SR056,FALSE,inner,4,6,,,,,,,,,,,,,multiple
London Waterloo,WAT,Southern,['Southern Thameslink Branches'],Greater London,51.501865,-0.111126,,FALSE,True,False,0,,,1,1,low,few,,FALSE,TRUE,FALSE,SR057,FALSE,inner,2,8,,,,,,,,,,,,,multiple
Ockley,OCK,Southern,['Arun Valley'],,,,,FALSE,,False,65,,,,,,,,FALSE,TRUE,FALSE,SR084,FALSE,regional,,,,,,,,,,,,,,,single
Otford,OTF,Southern,['Southern Thameslink Branches'],West Sussex,51.312141,0.196757,,FALSE,False,False,22.5,0-30,,1,1,low,few,,FALSE,TRUE,FALSE,SR064,FALSE,outer,2,8,,,,,,,,,,,,,single
Portchester,PTC,Southern,['Portsmouth Direct'],Hampshire,50.848389,-1.126361,,FALSE,False,False,58.5,30-60,,1,1,low,few,,FALSE,TRUE,FALSE,SR067,FALSE,commuter,2,8,,,,,,,,,,,,,single
Portsmouth & Southsea,PMS,Southern,"['West Coastway', 'Portsmouth Direct']",England,50.797756,-1.090417,,TRUE,False,False,40.5,30-60,,1,1,low,few,,FALSE,TRUE,TRUE,SR069,FALSE,commuter,2,8,,,,,,,,,,,,,multiple
Portsmouth Harbour,PMH,Southern,"['West Coastway', 'Portsmouth Direct']",England,50.796097,-1.108895,,TRUE,True,False,36,30-60,,1,1,low,few,,FALSE,TRUE,TRUE,SR070,FALSE,outer,2,8,,,,,,,,,,,,,multiple
Robertsbridge,RBR,Southern,['East Coastway'],East Sussex,50.984726,0.469092,,FALSE,False,False,76.5,60-120,,1,1,low,few,,FALSE,TRUE,TRUE,SR074,FALSE,regional,2,8,,,,,,,,,,,,,single
Sevenoaks,SEV,Southern,['Southern Thameslink Branches'],Kent,51.27734,0.182193,,TRUE,False,False,36,30-60,,1,1,low,few,,FALSE,TRUE,FALSE,SR077,FALSE,outer,2,8,,,,,,,,,,,,,single
Shepherds Bush,SPB,Southern,['Southern Thameslink Branches'],England,51.506,-0.218,,TRUE,True,False,18,0-30,,1,1,low,few,,FALSE,TRUE,FALSE,SR078,FALSE,inner,2,8,,,,,,,,,,,,,multiple
Shoreham (Kent),SEH,Southern,['Southern Thameslink Branches'],Kent,51.332092,0.187665,,FALSE,False,False,18,0-30,,1,1,low,few,,FALSE,TRUE,FALSE,SR079,FALSE,inner,2,8,,,,,,,,,,,,,multiple
Southampton Central,SOU,Southern,['Portsmouth Direct'],England,50.907742,-1.413983,,TRUE,True,False,53,30-60,,2,2,medium,some,,FALSE,TRUE,FALSE,SR082,FALSE,commuter,4,6,,,,,,,,,,,,,multiple
St Denys,SDN,Southern,['Portsmouth Direct'],England,50.921997,-1.3882,,FALSE,False,False,57.5,30-60,,1,1,low,few,,FALSE,TRUE,FALSE,SR085,FALSE,commuter,2,8,,,,,,,,,,,,,multiple
St Leonards Warrior Square,SLQ,Southern,['East Coastway'],East Sussex,50.855942,0.560326,,FALSE,False,False,85.5,60-120,,1,1,low,few,,FALSE,TRUE,TRUE,SR086,FALSE,regional,2,8,,,,,,,,,,,,,multiple
St Pancras International,STP,Southern,"['Thameslink Core', 'Southern Thameslink Branches']",,,,,TRUE,,False,0,,,,,,,,FALSE,TRUE,FALSE,SR109,FALSE,inner,,,,,,,,,,,,,,,multiple
Stonegate,SOG,Southern,['East Coastway'],East Sussex,51.020184,0.364016,,FALSE,False,False,67.5,60-120,,1,1,low,few,,FALSE,TRUE,TRUE,SR087,FALSE,regional,2,8,,,,,,,,,,,,,single
Swanley,SAY,Southern,['Southern Thameslink Branches'],,51.392727,0.16755,,TRUE,False,False,4.5,0-30,,1,1,low,few,,FALSE,TRUE,FALSE,SR092,FALSE,inner,2,8,,,,,,,,,,,,,single
Swanwick,SNW,Southern,['Portsmouth Direct'],,50.875427,-1.265151,,FALSE,False,False,66.5,60-120,,1,1,low,few,,FALSE,TRUE,FALSE,SR093,FALSE,regional,2,8,,,,,,,,,,,,,single
Tonbridge,TON,Southern,['Southern Thameslink Branches'],Greater London,51.191132,0.269715,,TRUE,False,False,45,30-60,,1,1,low,few,,FALSE,TRUE,FALSE,SR096,FALSE,commuter,2,8,,,,,,,,,,,,,single
Tunbridge Wells,TBW,Southern,['Uckfield Branch'],Greater London,51.130119,0.262435,,TRUE,False,False,54,30-60,,1,1,low,few,,TRUE,FALSE,FALSE,SR098,FALSE,commuter,2,8,,,,,,,,,,,,,multiple
Wadhurst,WAD,Southern,['Uckfield Branch'],East Sussex,51.07338,0.312483,,FALSE,False,False,63,60-120,,1,1,low,few,,TRUE,FALSE,FALSE,SR099,FALSE,regional,2,8,,,,,,,,,,,,,single
West Brompton,WBP,Southern,['Southern Thameslink Branches'],England,51.487289,-0.195265,,TRUE,False,False,9,0-30,,1,1,low,few,,FALSE,TRUE,FALSE,SR101,FALSE,inner,2,8,,,,,,,,,,,,,multiple
West St Leonards,WLD,Southern,['East Coastway'],East Sussex,50.85368,0.540303,,FALSE,False,False,81,60-120,,1,1,low,few,,FALSE,TRUE,TRUE,SR103,FALSE,regional,2,8,,,,,,,,,,,,,multiple
West Sutton,WSU,Southern,['Sutton & Metro'],,,,,FALSE,,False,30,,,,,,,,FALSE,TRUE,FALSE,SR131,FALSE,outer,,,,,,,,,,,,,,,multiple
Winchester,WIN,Southern,['Portsmouth Direct'],Hampshire,51.067303,-1.320628,,TRUE,False,False,48.5,30-60,,1,1,low,few,,FALSE,TRUE,FALSE,SR105,FALSE,commuter,2,8,,,,,,,,,,,,,single
