crs,terminus
AAP,AAP|ABD|BDI|BDQ|BEV|BTN|CBG|DON|EDB|ELY|FPK|GDH|GLQ|HFN|HGT|HRH|HUL|INV|KGX|KLN|LCN|LDS|LET|MBR|MOG|NCL|PBO|RYS|SEV|SKI|SUN|SVG|WGC|YRK
AAT,INV|KYL
ABA,ABA|CDF|MER
ABC,INV|WCK
ABD,ABD|DEE|DON|EDB|GLQ|INR|INV|KGX|MTS|PLY|PTH
ABE,BGD|BGN|BYI|CDF|PEN|RHY|YSM
ABF,COH
ABH,MCN|PWL
ABW,CHX|CST|DFD|GLM|KTN|LUT|RAI|WHP|XKE
ABX,ABX|HAF|HAY|HWV|MAI|PDX|RDG
ABY,CLY|DAR|GLO|HDF|HUL|LIV|MAN|MIA|NCL|NMC|NOT|RCC|RSH|SCA|SHF|SLB|WKK|YRK
ACB,BHM|BPN|CRE|EDB|EUS|GLC|HAN|INV|LIV|NOT|PRE|STG|XOA
ACC,KWG|SRA|WJH
ACG,BSW|DDG|LMS|SAV|WOF|WOS
ACH,INV|KYL
ACK,CHT|NCL
ACL,GYM|NRW
ACN,INV|KYL
ACR,BBN|BPN|CNE|LDS|PRE|RCD|YRK
ACT,ACT|AHT|BNS|FNH|OXP|QRB|RDZ|SNS|WKM
ACY,ABA|CDF|MER
ADC,MAC|MAN|SOT
ADD,BHI|BHM|COV|NMP|RGL
ADK,HUL|MAN|MIA|NCL|NMC|RCC|SCA|YRK
ADL,BIF|BPN|MIA
ADM,DVP|FAV|XVJ
ADN,ADN|ADS|GLC
ADR,ADR|BHC|BHG|EDB|FTW|GRS|HLC|MLN
ADS,ADS|BDC|GLC
ADV,BNS|BTH|EXD|GIL|NEM|RDG|SAL|WSB|YVJ|YVP
ADW,EDB|GLC
AER,AYW|CMN
AFK,AFK|CBW|CHX|CST|DVP|EBN|FKW|GLM|HGS|MAR|RAM|SPX|TON|XVJ
AFS,AHT|ASN|QRB|SNS|WNR|WOK|WYB
AFV,BPS|PRE
AGL,BHI|BHM|CDF|CRE|CTR|EUS|HHD|LIV|LLD|LLJ|MIA|SHR|WBQ|XOA
AGS,CRS|CUB|DMR|GRS|LRH|MLN|MTH|RUT|WFF
AGT,BOG|BTN|CCH|HAV|LIT|PMS|SOU|WRH|WSW|WWO
AGV,AGV|BIB|CDF|CMN|CRE|CTR|FGH|HFD|HHD|MAN|MFH|PMD
AHD,BAK|BAL|DKG|EAD|GLD|HRH|RAY
AHS,UCK|XSU
AHT,ACT|AHT|AON|FNH|GLD|NEM|QRB|WOK
AHV,ACT|AHT|AON|FNH|NEM|QRB|WOK
AIG,HNX|LVC|OMS|SDL
AIN,HNX|LVC|OMS
AIR,CUB|DMR|HNW|MLN|MTH|XCN
ALB,BHI|BHM|SHR
ALD,ALD|BMH|CDF|CMN|CRE|EUS|FGH|MAN|MFH|PMD|SHR
ALE,BHM|CLE|CRE|CTR|DON|EUS|LIV|LLD|MAN|MCO|MIA|NCL|NOT|NRW|SHF|WAC
ALF,DBY|LDS|LIV|MAN|NOT|NRW|SHF|STP
ALK,BSN|DBY|GRA|LIV|MAN|NOT|NRW|PBO|SHF|SKG
ALM,ABD|BHM|BRI|CDF|CHT|DON|EDB|GLC|GLQ|INV|KGX|NCL|PLY|PNZ
ALN,LST|SMN|WIC
ALO,ALO|GLQ|STG
ALP,CLE|DON|LIV|SCU|SHF
ALR,CLT|COL|LST|WON
ALT,CTR|MAN|SPT
ALV,BHM|FOK|RDC
ALW,BIA|CAR|DAR|MBR|NCL|SLB
ALX,ADR|BHC|DMR|SPR
AMB,CLE|DBY|LCN|MAT|NOT
AMF,LLE|LLV|SHR|SWA
AML,ABX|GFD|GMV|HAF|HAY|HWV|OXF|PAD|PNZ|RDG|SNF|SWA|XOA
AMR,AVP|AYS|MYB
AMS,AMS|SPX
AMT,BDW|NBY|PAD|PNZ|RDG
AMY,BAL|BOG|CCH|GTW|HRH|PMH|PMS|WSW
ANC,BSN|NOT|SKG
AND,CRS|CUB|DMR|GRS|LRH|MLN|MTH|RUT|WFF
ANF,BMH|BSK|NEM|POO|SOU|WEY|WIN|WOK
ANG,BAL|BOG|BTN|CCH|HAV|HHE|HOV|LIT|PMH|PMS|SOU|WSW|XSU
ANL,ADR|ANL|BHC|BHG|CUB|DMR|EDB|FTW|GLQ|HLC|LRH|MLN|MTH|SPR
ANN,CAR|DMF|GLC
ANS,LVC|SOP
ANZ,BDM|BTN|CAT|CBG|DLJ|ECR|EGR|EPS|HRH|PBO|SUO|TBD|WCY|XHZ|XSU
AON,AON|FNH|NEM|WOK
APB,MCO|MCV|SOP|WGW
APD,AFK|EBN|HGS
APF,BAN|DID|EVE|OXF
APG,BDM|BLY
APN,APN|SHZ|SUN
APP,CAR|LDS
APS,BHM|BLY|EUS|MKC|NMP|TRI
APY,BDQ|LDS|SKI
ARA,ARA|MLG
ARB,ABD|ARB|DEE|DON|EDB|GLQ|HNT|INR|INV|KGX|PLY|PTH
ARD,ARD|INV|WCK
ARG,FTW|GLQ|MLG
ARL,ABD|EDB|HRH|KGX|LDS|NCL|PBO
ARM,ADR|BHG|EDB|GRS|HLC|MLN
ARN,BIF|CKL|LAN|MIA|MLM|PRE
ARR,BDT|HUL|SCA|YRK
ART,EDB|FTW|GLQ|OBN
ARU,BAL|BOG|CCH|GTW|HRH|PMH|PMS|WSW|XSU
ASB,ADN|ADS|ASB|GLC|LAR
ASC,BHM|BRI|CDF|EDB|GCR|GLC|GMV|LDS|MAN|NCL|NOT|PAD|PGN|PLY|PNZ|SSD|WOF|WOS
ASD,BRI|FIT
ASF,ANL|GLQ
ASG,BMH|CRE|LCN|LLD|MAN|NOT|STA
ASH,FNH|GLD|GTW|RDG|RDH|RDZ|SFR
ASK,BIF|CKL|LAN|MIA|MLM|PRE
ASL,ASL|NCL
ASN,ASN|QRB|SNS|WOK|WYB
ASP,CAR|WTH
ASS,ARD|IGD|INV|TAI|WCK
AST,BHM|BMV|EUS|FOK|INV|LIC|LIF|LIV|LOB|RDC|RGL|WSL|WVH
ASY,CTR|MAN|SPT
ATB,BHM|CDF|CLE|CRE|DBY|LCN|LEI|MAT|NOT|NRW|STP
ATE,PAQ|SHQ
ATH,CRE|EUS|GLC|NMP|RUG
ATL,CBG|DBY|ELY|LIV|LWT|MAN|NRW|SHF|SPO|SSD
ATN,HBL|MCV|SOP|WGN|WGW
ATT,INV|KYL
AUD,BHM|BIS|CBG|CMB|ELY|LST|LWT|NRW|SRA|SSD
AUG,HNX|LVC|OMS
AUI,EDB|FTW|GLQ|OBN
AUK,CAR|DMF|GLC
AUR,EDB|GLT|LEV|PTH
AUW,DID|EVE|GMV|HFD|OXF|PAD|WOF|WOS|WPH
AVF,BRI|CDF|FRO|GCR|PMH|PMS|SAL|WEY|WMN|WSB
AVM,AVM|DEE|EDB|EUS|GLQ|INV|KGX
AVN,AVN|BRI|SAL|SVB|WSM
AVP,AVP|AYS|MYB
AVY,MCN|PWL
AWK,AWK|BDI|BDQ|DON|HGT|KGX|LDS|SHF|SKI
AWM,BTN|CBG|ELY|KGX|KLN|RYS
AWT,CAR|LDS
AXM,AXM|EXD|NEM|PAD|SAL|YVJ
AXP,BHC|GRS|MLN|SPR
AYH,DVP|FAV|XVJ
AYL,GLM|MDW|PDW|SOO|SPX|TON
AYP,BFR|CHX|CST|DFD|GLM|GRV
AYR,AYR|CRP|GIR|GLC|KMK|STR
AYS,AVP|AYS|MYB|PRR
AYW,AYW|BHI|BNG|CFS|CMN|DOG|MCN|SHR
BAA,BAA|BAL|BOG|BTN|CCH|GTW|HAV|HOV|HRH|LIT|PMH|PMS|SOU|WSW|XSU
BAB,BAL|BDM|BTN|CBG|ORE|WRH|WSW
BAC,CTR|HOO|XLV
BAD,BAK|EPD|WCY
BAG,ACT|AHT|FNH|QRB
BAH,LVC|SOP
BAI,ADR|BHC|BHG|EDB|FTW|GRS|HLC|MLN
BAJ,CDF|CMN|LLE|MFH|PMD|PTA|SWA
BAK,BAK|BTN|DKG|DLJ|ECR|EGR|EPD|EPS|HRH|OXT|SRH|SRS|SUO|TBD|WCY|WRH|XSU
BAL,BAK|BAL|BOG|BTN|CCH|DKG|EBN|ECR|EGR|EPD|EPS|GTW|HGS|HRH|LIT|ORE|OXT|PMH|PMS|REI|SRH|SRS|SUO|TBD|WCY|WFJ|WRH|WSW|XSU
BAM,CLE|DON|LIV|MAN|NOT|NRW|SHF
BAN,BAN|BHM|BMH|BMO|BSW|DID|MAN|MYB|NCL|OXF|PAD|RDG|SBJ|SOU|YRK
BAR,HHB|LAN|LDS|MCM
BAS,GSL|PLY
BAT,CHX|CST|HGS|TON
BAU,BAU|CLE|HUU
BAV,BAU|CLE
BAW,GTW|RDG|RDH|RDZ|SFR
BAY,FPK|HFN|LET|MOG|SVG
BBG,ABD|ALO|ARB|DEE|EDB|GLQ|INV|KGX|PTH|SBR|STG
BBK,BHI|BHM|SHR
BBL,BFR|FPK|SEV|WGC|XVJ
BBN,BBN|BPN|CLH|CNE|LDS|MCV|PRE|RCD|YRK
BBW,HUD|SHF
BCB,MCO|MCV|SOP|WGW
BCC,BCC|HPQ|IPS|LWT|NRW
BCE,ACT|BNS|OXP|QRB|RDZ|SNS|WKM
BCF,AYS|BAN|BCS|BMO|BSW|HWY|MYB|OXF
BCG,CDF|COY|PEN
BCH,AFK|CHX|CST|FAV|GLM|MAR|RAM|RTR|SPX|XVJ
BCJ,OMS|PRE
BCK,BID|WRX|WXC
BCN,GLC|WMS
BCS,BAN|BCS|BMO|BSW|MYB|SBJ
BCU,BCU|BHM|BMH|BSK|LYP|MAN|NEM|POO|SOU|WEY|WIN|WOK
BCV,CHN|ENF|LST
BCY,BAK|BDM|BTN|CAT|CBG|CYP|DLJ|ECR|EGR|EPS|HRH|PBO|SRH|SUO|TBD|WCY|XHZ|XSU
BCZ,BDM|BFR|BTN|COR|DBY|EGR|EPH|HNH|LUT|NOT|ORP|RAI|SAC|SHF|STP|SUO|TBD
BDA,BCC|CBG|GYM|LWT|NRW|SPO|XFD
BDB,GLO|HDF|MAN
BDC,ADS|BDC
BDD,KYL|UIG
BDF,BOD|PDT
BDG,CRS|CUB|DMR|GRS|LRH|MLN|MTH|WFF
BDH,BTN|FTN|GLD|HRH|LIT|NEM|PMH|PMS|SOU
BDI,BBN|BDI|BPN|HFX|HUL|KGX|LDS|RCD|YRK
BDK,BTN|CBG|ELY|KGX|KLN|RYS
BDL,LVC|SOP
BDM,BDM|BLY|BTN|COR|DBY|EGR|GTW|NOT|RAI|SHF|STP|TBD
BDN,RYP|RYR|SHN
BDQ,BDQ|ILK|KGX|LAN|LDS|SHY|SKI
BDS,ABX|HAF|HAY|HWV|MAI|PDX|RDG|SNF|WHX
BDT,BDT|HUL|SCA|SHF|YRK
BDW,BDW|EXD|FRO|NBY|NQY|NRC|PAD|PGN|PLY|PNZ|RDG|WSB
BDY,CLY|MAN|NMC|SHF
BEA,ABD|ARB|DBL|DEE|EDB|GLQ|INV|PTH
BEB,BKQ|CTR|ELP|XLV
BEC,BFR|DVP|FPK|KTN|LUT|ORP|SEV|WGC|WHP|XVJ
BEE,BHM|BMH|CDF|CLE|CRE|DBY|GCR|LCN|LEI|MAT|NOT|NRW|STP
BEF,FST|LES|SOC|SRY
BEG,GLM|PDW|SOO|TON
BEH,LMS|NUN
BEJ,ASL|NCL
BEL,ARD|DIN|IGD|INV|KYL|TAI|WCK
BEM,HUL|SCA|SHF|YRK
BEN,LAN|LDS|MCM|SKI
BEO,BEO|NTH|YST
BEP,LMS|NUN
BER,LMS|MYB|SAV|WOF
BES,MCO|MCV|SOP
BET,BIS|BTR|CBG|CET|CHI|CHN|CLT|CMB|COL|ELY|ENF|GDP|HFE|HPQ|HWC|IPS|LST|NRW|SMN|SNF|SOV|SSD|WTM
BEU,BMH|BSK|NEM|POO|WEY|WIN
BEV,BDT|BEV|HUL|KGX|SCA|SHF|YRK
BEX,AFK|BAK|BAL|BTN|EBN|HGS|HHE|ORE|PLG
BEY,BDQ|ILK|LDS
BFA,BFA|CRP
BFD,ASN|CHY|HOU|OXP|QRB|SFR|TWI|WOK|WYB
BFE,GSL|PLY
BFF,BFF|CFS|LLD|PTM
BFN,AHT|AON|BAL|BNS|BSK|EAD|GLD|NEM|PMH|QRB|SFR|SOU|WOK
BFR,BDM|BFR|BKJ|BTN|CBG|EGR|EPH|FPK|GLM|GTW|HNH|HRH|KTN|LUT|MDE|ORP|PBO|RAI|RTR|SAC|SEV|SUO|TBD|WGC|WHP
BGA,GYM|LWT|NRW
BGD,BGD|BGN|BYI|CDF|PEN|RHY
BGE,BPN|LIV|MCV|MIA|PRE|WGN
BGG,CLE|SHF
BGH,BDI|BGH|HBD|HFX|HUD|KGX|LDS
BGI,CRS|DMR|MTH|WFF
BGL,NQY|PAR
BGM,BFR|CBW|DVP|FKW|FPK|GLM|KTN|LUT|MDE|ORP|RTR|SEV|WGC|WHP|XVJ
BGN,BGN|BPW|CDF|CMN|EBB|FGH|MAN|MFH|MST|PAD|PMD|RHY|SWA
BGS,GLC|GRK
BGV,BGV|GPO
BHC,ADR|BHC|DMR|SPR
BHD,BGN|BYI|CDF|PEN|RHY
BHG,ADR|BHG|EDB|FTW|GRS|HLC|MLN
BHI,AYW|BHI|BHM|BMH|COV|CRE|CTR|EDB|EUS|GLC|HHD|INV|LIV|LLJ|MAN|MKC|NMP|RDG|RGL|SHR|SOU|WSL|WVH
BHK,ENF|LST
BHM,ABD|AYW|BHI|BHM|BMH|BMV|BRI|CBG|CDF|COV|CRE|CTR|EDB|EUS|FOK|GCR|GLC|GMV|HFD|HHD|KNN|LDS|LEI|LIC|LIF|LIV|LLJ|LOB|MAN|MKC|NCL|NMP|NOT|NWP|PGN|PLY|PNZ|RDC|RDG|RGL|SHR|SOU|SSD|WOF|WOS|WSL|WVH|YRK
BHO,BGV|GPO
BHR,LLE|SHR|SWA
BHS,HUD|SHF
BIA,BIA|SLB
BIB,BIB|SLO
BIC,LST|SMN|SOV
BID,BID|WKI|WRX|WXC
BIF,BIF|CKL|LAN|MIA|MLM|PRE
BIG,BAL|BOG|CCH|GTW|HRH|PMH|PMS|WSW|XSU
BIK,BIK|XSU
BIL,CAR|GTA|MBR|NCL|NNT|WTB
BIN,BSN|DBY|GRA|LIV|MAN|NOT|NRW|PBO|SHF|SKG
BIO,CRS|DMR|MTH|WFF
BIP,BTN|LWS|SEF
BIS,BIS|CBG|CMB|ELY|LST|SRA|SSD|TOM
BIT,BAN|HWY|MYB|OXF|STA|XFB
BIW,ABD|BDI|BDQ|BEV|DON|EDB|GLQ|HGT|HRH|HUL|INV|KGX|LCN|LDS|MBR|NCL|PBO|SKI|SUN|YRK
BIY,BDQ|CAR|LAN|LDS|MCM|RHD|SKI
BKA,EAD|GLD|RAY
BKC,BKQ|CTR|ELP|XLV
BKD,BHM|BSW|CDF|DDG|KID|LMS|SAV|WOF|WOS|WTE
BKG,BGV|BKG|FST|GPO|GRY|LAI|LES|PSE|SFO|SOC|SRY
BKH,CHX|CST|DFD|GLM|GRV|MDW|RAI|RTR|WHP|XVJ
BKJ,AFK|BFR|BKJ|CHX|DVP|FAV|GLM|ORP|RAM|TBW|XVJ
BKL,AFK|BFR|BKL|CHX|FPK|KTN|LUT|ORP|RAM|SEV|TBW|WGC|WHP|XVJ
BKM,BHM|BLY|EUS|MKC|NMP|TRI
BKN,NBN|WKI
BKO,AON|BSK|HOV|NEM|PMH|QRB|SOU|WOK
BKP,NBN|WKI
BKQ,BKQ|CTR|ELP|NBN|WKI|XLV
BKR,ADR|BHG|EDB|GRS|HLC|MLN
BKS,DVP|FAV|XVJ
BKT,BHM|BMV|LIC|LIF|LOB
BKW,BHM|BMH|COV|CRE|EDB|EUS|GLC|INV|LIV|MAN|MKC|NMP|RDG|SOU|WSL|WVH
BLA,DEE|EDB|EUS|GLQ|INV|KGX|KIN
BLB,LST|SMN|WIC
BLD,BDQ|ILK
BLE,HFX|HUL|LDS|RCD
BLG,ADR|BHC|BHG|EDB|FTW|GLQ|GRS|HLC|MLN|OBN|SPR
BLH,CRS|EDB|GLC|GRS|LNK|MTH
BLI,ASL|NCL
BLK,BIF|BPN|MIA
BLL,CAR|HPL|MBR|NCL
BLM,BAK|EPD|WCY
BLN,LVC|SOP
BLO,CAR|HEX|HPL|LGK|MBR|MPT|NCL|NNT|PRU
BLP,CLE|DBY|LCN|MAT|NOT|SHF|STP
BLS,TAU|XBV
BLT,CUB|DMR|GRS|LRH|MLN|MTH
BLU,STA|XFB
BLV,CLY|MAN|NMC|SHF
BLW,MSW|NOT|WRK
BLX,BHI|BHM|RGL|WVH
BLY,BDM|BHM|BLY|BPN|CRE|CTR|EDB|EUS|GLC|HAN|HHD|INV|LIV|MAN|MKC|NMP|PRE|STA|STG|WRX|WSL|WVH|XOA
BMB,BBN|BPN|CNE|PRE|YRK
BMC,BBN|CLH|MCV
BMD,BIS|CBG|CMB|ELY|HFE|LST|SRA|SSD|TOM
BME,LLE|SHR|SWA
BMF,DON|HUL|KGX|LDS|SCA|SHF|YRK
BMG,AFK|BFR|CHX|MDE|RAM|XVJ
BMH,BCU|BHM|BMH|BSK|MAN|NEM|POO|SOU|WEY|WIN|WOK
BML,MAC|MAN|SOT
BMN,BMN|GRP
BMO,BAN|BMO|BSW|DDG|KID|LMS|MYB|SAV|SBJ|WOF|WOS|WTE|XOH
BMP,CAR|HPL|MBR|NCL
BMR,BKQ|CTR|ELP|XLV
BMS,AFK|BFR|CBW|CHX|DVP|FAV|FKW|FPK|GLM|KTN|LUT|MDE|ORP|RAM|RTR|SEV|TBW|WGC|WHP|XVJ
BMT,AVN|BPW|BRI|CDF|CFN|EXD|PNZ|SVB|TAU|WSM
BMV,ABD|BHM|BMV|BRI|CDF|EDB|FOK|GCR|GLC|GMV|HFD|LDS|LIC|LIF|MAN|NCL|NOT|PGN|PLY|PNZ|SSD|WOF|WOS
BMY,BHM|BMH|BSK|MAN|NCL|RDG|SOU|STA|XFB
BNA,BIF|BPN|CLE|CRE|LIV|MAN|MIA|SCA|WML|YRK
BNC,CNE|PRE
BND,CBG|DBY|ELY|LIV|LWT|MAN|NRW|SHF|SPO|SSD
BNE,BNE|MAI|MLW
BNF,CDF|CMN|LLE|MFH|PMD|PTA|SWA
BNG,AYW|BHI|BHM|BNG|BYC|CDF|CEN|CRE|CTR|DOG|EUS|HHD|MIA|PGR|WBQ
BNH,CHX|CST|DFD|GRV|MDW|RAI|RTR|WHP|XVJ
BNI,ASN|HOU|QRB|TWI|WOK|WYB
BNL,BHC|GRS|MLN|SPR
BNM,ABX|GMV|MAI|OXF|PAD|PNZ|RDG|SLO|SWA|TAP
BNP,AXM|BNP|CMA|EXC|EXD|EXM|LCP|LLP|PGN
BNR,APN|CAR|CIC|GTA|HEX|HPL|MBR|MCE|NCL|NNT|REG|SGH|SHZ|SUN|WTB
BNS,AHT|ASN|BNS|EAD|HOU|KNG|OXP|QRB|RDZ|SHP|SNS|STW|TWI|WKM|WNR|WOK|WYB
BNT,CLY|MAN|NMC|SHF
BNV,FTW|GLQ|MLG
BNW,LVC|SOP
BNY,BNY|HUD|LCN|LDS|NOT|PNS|SHF|WKK
BOA,BNS|BRI|BTH|CDF|FRO|GCR|PAD|PMH|PMS|SAL|WEY|WMN|WSB
BOC,BIF|CKL|LAN|MLM|PRE|WKG
BOD,BHM|BOD|EDB|EXD|NQY|PAD|PDT|PLY|PNZ
BOE,BRI|BTN|ESL|HOV|LIT|NEM|PMH|SOU|WIN|WSB
BOG,BAA|BAL|BOG|BTN|LIT|WSW|XSU
BOH,BTN|HRH|LIT|PMH|PMS|SOU|WSW
BOM,BKQ|CTR|ELP|XLV
BON,BBN|BIF|BPN|CLH|EDB|GLC|MAN|MCO|MCV|MIA|OXN|SOP|WDM|WGN|WGW
BOP,CBG|ELY|FPK|GDH|HFN|KGX|LDS|LET|MOG|PBO|RYS|SVG|YRK
BOR,BHI|CDF|CRE|CTR|HHD
BOT,LVC|SOP
BOW,AYW|BHI|MCN|SHR
BPA,BTR|CET|CLT|COL|HPQ|HWC|IPS|LST|NRW|SNF|WTM|XFD
BPB,BPS|PRE
BPK,ABD|BTN|CBG|EDB|HRH|KGX|KLN|LDS|MOG|NCL|PBO|WGC
BPL,HNY|SGQ
BPN,BPN|CRE|LDS|LIV|MAN|MIA|YRK
BPS,BPS|PRE
BPT,GLC|GRK|WMS
BPW,ABD|BHM|BPW|BRI|CDF|CMN|EDB|EXD|FRO|GCR|GLC|GMV|LDS|MAN|NCL|PAD|PGN|PLY|PMS|PNZ|SLO|SSD|SWA|WEY|WOF|WOS|WSB
BRA,INV|WCK
BRC,EDB|GLC
BRE,CLT|COL|HWV|LST|PDX|SNF|SOV
BRF,CNE|PRE
BRG,AFK|BFR|CHX|FKW|GLM|MDE|RAM|XVJ
BRH,AYW|BHI|MCN|SHR
BRI,ABD|AVN|BHM|BPW|BRI|BTH|CDF|CFN|EDB|EXD|EXM|FIT|FRO|GCR|GLC|GMV|LDS|MAN|NCL|NQY|OXF|PAD|PGN|PLY|PMH|PMS|PNZ|SAL|SSD|SVB|SWA|TAU|WEY|WMN|WOF|WOS|WSB|WSM
BRK,BAL|BTN|EBN|HGS|HHE|ORE|PLG|WSW|XSU
BRL,AYR|GLC|KMK|STR
BRM,MCN|PWL
BRN,ADR|BHG|CUB|EDB|MLN|MTH|SPR
BRO,EDB|FTW|GLQ|MLG
BRP,HPQ|IPS|LWT|NRW
BRR,AYR|BRR|CAR|DMF|GIR|GLC|KMK
BRS,BMH|BRS|NEM|RAY|SOU|SUR
BRU,BRI|GCR|PAD|PNZ|SAL|WEY|WSB|YVJ|YVP
BRV,BHM|BMV|FOK|LIC|LIF|LOB|RDC
BRW,HNX|LVC|OMS|SDL
BRX,AFK|BTH|CBW|DFD|DVP|FAV|FKW|GLM|HOV|MDW|ORP|RAM|XVJ
BRY,BGD|BGN|BYI|CDF|CMN|CPH|MST|PAD|RHY|SWA|YSM
BSB,CRE|GMB|LCN|NCT|NOT
BSC,BHI|BHM|CRE|EUS|INV|LIV|RGL|SHR|WSL|WVH
BSD,AFK|CHX|RAM|XVJ
BSE,BSE|CBG|COL|HPQ|IPS|PBO
BSH,EUS|MKC|NMP|TRI
BSI,ARB|DEE|GLQ
BSJ,BDM|BLY
BSK,BHM|BMH|BSK|BTH|EXD|GIL|HOV|MAN|NCL|NEM|PMH|POO|QRB|RDG|SAL|SOU|STA|WEY|WOK|WSB|XFB|YVJ|YVP
BSL,FTW|GLQ|MLG
BSM,BCU|BMH|NEM|POO|SOU|WEY|WIN|WOK
BSN,BSN|NOT|SKG
BSO,FST|LES|SOC|SRY
BSP,IMW|KWG|SRA|WJH|WJL
BSR,AFK|CHX|CST|FAV|GLM|MAR|RAM|RTR|SPX|XVJ
BSS,AYR|GLC
BSU,EDB|TWB
BSV,BIF|BPN|MIA
BSW,BAN|BSW|DDG|KID|LMS|MYB|SAV|SBJ|WOF|WOS|WTE
BSY,IMW|KWG|SRA|WJH|WJL
BTB,CLE|GMB|LIV|MAT|NNG|NOT|SHF
BTD,LDS|SHF|YRK
BTE,PMH|PMS|SOU
BTF,BSN|LIV|NOT|PBO|SKG
BTG,ABD|BHM|BMV|BRI|CDF|EDB|FOK|GCR|GLC|GMV|HFD|LDS|LIC|LIF|MAN|NCL|NOT|PGN|PLY|PNZ|RDC|SSD|WOF|WOS
BTH,BNS|BRI|BTH|CDF|FIT|FRO|GCR|OXF|PAD|PMH|PMS|PNZ|SAL|SWA|TAU|WEY|WMN|WSB|WSM
BTL,BDI|DEW|HBD|HUD|HUL|LDS|MAN|NCL|YRK
BTN,BAK|BAL|BDM|BOG|BTN|CBG|CCH|EBN|HAV|HGS|LIT|LWS|NVH|ORE|PMH|PMS|SEF|SOU|WRH|WSW|WWO
BTO,GTW|RDG|RDH|RDZ
BTP,BTR|LST|SNF|WTM
BTR,BTR|LST|SNF|WTM
BTS,ABD|DEE|DON|EDB|GLT|HNT|KGX|KIN|LEV|PLY|PTH
BTT,MBR|NCL|WTB
BTY,AON|FNH|NEM|WOK
BUA,BUA|OKE
BUB,CNE|PRE
BUC,LWT|NRW
BUD,MIA|OXN|PRE|WDM
BUE,COL|MKT|SUY
BUG,BAK|BAL|BDM|BOG|BTN|CBG|HHE|LIT|WRH|WSW|XSU
BUH,BDT|BEV|DON|HFX|HUL|KGX|LDS|MAN|SBY|SCA|SHF|YRK
BUI,GLC|NTN
BUJ,CLE|CRE|GMB|LCN|MAT|NCT|NOT
BUK,LLE|SHR|SWA
BUL,BHM|BMV|LIC|LIF|LOB
BUO,BTN|HRH|NEM|PMH|PMS|SOU|WOK
BUS,EKL|GLC
BUT,ABD|BHM|BMH|BRI|CDF|EDB|GCR|GLC|LDS|NCL|NOT|PLY|PNZ|RDG|YRK
BUU,LST|SMN|WIC
BUW,BDQ|ILK|LDS
BUX,BUX|MAN
BUY,HGT|HRS|KNA|LDS|YRK
BVD,CHX|CST|DFD|GLM|LUT|RAI|XKE
BWB,BDM|BLY
BWD,CLE|DON|LIV|MAN|MCO|MIA|NCL|NOT|NRW|SHF|WAC
BWE,BWE|WSM
BWG,ADR|BHC|DMR|HLC|SPR
BWK,ABD|BHM|BRI|BWK|CDF|DON|EDB|GLC|GLQ|INV|KGX|NCL|PLY|PNZ|XAA
BWN,BHI|BHM|RGL|WVH
BWO,SAA|WFJ
BWR,BWR|CPG|MIM
BWS,LCN|LEI|NOT
BWT,ABD|BHM|BIB|BRI|CDF|EDB|EXD|EXM|GCR|GLC|LDS|MAN|NCL|NQY|PAD|PGN|PLY|PNZ|SLO|SVB|TAU
BXB,BIS|CBG|CMB|ELY|HFE|LST|SRA|SSD|TOM
BXD,UCK|XSU
BXH,CHX|CST|DFD|GRV|RAI|RTR|XVJ
BXS,AMS|BXS|SPX
BXW,BAK|BAL|DKG|EAD|HRH
BXX,HRH
BXY,BFR|CHX|CST|DFD|GLM|GRV
BYA,GYM|NRW
BYB,CRE|LCN|NOT
BYC,BFF|BNG|BYC|CEN|LLD
BYD,BGD|BGN|BYI|CDF|CPH|RHY|YSM
BYE,LLE|LLV|SHR|SWA
BYF,ABD|ARB|DEE|DON|EDB|GLQ|HNT|INR|INV|KGX|PLY|PTH
BYI,BGD|BYI|CDF|CPH|RHY|YSM
BYK,AWK|DON|LDS|SHF
BYL,ARB|DEE|GLQ
BYM,BBN|BPN|LDS|RCD|YRK
BYN,BPN|LIV|PRE|WGN
BYS,BIF|CKL|LAN|PRE
CAA,LMS|NUN
CAC,ADR|BHG|EDB|GRS|HLC|MLN
CAD,BGD|BGN|BYI|CDF|CMN|CPH|MST|PAD|RHY|SWA|YSM
CAE,PAQ|SHQ
CAG,CAG|EDB|EUS|GLQ|INV|KGX
CAK,BIF|CKL|LAN|MIA|MLM|PRE
CAM,ACT|AHT|FNH|QRB
CAN,ABD|ARB|DEE|DON|EDB|GLQ|HNT|INR|INV|KGX|PLY|PTH
CAO,BHI|BHM|RGL|WVH
CAP,BNG|BYC|CEN
CAR,CAR|CRE|DMF|EDB|EUS|GLC|HPL|LDS|LIV|MBR|MIA|NCL|STG|WTH
CAS,MCV|RCD
CAT,CAT|XSU
CAU,LOO|LSK
CAX,PAQ|SHQ
CAY,ADR|BHC|BHG|EDB|FTW|GRS|HLC|MLN
CBB,PNZ|SER|SIV
CBC,CUB|DMR|EUS|MLN|STG
CBD,ARD|DIN|IGD|INV|KYL|TAI|WCK
CBE,DVP|FAV|FKW|XVJ
CBG,BHM|BIS|BTN|CBG|CMB|ELY|HPQ|IPS|KGX|KLN|LST|LWT|NRW|SRA|SSD
CBH,CHI|CHN|ELY|ENF|HFE|LST|SSD
CBK,AXM|EXD|NEM|SAL|YVJ
CBL,CUB|DMR|EDB|GLC|GRS|LNK|LRH|MLN|MTH
CBN,BHM|EDB|EXD|NQY|PAD|PLY|PNZ
CBP,GFD|PAD|WEA
CBR,BAK|BAL|EBN|HGS|HHE|LWS|ORE|WSW|XSU
CBS,ADR|BHC|BHG|EDB|FTW|GRS|HLC|MLN
CBW,AFK|CBW|CHX|MAR|RAM|SPX|TON|XSI|XVJ
CBX,EDB|LEV
CBY,DID|EVE|GMV|HFD|OXF|PAD|WOF|WOP|WOS|WPH
CCC,MCN|PWL
CCH,BAL|BOG|BTN|CCH|GTW|HAV|HOV|HRH|LIT|PMH|PMS|SOU|WSW
CCT,GLC|NEI
CDB,CDB|CDF|CDQ|PPD
CDD,EDB|GLT|LEV|PTH
CDF,ABA|AGV|BGD|BGN|BHM|BPW|BRI|BYI|CDF|CMN|CNM|COY|CPH|CRE|CTR|EBB|EDB|EXD|FGH|FRO|GCR|HFD|HHD|MAN|MER|MFH|MST|NOT|PAD|PEN|PLY|PMD|PMH|PNZ|PPD|RHY|SWA|TAU|TRB|YSM
CDI,AXM|BNP|EXC|EXD|EXM|OKE|PGN
CDN,PUR|TAT
CDO,GLC|GRK|WMS
CDQ,ABA|BGD|BGN|BYI|CDB|CDF|CDQ|COY|CPH|MER|PEN|PPD|RHY|TRB|YSM
CDR,ADR|BHG|EDB|GLQ|HLC
CDS,BAK|BAL|BDM|BTN|HRH|PBO|REI|TBD|WSW
CDT,BHM|CDF|CNM|GCR|NOT|NWP
CDU,BRI|EXD|GCR|GMV|WOF|WOS
CDY,GLC|GRK
CEA,EDB|GLC
CED,BHM|EUS|MKC|NMP
CEF,BUX|MAN
CEH,BHM|CBG|GCR|LDS|LEI|NOT|SSD
CEL,BMH|CDF|CMN|CRE|EUS|FGH|MAN|MFH|PMD|SHR
CEN,BNG|CEN
CES,BTR|LST|SNF|WTM
CET,CET|COL|LST|WON
CEY,BDQ|CAR|LAN|LDS|SKI
CFB,CHX|HYS|LEW|NWX|TBW
CFC,CFC|SGE|WRM
CFD,GOO|HUL|KNO|LDS|MAN|MIA|NCL|SHF|WKK|YRK
CFF,GLC|NTN
CFH,BKG|FST|GRY|PSE|SFO|SOC|SRY
CFL,BDQ|CAR|LAN|LDS|SKI
CFN,AVN|BRI|CFN|SAL|SVB|WSM
CFO,AVP|AYS|MYB
CFR,ROM|SAL
CFS,AYW|BFF|BNG|CFS|DOG|PGR|PTM
CFT,BFR|DVP|FPK|GLM|KTN|LUT|ORP|SEV|WGC|WHP|XVJ
CGD,ADR|BHG|EDB|HLC
CGM,BDT|BEV|HUL|KGX|SCA|SHF|YRK
CGN,BGD|BGN|BYI|CDF|CPH|RHY|YSM
CGT,CGT|DAR
CGW,BID|WRX|WXC
CHC,ADR|BHC|BHG|EDB|FTW|GRS|HLC|MLN|SPR
CHD,ABD|BHM|BRI|CDF|DBY|EDB|GLC|LDS|LIV|MAN|NCL|NOT|NRW|PLY|PNZ|RDG|SHF|STP|YRK
CHE,BAK|BAL|DKG|EPS|HRH|XSU
CHF,ABD|BBN|BDT|BHM|BPN|BRI|CDF|DAR|EDB|GLC|HUL|LDS|LIV|LLD|MAN|MIA|NCL|PLY|PNZ|RCC|SCA|SHF|SLB|WKK|YRK
CHG,AFK|CHX|FKW|GLM|RAM|XVJ
CHH,BAL|BOG|CCH|GTW|HRH|PMH|PMS|WSW|XSU
CHI,CHI|LST
CHK,ASN|HOU|QRB|TWI|WOK|WYB
CHL,BAL|GTW|RDG|RDH|RDZ
CHM,BTR|CET|CLT|COL|HPQ|HWC|IPS|LST|NRW|SNF|STA|WTM|XFD
CHN,BIS|CBG|CHN|CMB|ELY|HFE|LST|SRA|SSD|TOM
CHO,DID|OXF|PAD|RDG|SWA
CHP,PUR|TAT
CHR,BCU|BMH|BSK|NEM|POO|SOU|WEY|WIN|WOK
CHT,CHT|NCL
CHU,ALD|BHM|BMH|BRI|CDF|CMN|CRE|EUS|FGH|MAC|MAN|MFH|PGN|PMD|RDG|SHR|SOT|SOU
CHW,FST|SOC|SRY
CHX,AFK|CBW|CHX|CST|DFD|DVP|GLM|GRV|HGS|HYS|MDE|ORP|RAM|SEV|TBW
CHY,ASN|BAL|BNS|CHY|QRB|SFR|SNS|WOK|WYB
CIC,APN|CIC|REG|SGH|SHZ
CIL,AFK|CBW|CHX|MAR|RAM|SPX|TON|XVJ
CIM,LLE|SHR|SWA
CIN,PAQ|SHQ
CIR,CMD|IMW|KWG|SRA|WJH|WJL
CIT,AFK|CBW|CHX|CST|DVP|HGS|MDE|ORP|RAM|SEV|TBW|TON
CKH,GLC|PCN
CKL,BIF|CKL|LAN|MLM|PRE|SEL|WKG|WTH
CKN,EXD|NEM|PAD|SAL|YVJ
CKS,EKL|GLC
CKT,GLC|PCN
CKY,CDF|EBB|MST|NWP
CLA,EAD|GLD|RAY
CLC,BRI|EXD|GCR|NQY|PAD|PGN|PLY|PNZ|SAL|WEY|WSB|YVJ|YVP
CLD,AFK|CHX|CST|HGS|SEV|TBW|TON
CLE,BAU|CLE|LIV|MAT|NNG|NOT|SHF
CLG,EAD|GLD|RAY
CLH,BBN|CLH|MCV
CLI,MCV|SOP
CLK,CHX|HYS|LEW|NWX
CLL,AFK|BAK|BAL|BTN|EBN|HGS|HHE|ORE|PLG
CLM,CLE|CRE|GMB|LCN|MAT|NNG|NOT|PBO|STP
CLN,BNY|HUD|LDS|PNS|SHF|WKK
CLO,OBN
CLP,BAK|DLJ|WWR|XHZ
CLR,CDF|CLR|CMN|FGH|MAN|MFH
CLS,CAR|DAR|LIV|MAN|NCL|YRK
CLT,CLT|COL|LST|WON
CLU,CRS|EDB|GLC|GRS|LNK|MTH
CLV,LMS|MYB|SAV|WOF
CLW,AVP|AYS|MYB
CLY,CLY|LIV|MAN|NOT|NRW|SHF
CMA,BNP|CMA
CMB,BHM|CBG|CMB|ELY|KGX|KLN|LST|LWT|NRW|SSD
CMD,CMD|IMW|KWG|SRA|WJH|WJL
CME,DID|EVE
CMF,CLE|DBY|LCN|MAT|NOT
CMH,ABA|CDF|MER
CML,CRS|DMR|GLC|LIV|MTH|WFF
CMN,AYW|BPW|CDF|CMN|FGH|MAN|MFH|PAD|PMD|SHR|SWA|TEN
CMO,ABD|DBL|DEE|EDB|EUS|FKG|GLQ|INV
CMR,NRW|SHM
CMS,BHM|BIS|BTN|CBG|CMB|ELY|KGX|KLN|LST|LWT|NRW|SRA|SSD
CMY,BRR|EKL|GLC|KMK
CNA,MLG
CNE,CNE|PRE
CNF,BIF|CKL|CNF|LAN|LDS|MCM|MIA|MLM|PRE|SKI
CNG,BHM|BMH|BRI|EUS|MAN|PGN|RDG|SOT|SOU
CNL,BHM|BMH|COV|EUS|INV|MAN|MKC|NMP|WSL|WVH
CNM,ABD|BHM|BRI|CDF|CNM|EDB|GCR|GLC|GMV|LDS|MAN|NCL|NOT|NWP|PAD|PGN|PLY|PNZ|SSD|SWI|WOF|WOS
CNN,CMD|IMW|KWG|SRA|WJH|WJL
CNO,BRI|GCR|WEY|WSB
CNP,NBN|WKI
CNR,CNR|EDB|FTW|GLQ|MLG|OBN
CNS,AWK|DON|SHF
CNW,CTR|HHD|MIA|WBQ
CNY,BCC|CBG|GYM|LWT|NRW|SPO|XFD
COA,ADR|BHC|BHG|EDB|FTW|GRS|HLC|MLN
COB,AFK|BAK|BAL|BTN|EBN|HGS|HHE|ORE|PLG
COC,COH
COE,LOO|LSK
COH,COH|UCK|XSU
COI,GLC|NEI|NTN
COL,CET|CLT|COL|HPQ|HWC|IPS|LST|NRW|PBO|WON|XFD
COM,MBR|NCL|WTB
CON,CNR|DAL|GLQ|OBN
COO,BNE|MAI|MLW
COP,AXM|BNP|EXC|EXD|EXM|PGN
COR,COR|DBY|KET|MMO|STP
COS,AYW|BHI|BHM|CTR|HHD|LLJ|MAN|SHR|STA
COT,BDI|DEW|HBD|HUD|HUL|LDS|MAN|NCL|YRK
COV,BHM|BMH|COV|CRE|EDB|EUS|GLC|INV|LIV|LMS|MAN|MKC|NMP|NUN|RDG|SOU|WSL|WVH
COW,COW|DEE|EDB|GLQ|GLT|LEV|PTH
COY,CDF|COY|PEN
CPA,FTW|GLQ|MLG
CPG,BWR|CPG
CPH,BGD|BGN|BYI|CDF|CPH|PEN|RHY|YSM
CPK,EUS|WFH
CPM,BRI|CNM|OXF|PAD|PNZ|SAL|SOU|SWA|SWI|TAU|WOF|WSB|WSM
CPN,BNP|EXC
CPT,CHI|LST
CPU,CTR|HOO|XLV
CPW,BHM|CDF|CNM|EDB|GCR|NOT|NWP
CPY,LAN|LDS|MCM|SKI
CRA,BSW|DDG|KID|LMS|SAV|SBJ|WOF|WOS|WTE
CRB,CAR|HEX|HPL|MBR|MPT|NCL|NNT
CRD,BHM|BMV|FOK|LIC|LIF|LOB|RDC
CRE,BHI|BHM|BMH|BPN|CDF|CMN|CRE|CTR|EDB|EUS|FGH|GLC|HHD|INV|LCN|LIV|MAN|MFH|NMP|NOT|PMD|PRE|RUG|SHR|STA|STG|WRX
CRF,EDB|GLC
CRG,ABD|BBN|BHM|BPN|BRI|CDF|DAR|EDB|GLC|HFX|HUL|LDS|LIV|MAN|NCL|PLY|PNZ|RCC|SBY|SCA|SLB|YRK
CRH,BGV|GPO
CRI,BDM|BFR|BTN|COR|DBY|EGR|EPH|GTW|HNH|LUT|NOT|ORP|RAI|SAC|SHF|STP|SUO|TBD
CRK,BHI|BHM|CDF|CTR|HHD|LIV|LLJ|MAN|SHR
CRL,BIF|BPN|EDB|GLC|MAN|MIA|OXN|WDM
CRM,CHT|MPT|NCL
CRN,GTW|RDG|RDH|RDZ|SFR
CRO,ABD|ALO|ARB|DEE|EDB|GLQ|INV|KGX|PTH|SBR|STG
CRP,AYR|BFA|CRP
CRR,EDB|FTW|GLQ|MLG
CRS,CRS|EDB|EUS|GLC|GRS|MTH
CRT,AFK|CBW|CHX|MAR|RAM|SPX|TON|XVJ
CRU,CRU|OBN
CRV,CDF|CMN|CRE|CTR|FGH|HHD|LLE|LLO|MAN|MFH|PMD|SHR|SWA
CRW,BAL|BDM|BOG|CCH|GTW|HRH|PBO|PMH|PMS|WSW|XSU
CRY,BFR|CHX|CST|DFD|GLM|GRV
CSA,BRI|BTN|CDF|ESL|FRM|HOV|HRH|LIT|NEM|PMH|PMS|SOU|WIN|WOK|WSB
CSB,BAK|EPD|EPS|SRS|SUO|WCY|XSU
CSD,EAD|GLD|RAY
CSG,HNX|LVC|OMS|SDL
CSH,BAK|BAL|BDM|DKG|EPS|HRH|SAC|SUO|XSU
CSK,GSL|PLY
CSL,BHI|BHM|SHR
CSM,MBR|NCL|WTB
CSN,CSS|EAD|RAY
CSO,OMS|PRE
CSR,LIV|MCO|WAC
CSS,CSS|EAD|RAY
CST,AFK|CST|DFD|DVP|GRV|HGS|ORP|RAM|RTR|TBW|TON
CSW,AFK|CHX|CST|FAV|GLM|RAM|RTR|SPX|XVJ
CSY,BHI|BHM|BMH|EUS|HHD|LIV|MAN|RGL|SHR|WSL|WVH
CTB,CTB|OBN
CTE,DMR|GRS|LRH|MLN
CTF,BFR|DVP|FPK|KTN|LUT|ORP|SEV|WGC|WHP|XVJ
CTH,CLT|COL|GDP|HAF|HWV|LST|PDX|SNF|SOV
CTK,BDM|BFR|BTN|CBG|EGR|EPH|FPK|GLM|GTW|HNH|HRH|KTN|LUT|ORP|PBO|RAI|SAC|SEV|SUO|TBD|WGC|WHP
CTL,LDS|YRK
CTM,BFR|CST|DFD|DVP|FAV|GLM|KTN|LUT|MAR|PDW|RAI|RAM|RTR|SPX|TON|WHP|XVJ
CTN,CHX|CST|DFD|GLM|KTN|LUT|RAI|WHP|XKE
CTO,CLE|CRE|GMB|LCN|MAT|NCT|NOT
CTR,BHI|BHM|CDF|CRE|CTR|EUS|HHD|HOO|LIV|LLD|LLJ|MAN|MIA|SHR|SPT|WBQ|WRX|XLV
CTT,CDF|CMN|CRE|CTR|FGH|HHD|LLE|LLO|MAN|MFH|PMD|SHR|SWA
CTW,CNE|PRE
CUA,INV|WCK
CUB,CUB|DMR|EUS|FKG|GLQ|MLN|STG
CUD,CTR|MAN|SPT
CUF,FPK|HFN|KGX|LET|MOG|SVG
CUH,EDB|GLC|MTH
CUL,LAR
CUM,BAN|DID|EVE|OXF
CUP,ABD|DEE|DON|EDB|GLQ|KGX|PLY
CUS,ABX|HAF|HAY|HWV|MAI|PDX|RDG
CUW,CDF|CMN|FGH|MAN|MFH
CUX,GLM|MDW|PDW|SOO|SPX|TON
CWB,BHI|BHM|CDF|CRE|CTR|EUS|HHD|LIV|LLD|LLJ|MIA|SHR|WBQ|XOA
CWC,COL|MKT|SUY
CWD,NOT|WRK
CWE,CLE|DON|LIV|SCU|SHF
CWH,FPK|HFN|KGX|LET|MOG|SVG
CWL,BHM|HFD|PAD|WOS
CWM,AGV|CDF|CMN|CRE|CTR|FGH|HFD|HHD|MAN|MFH|PMD
CWN,UCK|XSU
CWS,AYW|BHI|SHR
CWU,CHX|CST|HGS|TON
CWX,ABX|HAF|HAY|HWV|MAI|PDX|RDG
CYA,OBN
CYB,BID|WRX|WXC
CYK,BHC|CRS|CUB|DMR|EDB|GLQ|HLC|MTH|OBN|RUT|SPR|WFF
CYN,LLE|SHR|SWA
CYP,BAK|BIK|CYP|DLJ|NWD|SRH|WCY|XHZ|XSU
CYS,ABA|CDB|CDF|MER|PPD|TRB
CYT,BBN|BPN|CNE|PRE|YRK
DAG,DEE|EDB|GLT|LEV|PTH
DAK,CRS|CUB|DMR|GRS|LRH|MLN|MTH|WFF
DAL,CNR|DAL|GLQ|OBN
DAM,ABD|COW|EDB|GLT|LEV|PTH
DAN,LCN|LDS|NOT|RET|SHF|WRK
DAR,ABD|BHM|BIA|BRI|CAR|CDF|CGT|DAR|DON|EDB|GLC|GLQ|INV|KGX|LIV|MAN|MBR|NCL|PLY|PNZ|RDG|SHD|SLB|YRK
DAS,BHM|SHR
DAT,QRB|SNS|WNR
DBC,ADR|BHC|BHG|DMR|EDB|FTW|GLQ|HLC|OBN|SBR|SPR
DBD,HUD|SHF
DBE,ADR|BHC|BHG|DMR|EDB|HLC|SPR
DBG,ROM|SAL
DBL,ABD|ARB|DBL|DEE|EDB|EUS|GLQ|INV|KGX|PTH
DBR,FLX|IPS
DBY,ABD|BHM|BMH|BRI|CDF|CLE|CRE|DBY|EDB|EMA|GCR|GLC|LCN|LDS|MAT|NCL|NOT|PLY|PNZ|RDG|SHF|STP|YRK
DCG,INV|KYL
DCH,BMH|NEM|SOU|WEY|WOK
DCT,ABA|CDF|MER
DCW,BRI|GCR|WEY|WSB
DDG,BAN|BMO|BSW|DDG|LMS|MAN|MYB|NCL|RDG|SAV|SBJ|WOF|WOS|YRK
DDK,FST|GRY|LES|PSE|SOC
DDP,AYW|BHI|BHM|BMH|BRI|CRE|CTR|EDB|EUS|GLC|HHD|LIV|LLJ|MAN|PGN|RDG|RGL|SHR|SOU|WSL|WVH
DEA,AFK|CHX|FAV|RAM|SPX
DEB,DEB|PBO
DEE,ABD|ARB|DEE|DON|EDB|GLQ|INR|INV|KGX|PLY|PTH
DEN,BRI|CDF|PMH|PMS|ROM|SAL|SOU|WSB
DEP,CST|DFD|GLM|KTN|LUT|RAI|WHP|XKE
DEW,BDI|DAR|DEW|HBD|HUD|HUL|LDS|LIV|MAN|NCL|RCC|SLB|YRK
DFD,CHX|CST|DFD|GLM|GRV|KTN|LUT|MDW|RAI|RTR|WHP|XKE|XVJ
DFE,COW|DEE|EDB|GLQ|GLT|LEV|PTH
DFI,CLE|DBY|LCN|MAT|NOT
DFL,COW|DEE|EDB|GLT|LEV|PTH
DFP,DFP|HHD
DFR,GLC|WMS
DGC,AYS|BCS|GER|HWY|MYB
DGL,CDF|COY|CPH|PEN
DGS,DGS|LVS
DGT,BIF|BPN|CKL|CLE|CTR|DON|EDB|GLC|HHD|LAN|LIV|LLJ|MAN|MCO|MIA|NCL|NOT|NRW|OXN|SHF|SOP|WAC|WDM|WGN
DGY,BFF|BHM|CRE|LIV|LLD|LLJ
DHM,ABD|BHM|BRI|CAR|CDF|DAR|DON|EDB|GLC|GLQ|INV|KGX|LGK|LIV|MAN|NCL|PLY|PNZ|RDG|YRK
DHN,BGH|HFX|HUD|HUL|LDS|MAN|MIA|NCL|RCC|SCA|YRK
DID,BAN|BPW|BRI|CDF|CMN|CNM|DID|EVE|NCL|OXF|PAD|PNZ|RDG|SLO|SWA|TAU|WOF|WOS|WSM
DIG,BNP|CDF|EXD|EXM|PGN
DIN,ARD|DIN|IGD|INV|KYL|TAI|WCK
DIS,IPS|LST|NRW|XFD
DKD,EDB|EUS|GLQ|INV|KGX|KIN
DKG,BAK|BAL|DKG|EAD|HRH
DKT,BAL|GTW|RDG|RDH|RDZ
DLG,BFF|LLD
DLH,AFK|EBN|HGS
DLJ,BAK|CYP|DLJ|SQE|WCY|WWR|XHZ
DLK,CMD|IMW|KWG|SRA|WJH|WJL
DLM,CTR|MAN|SPT
DLR,ADR|BHC|BHG|DMR|EDB|FTW|GLQ|HLC|OBN|SBR|SPR
DLS,CAR|WTH
DLT,BIF|CKL|LAN|MIA|MLM|PRE
DLW,DEE|EDB|EUS|GLQ|INV|KGX|KIN
DLY,ADN|ADS|ASB|AYR|GLC|LAR
DMC,ADR|BHC|BHG|DMR|EDB|HLC|LRH
DMF,CAR|DMF|GLC
DMG,CDF|TRB
DMH,BRI|CDF|GCR|PMH|SAL|SOU|WMN|WSB
DMK,BAK|BFR|CBW|DFD|DLJ|DVP|FKW|FPK|GLM|GRV|KTN|LUT|MDE|MDW|ORP|RTR|SEV|WGC|WHP|WWR|XHZ|XVJ
DMP,AFK|CHX|CST|FAV|GLM|RAM|RTR|SPX|XVJ
DMR,ADR|BHC|BHG|CRS|CUB|DMR|EDB|FTW|GLQ|HLC|LRH|MTH|OBN|RUT|SPR|WFF
DMS,BAK|BAL|BDM|EGR|WHP|WSW|XSU
DMY,ADR|BHC|BHG|DMR|EDB|HLC|LRH
DND,BIA|CAR|DAR|MBR|NCL|SLB
DNG,AFK|CHX|CST|HGS|SEV|TBW
DNL,AYR|CAR|DMF|GIR|GLC|KMK
DNM,AYS|BAN|BCS|GER|HWY|MYB|OXF|PRR
DNO,INV|WCK
DNS,BGD|BGN|BYI|CDF|CPH|RHY|YSM
DNT,CAR|LDS
DNY,MBR|NCL|WTB
DOC,EXD|GSL|LSK|PAD|PLY|PNZ
DOD,HUD|PNS|SHF
DOG,AYW|BNG|CFS|DOG
DOL,LLE|SHR|SWA
DON,ABD|AWK|BDI|BDQ|BDT|BEV|BHM|CLE|DON|EDB|GLQ|GOO|HGT|HUL|INV|KGX|LCN|LDS|LIV|LLD|MBR|NCL|RDG|SCA|SCU|SHF|SKI|SUN|YRK
DOR,CLE|LIV|MAN|NOT|NRW|SHF
DOT,CAR|HEX|MBR|MCE|MPT|NCL|NNT|PRU
DOW,DOW|ELY|KGX|KLN
DPD,GTW|RDG|RDH|RDZ
DPS,DPS|HHD
DPT,EXD|GSL|LSK|PAD|PLY|PNZ
DRF,BDT|HUL|SCA|SHF|YRK
DRG,GFD|PAD|WEA
DRI,BIF|CKL|LAN|MLM|PRE|WKG
DRM,ABD|BHM|BRI|CDF|DON|DUN|EDB|GLC|GLQ|HYM|INV|KGX|NBW|NCL|PLY|PNZ
DRN,INV|KYL
DRO,LDS|LIV|NOT|NRW|SHF
DRT,LDS|SHF|WKK
DRU,ADR|BHG|EDB|GRS|HLC|MLN
DSL,BUX|MAN
DSM,HPQ|IPS|LWT|NRW
DST,BHC|GRS|MLN|SPR
DSY,HBL|MCV|SOP|WGN|WGW
DTG,GLO|HDF|MAN
DTW,BHM|BSW|CDF|DDG|GMV|HFD|LMS|SAV|WOF|WOS
DUD,BHM|BMV|FOK|LIC|LIF|LOB|RDC|RGL|WSL|WVH
DUL,CBG|HPQ|IPS
DUM,DUM|GLC|PCN
DUN,ABD|BHM|BRI|CDF|DON|DUN|EDB|GLC|GLQ|INV|KGX|NCL|PLY|PNZ
DUO,DUO
DUR,BAL|BOG|BTN|CCH|HHE|LIT|PMH|PMS|SOU|WSW|XSU
DUU,BWK|XAA
DVC,COL|HWC|LST|MNG
DVH,BUX|MAN
DVN,BUX|CLE|HAZ|LIV|MAN|SHF
DVP,AFK|CHX|CST|DVP|FAV|FKW|RAM|SPX|XVJ
DVY,AYW|BHI|MCN|PWL|SHR
DWD,BFF|LLD
DWL,ABD|BHM|BRI|CDF|EDB|EXD|EXM|GCR|GLC|LDS|MAN|NCL|NQY|PAD|PGN|PLY|PNZ
DWN,BBN|CLH|MCV
DWW,ABD|BHM|BRI|CDF|EDB|EXD|EXM|GCR|GLC|LDS|MAN|NCL|NQY|PAD|PGN|PLY|PNZ
DYC,ABD|DEE|EDB|HNT|INR|INV|MTS
DYF,MCN|PWL
DYP,FPK|GDH|HFN|LET|MOG|SVG|WGC
DZY,KID|SAV|WOS
EAD,BMH|CSS|DKG|EAD|GLD|HMC|QRB|SHP|SOU|STW|TWI|WOK
EAG,BIA|CAR|DAR|KGX|LDS|LLD|MAN|MBR|NCL|RCC|SLB|SUN|YRK
EAL,ABX|GFD|HAF|HAY|HWV|MAI|OXF|PAD|PNZ|RDG|SNF
EAR,ACT|BNS|GTW|OXP|QRB|RDG|RDH|RDZ|SFR|SNS
EAS,BWK|XAA
EBA,BPN|CRE|EUS|GLC|LIV
EBB,CDF|EBB|MST|NWP
EBF,AFK|DVP|FAV|MAR|MDW|RAM|SPX
EBK,BGD|BGN|BYI|CDF|CPH|RHY|YSM
EBL,APN|CIC|REG|SGH|SHZ|SUN
EBN,AFK|BAK|BAL|BTN|EBN|HGS|HHE|ORE|PLG|WSW|XSU
EBR,BAL|RDH|TON
EBT,COH|UCK|XSU
EBV,CDF|EBB|MST|NWP
ECC,CKL|CTR|GLC|HHD|LAN|LIV|LLJ|MAN|MCV|MIA|NCL|WDM|WGN
ECL,BPN|LIV|PRE|WGN
ECP,BGD|BYI|CDF|PEN|RHY|YSM
ECR,BAK|BAL|BDM|BOG|BTN|CAT|CBG|CCH|EBN|ECR|EGR|GTW|HGS|HRH|LIT|LUT|ORE|OXT|PBO|PMH|PMS|REI|TBD|UCK|WFJ|WHP|WRH|WSW|XSU
ECS,CBG|NRW|SSD
EDA,EDA|HYM|INK
EDB,ABD|ADR|BHG|BHM|BRI|CDF|COW|CRS|DBL|DEE|DON|DUN|EDB|EUS|FTW|GLC|GLQ|GLT|GRS|HLC|HNT|HYM|INV|KGX|KIN|LEV|MIA|MLN|MTH|NBW|NCL|PLY|PNZ|PTH|SBR|TWB|XCN
EDG,BHM|BPN|CLE|CRE|CTR|DON|EUS|GLC|LIV|LLD|MAN|MCO|MCV|MIA|NCL|NOT|NRW|OXN|PRE|SHF|WAC|WGN
EDL,CLE|DON|LIV|MAN|NOT|NRW|SHF
EDN,CHX|HYS|LEW|NWX
EDP,ABD|ADR|BHG|DBL|EDB|EUS|FTW|GRS|HLC|INV|MLN
EDR,CHN|ENF|LST
EDS,PGN
EDW,BIK|ECR|NWD|SRS|SUO|XSU
EDY,BIF|BPN|CLE|CRE|CTR|HHD|LIV|LLJ|MAN|MIA|SCA|WML|YRK
EFF,EAD|GLD|NEM|PMH|PMS|RAY
EFL,BAL|GLM|PDW|SOO|TON
EGF,BBN|BPN|EDB|HFX|HUL|LDS|MAN|NCL|RCC|SBY|SCA|YRK
EGG,AXM|BNP|EXC|EXD|EXM|PGN
EGH,AHT|ASN|QRB|RDZ|SNS|WKM|WOK|WYB
EGN,BDT|HUL|KGX|LDS|YRK
EGR,BAK|BAL|BDM|EGR|WHP|WSW|XSU
EGT,MBR|NCL|WTB
EGY,ABD|COW|DEE|EDB|GLT|LEV|PTH
EIG,MLG
EKB,EDB|TWB
EKL,EKL|GLC
ELD,BAK|BAL|BDM|BOG|BTN|CBG|CCH|EBN|GTW|HGS|HRH|LIT|LUT|ORE|PBO|PMH|PMS|RDG|RDH|RDZ|TBD|WRH|WSW|XSU
ELE,CHX|HYS|LEW|NWX
ELG,ABD|DEE|EDB|ELG|INV|KYL
ELO,LIV|NOT|PBO|SKG
ELP,BKQ|CTR|ELP|HSB|LIV
ELR,BNY|HUD|LDS|PNS|SHF|WKK
ELS,BDM|BFR|BTN|COR|DBY|EGR|EPH|HNH|LUT|NOT|ORP|RAI|SAC|SHF|STP|SUO|TBD
ELT,DUN|EDB|NCL
ELW,CHX|CST|DFD|GRV|MDW|RAI|RTR|WHP|XVJ
ELY,BHM|CBG|COL|DBY|DOW|ELY|IPS|KGX|KLN|LIV|LST|LWT|MAN|NRW|PBO|SHF|SSD
EMA,DBY|EMA
EMD,DBY|LCN|LEI|NOT|NRW|SHF|STP
EML,AFK|BFR|CHX|EML|MDE|RAM|XVJ
EMP,RMF|XUP
EMS,BAL|BOG|BTN|GTW|HAV|HOV|HRH|LIT|PMH|PMS|SOU|WSW
ENC,CBG|FPK|GDH|HFN|KGX|LDS|LET|MOG|PBO|RYS|SVG
ENF,ENF|LST
ENL,BIS|ELY|HFE|LST|SRA
ENT,BBN|CLH|MCV
EPD,BAK|EPD|SUO|WCY
EPH,BDM|BFR|BKJ|BTN|EPH|FPK|HNH|KTN|LUT|MDE|ORP|PBO|RTR|SAC|SEV|SUO|TBD|WGC|WHP
EPS,BAK|BAL|DKG|EAD|EPS|GLD|HRH|RAY|XSU
ERA,BKQ|CTR|ELP|XLV
ERB,COH
ERD,BHM|BMV|FOK|LIC|LIF|LOB|RDC
ERH,CHX|CST|DFD|GLM|LUT|RAI|XKE
ERI,UCK|XSU
ERL,CTR|HHD|LIV|LLJ|MAN|MCV|MIA|NCL|WGN
ESD,CHX|CST|HGS|ORP|SEV|TBW
ESH,AHT|AON|BMH|BSK|EAD|GLD|NEM|QRB|SOU|WOK
ESL,BHM|BMH|BRI|BSK|BTN|ESL|LIT|MAN|NCL|NEM|PMH|POO|ROM|SAL|SOU|WEY|WIN|WOK|WSB
ESM,BIS|CBG|CMB|ELY|LST
EST,ADR|BHC|BHG|EDB|FTW|GRS|HLC|MLN
ESW,BSE|CBG|HPQ|IPS|PBO
ETC,CHX|CST|HGS|TON
ETL,BKG|FST|LES|PSE|SFO|SOC|SRY
EUS,BHM|BLY|BPN|CRE|CTR|EDB|EUS|GLC|HHD|INV|LIV|MAN|MKC|NMP|PRE|SAA|STG|TRI|WFH|WJL|WRX|WSL|WVH
EVE,DID|EVE|GMV|HFD|OXF|PAD|WOF|WOP|WOS|WPH
EWD,BSW|KID|SAV|WOS
EWE,BAK|BAL|DKG|EPS|HRH|XSU
EWR,BAL|BOG|BTN|CCH|HAV|LIT|PMH|PMS|SOU|WRH|WSW|WWO
EWW,DKG|EAD|GLD|RAY
EXC,AXM|BNP|CDF|EXC|EXD|EXM|NEM|OKE|PAD|PGN|SAL|YVJ
EXD,ABD|AXM|BHM|BNP|BRI|CDF|EDB|EXC|EXD|EXM|GCR|GLC|LDS|MAN|NCL|NEM|NQY|OKE|PAD|PGN|PLY|PNZ|SAL|YVJ
EXG,CRS|CUB|DMR|GRS|LRH|MLN|MTH|RUT|WFF
EXM,BNP|CDF|EXD|EXM|PGN
EXN,BNP|CDF|EXD|EXM|PGN
EXR,FPK|GDH|HFN|LET|MOG|SVG|WGC
EXT,BRI|CDF|EXD|EXM|PAD|PGN|PNZ
EYN,BFR|CHX|FPK|SEV|WGC|XVJ
FAL,FAL|PAR|TRU
FAV,AFK|CBW|CHX|CST|DVP|FAV|FKW|GLM|MAR|RAM|RTR|SPX|XVJ
FAZ,HBL|LVC
FBY,LVC|SOP
FCN,CHX|CST|DFD|GRV|RAI|RTR|XVJ
FDX,ABX|HAF|HAY|HWV|MAI|PDX|RDG|SNF|WHX
FEA,KNO|LDS|WKF
FEG,APN|CIC|REG|SGH|SHZ|SUN
FEL,AHT|ASN|BNS|CHY|OXP|QRB|RDZ|SFR|SNS|WKM|WNR|WOK|WYB
FEN,BDM|BLY
FER,ABA|CDF|MER
FFA,LLE|LLV|SHR|SWA
FFD,BRI|CDF|FRO|GCR|PMH|PMS|SAL|WEY|WMN|WSB
FGH,CDF|CLR|CMN|FGH|MAN|RSB
FGT,BDM|HRH|PBO|PMH|WSW
FGW,CDF|CLR|CMN|FGH|MAN
FIL,HUL|SCA|SHF|YRK
FIN,DID|EVE
FIT,ABD|BHM|BIB|BPW|BRI|CDF|EDB|EXD|FIT|FRO|GCR|GLC|GMV|LDS|MAN|NCL|PAD|PGN|PLY|PMH|PMS|PNZ|SLO|SSD|SWA|TAU|WEY|WOF|WOS|WSB
FIZ,PAQ|SHQ
FKC,AFK|CHX|CST|DVP|FKE|FKW|RAM|SPX|XVJ
FKE,AFK|CHX|CST|DVP|FKE|FKW|RAM|SPX|XVJ
FKG,ABD|DBL|DEE|EDB|EUS|FKG|GLQ|INV|KGX
FKK,EDB|GLQ|KGX|SBR
FKW,AFK|CHX|CST|DVP|FKE|FKW|RAM|SPX|XVJ
FLD,EDB|GLC
FLE,BMH|BSK|BTH|NEM|PMH|QRB|SAL|SOU|WEY|WOK
FLF,GLO|HDF|MAN
FLI,LIV|MCO|WAC
FLM,CAR|SEL|WTH
FLN,BHI|BHM|CDF|CRE|CTR|EUS|HHD|LIV|LLD|LLJ|MIA|SHR|WBQ|XOA
FLT,BDM|BTN|COR|DBY|EGR|GTW|NOT|RAI|SHF|STP|TBD
FLW,EAD|QRB|RAY|SHP
FLX,FLX|IPS
FML,ACT|AHT|FNH|QRB
FMR,BTN|EBN|HGS|LWS|NVH|ORE|SEF
FMT,FAL|PAR|TRU
FNB,BMH|BNS|BSK|BTH|EXD|GIL|HOV|NEM|PMH|POO|QRB|SAL|SOU|WEY|WOK|WSB|YVJ|YVP
FNC,FRM|GLD|HSL|NEM|PMH|PMS|PTR|SOU|WOK
FNH,AON|FNH|GLD|NEM|QRB|WOK
FNN,GTW|RDG|RDH|RDZ|SFR
FNR,CST|DVP|GLM|RAM|XVJ
FNT,AXM|EXD|NEM|PAD|SAL|YVJ
FNV,BUX|MAN
FNW,BBN|CLH|MCV|SOP|WGN|WGW
FNY,IMW|KWG|SRA|WJH|WJL
FOC,CNR|GLQ|OBN
FOD,BAL|BOG|BTN|CCH|GTW|HAV|HOV|HRH|LIT|PMH|PMS|SOU|WSW|XSU
FOG,COL|GDP|HAF|HWV|LST|PDX|SNF
FOH,BAK|BDM|BTN|CAT|CBG|CYP|DLJ|ECR|EGR|EPS|HRH|PBO|SRH|SUO|TBD|WCY|XHZ|XSU
FOK,BHM|BMV|FOK|LIC|LIF|LOB|RDC
FOR,ABD|DEE|EDB|ELG|INV|KYL
FOX,BIF|CKL|LAN|MIA|MLM|PRE
FPK,ABD|BDI|BDQ|BEV|BTN|CBG|DON|EDB|ELY|FPK|GDH|GLQ|HFN|HGT|HRH|HUL|INV|KGX|KLN|LCN|LDS|LET|MBR|MOG|NCL|PBO|RYS|SEV|SKI|SUN|SVG|WGC|XFD|YRK
FRB,MCN|PWL
FRD,CTR|HHD|LIV|LLD|LLJ|MAN|MIA|WBQ
FRE,LVC|SOP
FRF,MAN|RSH
FRI,CLT|COL|LST|TLS|WON
FRL,GLC|LAR
FRM,BRI|BTN|CDF|ESL|FRM|HOV|HRH|LIT|NEM|PMH|PMS|SOU|WIN|WOK|WSB
FRN,ARD|INV|TAI|WCK
FRO,BRI|CDF|FRO|GCR|PAD|SAL|WEY|WSB|YVJ|YVP
FRS,INV|WCK
FRT,CHX|CST|HGS|TON
FRW,ABA|CDF|MER
FRY,BDT|DON|HUL|KGX|LDS|SCA|SHF|YRK
FSB,BTN|HRH|LIT|PMH|PMS|SOU|WSW
FSG,BOG|BTN|CCH|HAV|LIT|PMH|PMS|SOU|WRH|WSW|WWO
FSK,CLE|CRE|GMB|LCN|MAT|NCT|NOT|STP
FST,FST|GRY|LAI|LES|PSE|SFO|SOC|SRY
FTM,GLC|GRK
FTN,BOG|BRI|BTN|CDF|ESL|FTN|GLD|GTW|HRH|LIT|NEM|PMH|PMS|SOU|WIN|WSB
FTW,EDB|FTW|GLQ|MLG
FWY,BHM|BMV|BRI|CDF|EDB|FOK|GCR|GLC|GMV|HFD|LDS|LIC|LIF|LOB|MAN|NCL|NOT|PLY|PNZ|RDC|SSD|WOF|WOS
FXN,BTN|CBG|ELY|KGX|KLN
FYS,BPW|CDF|CMN|FGH|MAN|MFH|PAD|PMD|SHR
FZH,BDQ|ILK|LAN|LDS|SHY|SKI
FZP,BNE|MAI|MLW
FZW,DON|LDS|SHF
GAL,EDB|TWB
GAR,ADR|BHC|BHG|EDB|FTW|GRS|HLC|MLN
GBD,BDT|BEV|DON|HFX|HUL|KGX|LDS|MAN|SBY|SCA|SHF|YRK
GBG,EDB|TWB
GBK,CTR|MAN|SPT
GBL,DON|LCN|LDS|SHF
GBS,BAL|BOG|BTN|CCH|HHE|LIT|PMH|PMS|SOU|WSW|XSU
GCH,EDB|FTW|GLQ|OBN
GCL,CRS|CUB|DMR|GRS|LRH|MLN|MTH|RUT|WFF
GCR,BHM|BRI|CDF|CNM|EDB|EXD|FRO|GCR|GMV|NOT|NWP|PAD|PLY|SAL|SOU|SSD|SWI|WEY|WOF|WOS|WSB
GCT,BAU|CLE|GMB|LIV|NNG
GCW,BFF|LLD
GDH,CBG|ELY|FPK|GDH|HFN|KGX|LDS|LET|MOG|PBO|RYS|SVG|YRK
GDL,GLO|HDF|MAN
GDN,BAL|RDH|TON
GDP,BTR|CET|CLT|COL|GDP|HAF|HPQ|HWC|HWV|IPS|LST|NRW|PDX|SMN|SNF|SOV|STA|WTM|XFD
GEA,CAR|DMF|GLC
GER,AYS|BAN|BCS|BMO|BSW|GER|HWY|MYB|OXF|PRR|SBJ
GFD,GFD|PAD|WEA
GFF,BGD|BYI|CDF|PEN|RHY
GFN,EKL|GLC
GGJ,INV|WCK
GGV,CAR|LAN|LDS|MCM|RHD|SKI|YRK
GIG,LAN|LDS|MCM|SKI
GIL,EXD|GIL|NEM|SAL|WSB|YVJ|YVP
GIP,BAK|BIK|NWD|SRH|WCY|XSU
GIR,AYR|GIR|GLC|KMK|STR
GKC,GLC|GRK
GKW,GLC|GRK
GLC,ADN|ADS|ASB|AYR|BRR|CAR|CRE|DMF|DUM|EDB|EKL|EUS|GIR|GLC|GRK|KMK|LAR|LIV|LNK|MIA|MTH|NEI|NTN|PCN|PLY|WMS
GLD,BAL|EAD|FNH|FRM|GLD|GTW|HSL|HWX|NEM|PMH|PMS|PTR|QRB|RAY|RDG|RDH|RDZ|SFR|SOU|WOK
GLE,ABD|ARB|DEE|EDB|EUS|GLQ|INV|KGX|PTH
GLF,FTW|GLQ|MLG
GLG,ADN|ADS|ASB|AYR|GLC|LAR
GLH,GOO|KNO|LDS
GLM,BFR|CBW|CST|DFD|DVP|FAV|FKW|GLM|KTN|LUT|MAR|PDW|RAI|RAM|RTR|SPX|SSS|TON|WHP|XVJ
GLO,GLO|HDF|MAN
GLQ,ABD|ALO|ANL|ARB|CUB|DEE|EDB|FKG|GLQ|INV|KGX|OBN|PTH|STG
GLS,MBR|NCL|WTB
GLT,DEE|EDB|GLQ|GLT|LEV|PTH
GLY,BAL|BTN|EBN|HGS|HHE|ORE|WSW|XSU
GLZ,LIV|MCO|WAC
GMB,BAU|CLE|GMB|LIV|MAT|NNG|NOT|SHF
GMD,BAU|CLE|LIV|MAT|NNG|NOT
GMG,EBB|MST
GMN,AVP|AYS|MYB
GMT,MBR|NCL|WTB
GMV,BHM|BRI|GMV|HFD|PAD|WOS
GMY,COL|GDP|HAF|HWV|LST|PDX|SNF|SOV
GNB,CLE|SHF
GNF,DAR|HUD|HUL|LIV|MAN|MIA|NCL|RCC|SCA|SHF|SLB|WKK|YRK
GNH,CHX|CST|DFD|GLM|GRV|KTN|LUT|RAI|RTR|WHP|XVJ
GNL,BKQ|CTR|ELP|XLV
GNR,BIF|CKL|LAN|MIA|MLM|PRE
GNT,NRW|SHM
GNW,CST|DFD|GLM|KTN|LUT|RAI|WHP|XKE
GOB,BHI|BHM|CDF|CTR|GOB|HHD|LIV|LLJ|MAN|SHR
GOD,FRM|GLD|HSL|NEM|PMH|PMS|PTR|SOU|WOK
GOE,LDS|SHF|YRK
GOF,ARB|DEE|GLQ
GOL,INV|WCK
GOM,BAL|GTW|RDG|RDH|RDZ
GOO,BDT|DON|GOO|HUL|LDS|SCA|SHF
GOR,BAN|BHM|BMH|BNS|BPW|BRI|CDF|CMN|CNM|DID|GMV|HFD|MAN|NCL|OXF|OXP|PAD|PNZ|RDG|SLO|SOU|STA|SWA|TAU|WOF|WOS|WPH|WSM|XFB|YRK
GOS,BIF|CKL|LAN|MIA|MLM|PRE
GOX,BAU|CLE
GPK,CBG|FPK|GDH|HFN|KGX|LDS|LET|MOG|PBO|RYS|SVG
GPO,BGV|GPO|IMW|KWG|SRA|WJH|WJL
GQL,ADR|BHC|BHG|EDB|FTW|GLQ|GRS|HLC|MLN|OBN|SPR
GRA,ABD|BDI|BDQ|BEV|BSN|DBY|DON|EDB|GLQ|GRA|HGT|HUL|INV|KGX|LCN|LDS|LIV|MAN|MBR|NCL|NOT|NRW|PBO|SHF|SKG|SKI|SUN|YRK
GRB,CLT|COL|LST|WON
GRC,BIS|CBG|CMB|ELY|LST
GRF,BBN|BPN|HFX|HUL|LDS|RCC|SBY|YRK
GRH,CUB|FKG|GLQ
GRK,GLC|GRK
GRL,CUB|DMR|EUS|FKG|GLQ|MLN|STG
GRN,CLE|DON|LIV|MAN|NOT|NRW|SHF
GRP,AFK|BMN|CBW|CHX|CST|DVP|GRP|HGS|MDE|ORP|RAM|SEV|TBW|TON
GRS,BHC|CRS|CUB|DMR|EDB|GLQ|GRS|HLC|MTH|OBN|RUT|SPR|WFF
GRT,BNS|BTH|EXD|GIL|NEM|RDG|SAL|WSB|YVJ|YVP
GRV,CHX|CST|DFD|FAV|GLM|GRV|KTN|LUT|MAR|MDW|RAI|RAM|RTR|SPX|WHP|XVJ
GRY,BKG|FST|GRY|LES|PSE|SFO|SOC|SRY
GSC,ANL|GLQ
GSD,CAR|LDS
GSL,GSL|PLY
GSN,SAA|WFJ
GST,MCO|MCV|SOP|WGW
GSW,BPN|LIV|PRE|WGN
GSY,BDQ|ILK|LDS
GTA,GTA|MBR|NCL|WTB
GTH,LLE|SHR|SWA
GTN,BGD|BGN|BYI|CDF|COY|CPH|PEN|RHY|YSM
GTO,GLO|HDF|HUL|MAN|MIA|NCL|RCC|RSH|SCA|YRK
GTR,BMH|CRE|EUS|FGH|MAN
GTW,BAK|BAL|BDM|BOG|BTN|CBG|CCH|EBN|GTW|HGS|HRH|LIT|LUT|ORE|PBO|PMH|PMS|RDG|RDH|RDZ|TBD|WRH|WSW|XSU
GTY,BIF|BPN|CKL|CLE|CRE|LIV|MAN|MIA|SCA|WDM|WML|YRK
GUI,DAR|GLO|HDF|HUL|LIV|MAN|MIA|NCL|RCC|RSH|SCA|SHF|SLB|WKK|YRK
GUN,KWG|SRA|WJH|ZDE|ZHA|ZHS|ZKB|ZTH|ZUM
GVE,INV|KYL
GVH,BHM|BMV|FOK|LIC|LIF|LOB|RDC
GWE,BID|WRX|WXC
GWN,CDF|CMN|FGH|LLE|MAN|MFH|PMD|PTA|SHR|SWA
GYM,GYM|NRW
GYP,GTA|MBR|NCL|NNT|WTB
HAB,BAU|CLE|GMB|LIV|MAT|NNG|NOT|SHF
HAC,BIS|CBG|CHI|CHN|CMB|ELY|ENF|HFE|LST|SSD
HAD,BCC|CBG|LWT|NRW
HAF,ABX|HAF|PAD|SNF
HAG,BSW|DDG|KID|LMS|SAV|WOF|WOS|WTE
HAI,GLM|MDW|PDW|SOO|TON
HAL,CTR|MAN|SPT
HAM,BMH|NEM|SOU|WEY|WOK
HAN,ABX|GMV|HAF|HAN|HAY|HWV|OXF|PAD|PNZ|RDG|SNF|SWA
HAP,BTR|CET|CLT|COL|HPQ|IPS|LST|WTM
HAR,SGE|WRM
HAS,HPQ|IPS|LWT|NRW
HAT,AAP|ABD|BTN|CBG|EDB|FPK|HRH|KGX|KLN|LDS|LET|MOG|NCL|PBO|RYS|SEV|SVG|WGC
HAV,BAL|BOG|BTN|FRM|FTN|GLD|GTW|HAV|HOV|HRH|LIT|NEM|PMH|PMS|SOU|WOK|WSW
HAY,ABX|GMV|HAF|HAY|HWV|MAI|OXF|PAD|PNZ|RDG|SNF|SWA
HAZ,BUX|CLE|DON|HAZ|LIV|MAN|NOT|NRW|SHF
HBB,BSN|NOT|SKG
HBD,BBN|BDI|BPN|HBD|LDS|RCD|YRK
HBF,COH
HBL,HBL|LVC|MCV
HBN,AFK|CHX|RAM|XVJ
HBP,HGT|KNA|LDS|YRK
HBY,BHM|BSW|CDF|DDG|LMS|SAV|WOF|WOS
HCB,BAK|BAL|BDM|DKG|EPS|HRH|SAC|SUO|XSU
HCH,BMH|CRE|EUS|FGH|MAN
HCN,AFK|CBW|CHX|CST|DVP|RAM|TON|XVJ
HCT,CNE|PRE
HDB,CAR|HPL|LGK|MBR|NCL
HDE,ESL|NEM|PMH|WIN
HDF,GLO|HDF|MAN
HDG,BIF|BMH|BPN|CKL|CLE|CRE|CTR|EDB|EUS|GLC|HHD|LAN|LIV|LLJ|MAN|MIA|OXN|SCA|SHF|WDM|WML|YRK
HDH,IMW|KWG|SRA|WJH|WJL
HDL,EUS|WFH
HDM,BAN|BCS|BMO|BSW|HWY|MYB|OXF|SBJ
HDN,EUS|KNT|QPW|SBP|WFH|WMB|ZEL
HDW,ABD|BTN|CBG|EDB|HRH|KGX|KLN|LDS|MOG|NCL|PBO|WGC
HDY,HGT|HRS|KNA|LDS|YRK
HEC,BSN|NOT|SKG
HED,LIV|MAN|WAC
HEH,SGE|WRM
HEI,BIA|SHD|SLB
HEL,GOO|LDS
HEN,BDM|BFR|BTN|COR|DBY|EGR|EPH|GTW|HNH|LUT|NOT|ORP|RAI|SAC|SHF|STP|SUO|TBD
HER,AHT|BMH|EAD|GLD|NEM|QRB|SOU|WOK
HES,BDT|DON|HUL|KGX|LDS|SCA|SHF|YRK
HEV,UCK|XSU
HEW,CAR|GTA|HPL|MBR|NCL|NNT|WTB
HEX,CAR|HEX|HPL|LGK|MBR|MPT|NCL|NNT
HEZ,APN|CIC|REG|SGH|SHZ|SUN
HFD,BHM|BIB|CDF|CMN|CRE|CTR|FGH|HFD|HHD|MAN|MFH|PAD|PMD|WOS
HFE,HFE|LST|SRA
HFN,CBG|ELY|FPK|HFN|KGX|LDS|LET|MOG|PBO|RYS|SVG|YRK
HFS,BDT|CLE|DON|GOO|HUL|LIV|SCA|SCU|SHF
HFX,BBN|BDI|BPN|HFX|HUD|HUL|KGX|LDS|RCD|YRK
HGD,BDW|EXD|FRO|NBY|NRC|PAD|PLY|PNZ|RDG|WSB
HGF,HBL|MCV|SOP|WGN|WGW
HGG,BAK|CYP|DLJ|SQE|WCY|WWR|XHZ
HGM,CHX|CST|DFD|GLM|KTN|LUT|RAI|RTR|SPX|WHP
HGN,CLE|DON|LIV|MAN|MCO|MIA|NCL|NOT|NRW|SHF|WAC
HGR,AFK|BFR|CBW|CHX|CST|DFD|DVP|GLM|GRV|HGS|MDE|ORP|RAM|SEV|TBW|TON
HGS,AFK|BAK|BAL|BTN|CHX|CST|EBN|HGS|HHE|ORE|PLG|TON
HGT,HGT|KGX|KNA|LDS|YRK
HGY,BTN|CBG|GDH|HFN|HRH|KGX|LET|MOG|PBO|RYS|SEV|SVG|WGC|XFD
HHB,HHB|LAN
HHD,BHI|BHM|CDF|CRE|CTR|DFP|DPS|EUS|HHD|MIA|WBQ
HHE,BAK|BAL|BDM|BOG|BTN|CBG|EBN|HGS|HHE|LIT|LWS|ORE|PMP|WRH|WSW|XSU
HHL,BGD|BGN|BYI|CDF|CPH|PEN|RHY|YSM
HHY,FPK|GDH|HFN|LET|MOG|SVG|WGC
HIA,BHM|BMH|COV|EUS|INV|MAN|MKC|NMP|WSL|WVH
HIB,CHX|CST|HGS|TBW|TON
HID,BBN|CLH|MCV
HIG,BRI|CDF|EXD|EXM|NQY|PAD|PLY|PNZ|SVB|TAU
HII,CMD|IMW|KWG|SRA|WJH|WJL
HIL,LVC|SOP
HIN,HBL|MCO|MCV|SOP|WGN|WGW
HIP,CHI|LST
HIR,CAR|LDS|RHD
HIT,ABD|BDI|BDQ|BEV|BTN|CBG|DON|EDB|ELY|GLQ|HGT|HRH|HUL|INV|KGX|KLN|LCN|LDS|LET|MBR|NCL|PBO|RYS|SKI|SUN|YRK
HKC,CMD|IMW|KWG|SRA|WJH|WJL
HKH,GLC|PCN
HKM,CLE|CRE|GMB|LCN|MAT|NNG|NOT|PBO|STP
HKN,MSW|NOT|WRK
HKW,CMD|IMW|KWG|SRA|WJH|WJL
HLB,AFK|CHX|CST|DVP|HGS|RAM|TBW
HLC,ADR|BHG|EDB|HLC
HLD,CAR|LAN|LDS|MCM|RHD|SKI|YRK
HLE,AYR|GLC|GRK|WMS
HLF,ADR|BHG|CUB|EDB|MLN|MTH|SPR
HLG,BSW|KID|SAV|WOS|WTE
HLI,BAU|CLE|GMB|LIV|NNG
HLL,CDF|COY|PEN
HLM,BAK|HRH
HLN,BDM|BTN|COR|DBY|EGR|GTW|NOT|RAI|SHF|STP|TBD
HLR,LVC|SOP
HLS,BTN|ESL|FTN|GLD|GTW|HRH|LIT|NEM|PMH|PMS|SOU|WIN
HLU,EDB|FTW|GLQ|OBN
HLW,AYR|GLC|GRK|WMS
HLY,EDB|GLC|GRS
HMC,EAD|HMC|RAY
HMD,AFK|BAK|BAL|BTN|EBN|HGS|HHE|ORE|PLG|WSW|XSU
HME,BRI|CDF|PMH|PMS|SOU
HML,BHM|BLY|EUS|MKC|NMP|TRI
HMM,LDS|YRK
HMN,CMD|IMW|KWG|SRA|WJH|WJL
HMP,EAD|QRB|RAY|SHP
HMS,INV|WCK
HMT,AFK|EBN|HGS
HMW,EAD|KNG|QRB|RAY|SHP|STW|TWI
HMY,EKL|GLC
HNA,BCU|BMH|BSK|NEM|POO|SOU|WEY|WIN|WOK
HNB,AFK|CBW|CHX|CST|FAV|GLM|MAR|RAM|RTR|SPX|XVJ
HNC,CUB|DMR|GRS|HNW|LRH|MLN|MTH|XCN
HND,DID|EVE|GMV|HFD|OXF|PAD|WOF|WOP|WOS|WPH
HNF,BHI|BHM|RGL|WVH
HNG,BGD|BGN|BYI|CDF|PEN|RHY
HNH,AFK|BDM|BFR|BKJ|BTH|BTN|DVP|FAV|GLM|HNH|HOV|ORP|PBO|RAM|SAC|SUO|TBD|XVJ
HNK,BHM|CBG|GCR|LEI|NOT|SSD
HNL,BMO|BSW|KID|SAV|WOS
HNT,ABD|DEE|EDB|HNT|INV
HNW,CUB|DMR|GRS|HNW|LRH|MLN|MTH|XCN
HNX,CLE|DON|HNX|LIV|LVC|MAN|MCO|MIA|NCL|NOT|NRW|OMS|SDL|SHF|WAC
HNY,HNY|SGQ
HOC,LST|SOV
HOH,AVP|AYS|MYB
HOK,BMH|BSK|NEM|PMH|QRB|SOU|WOK
HOL,NEM|SOU|WEY
HON,AXM|EXD|NEM|PAD|SAL|YVJ
HOO,BKQ|CTR|ELP|HOO|XLV
HOP,LIV|MAN|NOT|SHF
HOR,BAL|BDM|BTN|CBG|GTW|HRH|LIT|LUT|ORE|PBO|PMH|RDH|RDZ|TBD|WRH|WSW
HOT,HOT|RDG|TWY
HOU,ASN|CHY|HOU|OXP|QRB|TWI|WOK|WYB
HOV,BAL|BOG|BTN|CCH|HAV|HHE|HOV|LIT|PMH|PMS|SOU|WRH|WSW|WWO|XSU
HOW,BDT|BEV|HFX|HUL|KGX|LDS|MAN|SBY|SHF|YRK
HOX,BAK|CYP|DLJ|SQE|WCY|WWR|XHZ
HOY,HUD|SHF
HOZ,ADN|ADS|ASB|GLC|LAR
HPA,BAK|BDM|BTN|CAT|CBG|CYP|DLJ|ECR|EPS|PBO|SRH|SUO|WCY|XHZ|XSU
HPD,BDM|BFR|BTN|COR|DBY|EGR|EPH|GTW|LUT|NOT|ORP|RAI|SHF|STP|SUO|TBD
HPE,BID|WRX|WXC
HPL,CAR|GTA|HEX|HPL|KGX|MBR|MCE|NCL|NNT|SUN|WTB
HPN,CNE|PRE
HPQ,CBG|COL|HPQ|HVH|HWC|LST|LWT|MNG
HPT,LLE|SHR|SWA
HRD,CBG|NRW|SSD
HRE,CAR|GTA|HPL|MBR|NCL|NNT|WTB
HRH,BAK|BAL|BDM|BOG|CCH|GTW|HRH|PBO|PMH|PMS|WSW|XSU
HRL,MCN|PWL
HRM,AFK|CHX|RAM|XVJ
HRN,ABD|BTN|CBG|EDB|GDH|HFN|KGX|KLN|LDS|LET|MOG|NCL|PBO|RYS|SVG|WGC
HRO,CLT|COL|HWV|LST|PDX|SNF|SOV
HRR,CAR|SEL|WKG|WTH
HRS,HGT|HRS|KGX|KNA|LDS|YRK
HRW,BHM|BLY|BPN|CRE|CTR|ECR|EDB|EUS|GLC|HAN|HHD|IMW|INV|LIV|MAN|MKC|NMP|PRE|SAA|STA|STG|TRI|WFJ|WRX|WSL|WVH|XOA
HRY,BGV|GPO
HSB,CTR|ELP|HHD|HSB|LIV|LLD|LLJ|MAN|MIA|WBQ|XOA
HSC,MCO|MCV|SOP
HSD,BHM|EUS|RGL|WSL|WVH
HSG,CLE|DON|LIV|MAN|NOT|NRW|SHF
HSK,BAK|BAL|BDM|BOG|BTN|CBG|HHE|LIT|WRH|WSW
HSL,FRM|GLD|HSL|NEM|PMH|PMS|PTR|SOU|WOK
HST,ADR|BHC|BHG|EDB|GRS|HLC|MLN|SPR
HSW,BID|WRX|WXC
HSY,EAD|GLD|RAY
HTC,ALD|BUX|CLE|CRE|EUS|FGH|HAZ|LIV|MAC|MAN|SHF|SOT
HTE,EUS|WFH
HTF,BHM|CRE|EUS|LIV
HTH,ALD|CRE|EUS|FGH|MAN
HTN,BAN|BMO|BSW|LMS|MAN|MYB|NCL|RDG|SAV|SBJ|WOF|YRK
HTO,LVC|SOP
HTW,EDB|GLC
HTY,GLO|HDF|MAN
HUB,HUL|SCA|SHF|YRK
HUD,BDI|BGH|DAR|HFX|HUD|HUL|LDS|LIV|MAN|MIA|NCL|RCC|SCA|SHF|SLB|WKK|YRK
HUL,BDT|BEV|DON|HFX|HUL|KGX|LDS|MAN|SBY|SCA|SHF|YRK
HUN,ABD|BDI|BDQ|BEV|DON|EDB|GLQ|HGT|HRH|HUL|INV|KGX|LCN|LDS|MBR|NCL|PBO|SKI|SUN|YRK
HUP,LIV|MCO|WAC
HUR,BAK|BAL|BDM|COH|EGR|UCK|WHP|WSW|XSU
HUS,HUS|KLN
HUT,BDT|HUL|SCA|SHF|YRK
HUU,BAU|HUU
HUY,BPN|GLC|LIV|MCV|MIA|NCL|OXN|PRE|WGN
HVF,CDF|CMN|MAN|MFH
HVH,HPQ|HVH
HVN,NOT|SKG
HWB,BID|WRX|WXC
HWC,COL|HWC|LST|MNG
HWD,BID|WRX|WXC
HWH,CAR|HPL|LGK|MBR|NCL
HWI,BIF|BPN|MIA|WDM
HWM,BIS|CBG|CMB|ELY|LST|SRA
HWN,BIS|CBG|CMB|ELY|LST|SRA|SSD|TOM
HWV,ABX|HWV|PAD|SNF
HWW,SAA|WFJ
HWX,GLD|HWX|RBU|WOK
HWY,AYS|BAN|BCS|BMO|BSW|HWY|MYB|OXF|PRR|SBJ
HXM,NRW|SHM
HXX,ABX|HAF|HWV|PAD|SNF
HYB,DID|EVE|GMV|HFD|OXF|PAD|WOF|WOP|WOS|WPH
HYC,MAN|RSH
HYD,BAN|BHM|BMH|DID|MAN|NCL|OXF|PAD|RDG|SOU|YRK
HYH,CLT|COL|LST|WON
HYK,WKI
HYL,BHM|EDB|EXD|NQY|PAD|PLY|PNZ
HYM,ABD|ADR|BHG|COW|CRS|DBL|DEE|DON|EDA|EDB|EUS|FTW|GLC|GLQ|GLT|GRS|HLC|HNT|HYM|INV|KGX|KIN|LEV|MIA|MLN|MTH|NBW|PLY|PTH|SBR
HYN,ADR|BHC|BHG|CRS|CUB|DMR|EDB|GLQ|GRS|HLC|LRH|MLN|MTH|RUT|SPR|WFF
HYP,PAQ|SHQ
HYR,BDM|BTH|HOV|SAC|SUO
HYS,CHX|HYS|LEW|NWX
HYT,MAN|RSH
HYW,EAD|GLD|RAY
IBS,IBS|ULP
IFD,BTR|CET|CLT|COL|GDP|HAF|HPQ|HWC|HWV|IPS|LST|NRW|PDX|SMN|SNF|SOV|STA|WTM|XFD
IFI,BAL|BDM|GTW|HRH|PBO|PMH|WSW
IGD,ARD|IGD|INV|TAI|WCK
IHS,BNP|CMA
ILK,BDQ|ILK|LDS
ILN,LDS|LIV|NOT|NRW|SHF
IMW,ECR|IMW|SPB|SRA|WFJ|WJH
INB,INB|IVA
INC,MCO|MCV|SOP|WGN|WGW
INE,ELP|HSB|LIV
ING,ABD|ARB|DEE|GLQ|PTH
INH,INV|WCK
INK,ABD|COW|DEE|DON|EDA|EDB|GLQ|GLT|HNT|INK|KGX|KIN|LEV|PLY|PTH
INP,GLC|WMS
INR,ABD|DEE|EDB|INR|INV|MTS
INS,ABD|EDB|HNT|INV
INT,BTR|CLT|COL|IPS|LST|WTM
INV,ABD|ARD|DIN|EDB|ELG|EUS|GLQ|IGD|INV|KGX|KYL|TAI|WCK
IPS,BSE|CBG|COL|FLX|HPQ|IPS|LST|LWT|NRW|PBO|XFD
IRL,CLE|DON|LIV|MCO|MIA|SHF|WAC
IRV,AYR|GLC
ISL,ASN|HOU|QRB|TWI|WOK|WYB
ISP,HWY|MYB|OXF
IVA,ABD|DEE|EDB|ELG|INB|INV|IVA|KYL
IVR,ABX|MAI|OXF|PAD|PNZ|RDG|SWA
IVY,ABD|BHM|EDB|EXD|GCR|GLC|LDS|NCL|NQY|PAD|PLY|PNZ
JCH,GTA|MBR|NCL|NNT|WTB
JEQ,BSW|DDG|KID|LMS|MYB|SAV|SBJ|WOF|WOS|WTE
JHN,ADN|ADS|ASB|AYR|GLC|LAR
JOH,CDF|CMN|MAN|MFH
JOR,BHC|CRS|CUB|DMR|EDB|GRS|MTH|RUT|SPR|WFF
KBC,INV|WCK
KBF,BIF|CKL|LAN|MIA|MLM|PRE
KBK,BIF|CKL|LAN|MIA|MLM|PRE
KBN,EUS|WFH|WJL
KBS,KBS|TOT|XSC
KBW,AAP|ABD|BTN|CBG|EDB|FPK|HRH|KGX|KLN|LDS|LET|NCL|PBO|RYS|SVG|WGC
KBX,CLT|COL|LST|TLS|WON
KCG,KCG
KCK,AFK|CHX|CST|HGS|SEV|TBW
KDB,CHX|CST|DFD|GRV|RAI|RTR|XVJ
KDG,BHM|BMH|BRI|CRE|EUS|LCN|LLD|MAN|NOT|PGN|RDG|SOT|SOU|STA
KDY,ABD|DEE|DON|EDB|GLT|HNT|KGX|KIN|LEV|PLY|PTH
KEH,ABD|EDB|INV
KEI,BDQ|CAR|KGX|LAN|LDS|MCM|RHD|SKI|YRK
KEL,CET|CLT|COL|HPQ|HWC|IPS|LST
KEM,CNM|PAD|SAL|SOU|SWI|WOF|WOS
KEN,MIA|OXN|PRE|WDM
KET,COR|DBY|KET|MMO|NOT|SHF|STP
KEY,EXD|GSL|LSK|PAD|PLY|PNZ
KGE,EDB|GLC|MTH
KGH,EDB|GLT|LEV|PTH
KGL,BHM|EUS|MKC|NMP|TRI
KGM,DID|EVE|GMV|HFD|OXF|PAD|WOF|WOP|WOS|WPH
KGN,AXM|BNP|EXC|EXD|EXM
KGP,GLC|NTN
KGS,BAN|BMO|BSW|DID|MYB|OXF|SBJ
KGT,CDF|CMN|PMD
KGX,ABD|BDI|BDQ|BEV|CBG|DON|EDB|ELY|GLQ|HFN|HGT|HUL|INV|KGX|KLN|LCN|LDS|LET|MBR|NCL|PBO|RYS|SKI|SUN|SVG|WGC|YRK
KID,BHM|BSW|CDF|DDG|KID|LMS|SAV|WOF|WOS|WTE
KIH,BHM|KNN
KIL,INV|WCK
KIN,DEE|EDB|EUS|GLQ|INV|KGX|KIN
KIR,HBL|LVC
KIT,BDW|FRO|NBY|NRC|PAD|PNZ|RDG|WSB
KIV,LCN|LDS|NOT|RET|SHF|WRK
KKB,MSW|NOT|WRK
KKD,HBL|HNX|LVC|OMS
KKH,GLC|NTN
KKM,BPN|BPS|CRE|LDS|LIV|MAN|MIA|PRE|YRK
KKN,EDB|GLC|MTH
KKS,BDT|CLE|DON|GOO|HUL|LIV|SCA|SCU|SHF
KLB,DEB|KLB|PBO|SWB
KLD,MBR|NCL|WTB
KLF,BDQ|LDS|SKI
KLM,AYR|CAR|DMF|GIR|GLC|KMK
KLN,DOW|KGX|KLN
KLS,HUS
KLY,CAT|XSU
KMH,BDM|BLY
KMK,AYR|CAR|DMF|GIR|GLC|KMK|STR
KML,SIT|SSS
KMP,EAD|RAY|SHP
KMS,AFK|CHX|RAM|XVJ
KNA,KNA|LDS|YRK
KND,PUR|TAT
KNE,CBG|COL|HPQ|IPS|PBO
KNF,CTR|MAN|SPT
KNG,EAD|KNG|QRB|RAY|SHP|STW|TWI
KNI,LLE|LLO|SHR|SWA
KNL,EUS|KNT|QPW|SBP|WFH|WJL|WMB|ZEL
KNN,ABD|BHM|BMV|BRI|CDF|EDB|FOK|GCR|GLC|GMV|HFD|KNN|LDS|LIC|LIF|LOB|MAN|NCL|NOT|PGN|PLY|PNZ|RDC|SSD|WOF|WOS
KNO,GOO|KNO|LDS|WKF
KNR,IMW|KWG|SRA|WJH|WJL
KNS,BRR|DMF|GLC|KMK
KNT,EUS|KNT|QPW|WFH|ZEL
KNU,LLE|SHR|SWA
KNW,LMS|NUN
KPA,CHY|ECR|IMW|SFR|SPB|SRA|WFJ|WJH
KPT,ADR|BHC|DMR|HLC|SPR
KRK,CAR|DMF|GLC
KSL,MCV|SOP|WGN|WGW
KSN,DVP|FAV|XVJ
KSW,CAR|LDS
KTH,AFK|BFR|BKJ|DVP|FAV|GLM|ORP|RAM|XVJ
KTL,CLE|SHF
KTN,BDM|BFR|BTN|COR|DBY|EGR|EPH|GLM|GTW|HNH|KTN|LUT|NOT|ORP|RAI|SAC|SHF|STP|SUO|TBD|WHP
KTR,ABD|EDB|INR|INV|MTS
KTW,IMW|KWG|SRA|WJH|WJL
KVD,ANL|GLQ
KVP,CLE|LCN|LDS|NOT|RET|SHF|WRK
KWB,ASN|HOU|OXP|QRB|TWI|WOK|WYB
KWD,CRS|DMR|MTH|WFF
KWG,KWG|SRA|WJH|ZDE|ZHA|ZHS|ZKB|ZTH|ZUM
KWK,KWK|PNR
KWL,BPW|CDF|CMN|FGH|MAN|MFH|PAD|PMD|SHR
KWN,ADN|ADS|ASB|AYR|GLC|LAR
KYK,KYL|UIG
KYL,CAG|INV|KYL|UIG
KYN,BRI|BTH|CDF|FIT|FRO|GCR|PAD|PMH|PMS|SAL|WEY|WMN|WSB|WSM
LAA,OKE|XAZ
LAC,BAL|BOG|BTN|CCH|HAV|HHE|LIT|PMH|PMS|SOU|WRH|WSW|WWO|XSU
LAD,CHX|HYS|LEW|NWX
LAG,NOT|WRK
LAI,FST|LAI|LES|SOC|SRY
LAM,CDF|CMN|PMD
LAN,BIF|CKL|CRE|EDB|EUS|GLC|HAN|HHB|INV|LAN|LDS|LIV|MCM|MIA|MLM|NOT|OXN|PRE|SKI|STG|WDM|XOA
LAP,BNP|EXC|EXM
LAR,GLC|LAR
LAS,CDF|CMN|FGH|LLE|MFH|PAD|PMD|PTA|SWA
LAU,ABD|DEE|DON|EDB|GLQ|HNT|INR|INV|KGX|MTS|PLY|PTH
LAW,BHI|BHM|RGL|WVH
LAY,BPN|MIA
LBK,BHM|CRE|EUS|GLC|HAN|MKC|NMP|STA|WSL|WVH|XFB|XOA
LBO,DBY|LBO|LCN|LEI|NOT|NRW|SHF|SPO|STP
LBR,MCN|PWL
LBT,ABD|ALO|DBL|EDB|EUS|GLQ|INV|STG
LBZ,BHM|BLY|EUS|MKC|NMP|WSL
LCB,LCB
LCC,INV|KYL
LCG,EDB|GLT|LEV|PTH
LCH,LCH|TBT|UIG
LCK,HUD|SHF
LCL,FTW|GLQ|MLG
LCN,CLE|CRE|DON|GMB|KGX|LCN|LDS|MAT|NNG|NOT|PBO|SHF|STP
LCP,BNP|LCP|LLP
LCS,FTW|GLQ|MLG
LDN,MCN|PWL
LDS,ABD|BBN|BDI|BDQ|BHM|BPN|BRI|CAR|CDF|DAR|DEW|DON|EDB|GLC|GOO|HBD|HFX|HGT|HRS|HUD|HUL|ILK|KGX|KNA|KNO|LAN|LCN|LDS|LIV|MAN|MCM|MIA|NCL|NOT|PLY|PNZ|RCC|RCD|RHD|SBY|SCA|SHF|SKI|SLB|XLB|YRK
LDY,ABD|DEE|DON|EDB|GLQ|HNT|KGX|KIN|PLY|PTH
LEA,BDM|BTN|COR|DBY|EGR|GTW|NOT|RAI|SHF|STP|TBD
LEB,BIS|HFE|MRW|SRA
LED,BHM|HFD|PAD|WOS
LEE,BFR|CHX|CST|DFD|GLM|GRV
LEG,LIV|MCV|MIA|NCL|WGN
LEH,BHI|BHM|BMH|COV|EUS|INV|MAN|NMP|RGL|WVH
LEI,BHM|CBG|DBY|GCR|LBO|LCN|LEI|NOT|SHF|SSD|STP
LEL,PNZ|SER|SIV
LEM,BGV|GPO
LEN,AFK|CHX|RAM|XVJ
LEO,BIB|CDF|CMN|CRE|CTR|FGH|HHD|MAN|MFH|PMD
LER,BGV|GPO
LES,FST|LES|SOC|SRY
LET,BTN|CBG|ELY|KGX|KLN|LET|RYS
LEU,ABD|DEE|DON|EDB|GLQ|KGX|LEU|PLY|SAO
LEV,EDB|LEV
LEW,BFR|CHX|CST|DFD|GLM|GRV|HYS|LEW|MDW|NWX|ORP|RAI|RTR|SEV|WHP|XVJ
LEY,BPN|LIV|MAN|MIA|PRE
LFD,BAK|BAL|BDM|EGR|WHP|WSW|XSU
LGB,GLC|GRK|WMS
LGD,GYM|NRW
LGE,BHM|CDF|CLE|CRE|DBY|GCR|LCN|MAT|NOT|SHF|STP
LGF,BFR|CST|DVP|FAV|GLM|RAM|RTR|XVJ
LGG,BSW|DDG|KID|LMS|SAV|SBJ|WOF|WOS|WTE
LGJ,BDM|BFR|BKJ|BTN|FPK|HNH|KTN|LUT|MDE|ORP|PBO|RTR|SAC|SEV|SUO|TBD|WGC|WHP
LGK,BIA|DAR|LGK|LLD|MAN|NCL|SLB|YRK
LGM,DBY|LDS|LIV|MAN|NOT|NRW|SHF|STP
LGN,CRE|LCN|LLD|NOT
LGO,LLE|SHR|SWA
LGS,GLC|NTN
LGW,CAR|LDS
LHA,CNR|DAL|GLQ|OBN
LHD,BAK|BAL|DKG|EAD|GLD|HRH|RAY
LHE,FTW|GLQ|MLG
LHM,MBR|NCL|WTB
LHO,BBN|CLH|MCV
LHS,FST|GRY|SFO|SOC|SRY
LHW,ADN|ADS|ASB|AYR|GLC|LAR
LIC,BHM|BMV|LIC|LIF|LOB
LID,BDM|BLY
LIF,BHM|BMV|LIF|LOB
LIH,RDH|TON
LIN,ABD|DBL|DEE|EDB|EUS|GLQ|INV|KGX|SBR
LIP,FRM|GLD|NEM|PMH|PMS|PTR|SOU
LIS,FRM|GLD|NEM|PMH|PMS|PTR|SOU
LIT,BAL|BOG|BTN|CCH|HHE|LIT|PMS|SOU|WSW|XSU
LIV,BHM|BPN|CLE|CRE|CTR|DON|EUS|GLC|LIV|LLD|MAN|MCO|MCV|MIA|NCL|NOT|NRW|OXN|PRE|SHF|WAC|WGN
LKE,RYP|RYR|SHN
LLA,MCN|PWL
LLB,AYW|BHI|MCN|SHR
LLC,MCN|PWL
LLD,BFF|BHM|CRE|LIV|LLD|LLJ|XOA
LLE,BPW|CDF|CMN|FGH|LLE|LLV|MAN|MFH|PAD|PMD|PTA|SHR|SWA
LLF,CTR|HHD|MIA|WBQ
LLG,LLE|LLV|SHR|SWA
LLH,LLE|LLV|SHR|SWA
LLI,LLE|LLV|SHR|SWA
LLJ,BFF|BHI|BHM|CDF|CRE|CTR|EUS|HHD|LIV|LLD|LLJ|MIA|SHR|WBQ|XOA
LLL,LLE|LLV|SHR|SWA
LLM,LLE|SHR|SWA
LLN,ABA|CDB|CDF|MER|PPD|TRB
LLO,LLE|LLO|SHR|SWA
LLP,BNP|LLP
LLR,BGN|CDF|CMN|EBB|MFH|MST|PMD|SWA
LLS,BGD|BGN|BYI|CDF|CPH|PEN|RHY|YSM
LLT,LLE|SHR|SWA
LLV,LLE|LLV|SHR|SWA
LLW,MCN|PWL
LLY,CDF|TRB
LMR,BDI|HFX|KGX|LDS|RCD
LMS,BAN|BHM|BMH|BMO|BSW|LMS|MAN|MYB|NCL|NUN|RDG|SAV|SBJ|SOU|WOF|YRK
LNB,BGD|BGN|BYI|CDF|PEN|RHY|YSM
LND,DUN|EDB|HYM|NBW
LNG,QRB|RDZ
LNK,GLC|LNK|MTH
LNR,LLE|LLV|SHR|SWA
LNW,LLE|SHR|SWA
LNY,ABX|GMV|MAI|OXF|PAD|PNZ|RDG|SWA
LNZ,ABD|ALO|ARB|DEE|EDB|GLQ|INV|KGX|PTH|SBR|STG
LOB,ABD|BHM|BMV|BRI|CDF|EDB|FOK|GCR|GLC|GMV|HFD|LDS|LIC|LIF|LOB|MAN|NCL|NOT|PGN|PLY|PNZ|RDC|SSD|WOF|WOS
LOC,CRE|EDB|EUS|GLC|INV|LIV|MIA|STG
LOF,CHI|CHN|ELY|ENF|HFE|LST|SSD
LOH,BBN|BPN|CNE|PRE|YRK
LOO,LOO|LSK
LOS,BHM|EDB|EXD|NQY|PAD|PLY|PNZ
LOT,BPN|MIA
LOW,CLE|CRE|GMB|LCN|MAT|NCT|NOT|STP
LPG,BHI|BHM|CDF|CRE|CTR|EUS|HHD|MIA|WBQ
LPR,CAR|LAN|LDS|MCM|RHD|SKI
LPT,BMH|CRE|MAN|SOT|STA
LPW,BAN|BMO|BSW|LMS|MYB|SAV|SBJ|WOF
LPY,HNX|LVC|OMS|SDL
LRB,BTN|EBN|HGS|LWS|NVH|ORE|SEF
LRD,EAD|GLD|RAY
LRG,INV|WCK
LRH,DMR|GRS|LRH|MLN
LSK,BHM|EDB|EXD|LOO|LSK|NQY|PAD|PLY|PNZ
LSM,OBN
LSN,ADR|BHG|EDB|GRS|HLC|MLN
LST,BIS|BTR|CBG|CET|CHI|CHN|CLT|CMB|COL|ELY|ENF|GDP|HFE|HPQ|HWC|IPS|LST|NRW|SMN|SNF|SOV|SSD|WTM
LSW,WKI
LSX,ABX|HAF|HAY|HWV|MAI|PDX|RDG|SNF|WHX
LSY,CHX|HYS|LEW|NWX|TBW
LTG,CTR|MAN|SPT
LTH,CDF|EBB|MST|NWP
LTK,AYS|MYB|PRR
LTL,BBN|BDI|LDS|RCD
LTM,BPS|PRE
LTN,BDM|BFR|BTN|COR|DBY|EPH|GTW|LUT|NOT|ORP|RAI|SHF|STP|SUO|TBD
LTP,DOW|ELY|KGX|KLN
LTR,AYW|CMN
LTS,SER|SIV
LTT,BKQ|CTR|ELP
LTV,CRE|EUS|GLC|LIV|NMP|PRE|RUG
LUB,LUB|XAD
LUD,CDF|CMN|CRE|CTR|FGH|HHD|MAN|MFH|PMD
LUT,BDM|BFR|BTN|COR|DBY|EGR|EPH|GTW|LUT|NOT|ORP|RAI|SHF|STP|SUO|TBD
LUX,NQY|PAR
LVC,HBL|HNX|LVC|OMS|SDL|SOP
LVG,EDB|GLC|XCN
LVJ,BKQ|CTR|ELP|NBN|WKI|XLV
LVL,BKQ|CTR|ELP|NBN|WKI|XLV
LVM,ALD|BUX|CLE|CRE|FGH|HAZ|LIV|MAC|MAN|SHF|SOT
LVN,BAL|BDM|BOG|CCH|GTW|HRH|PBO|PMH|PMS|WSW|XSU
LVS,DGS|LVS
LVT,BGD|BGN|BYI|CDF|CPH|PEN|RHY|YSM
LWH,AVN|BPW|BRI|CDF|CFN|FIT|PMS|SAL|SVB|TAU|WSB|WSM
LWM,BGN|CDF|CMN|MST|PAD|RHY|SWA
LWR,BFF|LLD
LWS,BAK|BAL|BTN|EBN|HGS|HHE|LWS|NVH|ORE|PLG|SEF|WSW|XSU
LWT,BCC|CBG|HPQ|IPS|LWT|NRW
LYC,BNP|CDF|EXD|EXM|PGN
LYD,BHM|CDF|CNM|EDB|GCR|NOT|NWP
LYE,BSW|DDG|KID|LMS|SAV|SBJ|WOF|WOS|WTE
LYM,BNP|CDF|EXD|EXM|PGN
LYP,BCU|LYP|YMH
LYT,BCU|LYP
LZB,CAR|LDS
MAB,PAQ|SHQ
MAC,BHM|BMH|BRI|EUS|MAC|MAN|PGN|RDG|SOT|SOU|SPT
MAG,HNX|LVC|OMS
MAI,ABX|BAN|BDW|BNE|BPW|BRI|CDF|CMN|CNM|DID|EXD|FRO|GMV|HFD|MAI|MLW|NBY|NQY|OXF|PAD|PGN|PLY|PNZ|RDG|SLO|SWA|TAU|WOF|WOS|WPH|WSB|WSM
MAL,CSS|EAD|RAY
MAN,ALD|BHM|BIF|BMH|BPN|BRI|BUX|CDF|CKL|CLE|CLY|CMN|CRE|CTR|DAR|DON|EDB|EUS|FGH|GLC|GLO|HAZ|HDF|HHD|HUL|LAN|LDS|LIV|LLJ|MAC|MAN|MFH|MIA|NCL|NMC|NOT|NRW|OXN|PGN|PMD|RCC|RDG|RSH|SCA|SHF|SHR|SLB|SOT|SOU|WDM|WKK|WML|YRK
MAO,ACT|QRB|RDZ|SNS|WKM
MAR,AFK|CBW|CHX|CST|FAV|GLM|MAR|RAM|RTR|SPX|XVJ
MAS,ASL|CHT|MPT|NCL
MAT,CLE|DBY|LCN|MAT|NOT
MAU,BIF|BPN|CLE|CRE|LIV|MAN|MIA|SCA|WML|YRK
MAX,GLC|NTN
MAY,AYR|GIR|GLC|KMK|STR
MBK,ROM|SAL
MBR,BIA|CAR|DAR|GTA|HEX|KGX|LDS|LGK|LLD|MAN|MBR|MCE|NCL|NNT|RCC|SLB|WTB|YRK
MBT,EXD|EXM|PGN
MCB,BTN|EBN|HGS|LWS|NVH|ORE|SEF
MCE,CAR|HEX|HPL|MBR|MCE|MPT|NCL|NNT|PRU
MCH,BHM|CBG|COL|DBY|IPS|LIV|MAN|NRW|PBO|SHF|SPO|SSD
MCM,HHB|LAN|LDS|MCM
MCN,AYW|BHI|BNG|CFS|DOG|MCN|PWL|SHR
MCO,BIF|BPN|CKL|CLE|CTR|DON|EDB|GLC|HHD|LAN|LIV|LLJ|MAN|MCO|MIA|NCL|NOT|NRW|OXN|SHF|SOP|WAC|WDM|WGN
MCV,BBN|BDI|CLH|HBL|LIV|MCV|RCD|SOP|WGN|WGW
MDB,GLM|MDW|PDW|SOO|SPX|TON
MDE,AFK|BFR|CHX|FKW|GLM|MDE|RAM|XVJ
MDG,BDW|NBY|PAD|PNZ|RDG
MDL,BUX|MAN
MDN,BRI|GCR|WEY|WSB
MDS,BDM|SAC|SUO
MDW,BAL|GLM|MDW|PDW|SOO|SPX|TON
MEC,MCO|MCV|SOP|WGW
MEL,BTN|CBG|KGX|KLN
MEN,EXD|LSK|PAD|PLY|PNZ
MEO,WKI
MEP,BFR|CST|DVP|FAV|GLM|RAM|RTR|XVJ
MER,ABA|CDF|MER
MES,HPQ|IPS|LWT|NRW
MEV,ABA|CDF|MER
MEW,EBB|MST
MEX,AWK|BDT|BHM|CLE|DON|HUL|LDS|LIV|LLD|NCL|RDG|SCA|SHF|YRK
MEY,DMR|GRS|LRH|MLN
MFA,MCN|PWL
MFF,MCN|PWL
MFH,CDF|CMN|MAN|MFH
MFL,GLC|NEI|NTN
MFT,MSW|NOT|WRK
MGM,DON|LCN|PBO
MGN,BHI|BHM|BMH|COV|EUS|INV|MAN|NMP|RGL|WVH
MHM,BAK|BAL|BDM|BTN|HRH|PBO|REI|TBD|WSW
MHR,DBY|NOT|SHF|STP
MHS,AWK|BDT|BNY|CLE|DON|HUD|HUL|LCN|LDS|LIV|NOT|PNS|SCA|SHF|WKK|YRK
MIA,BIF|BPN|CKL|CLE|CRE|CTR|EDB|GLC|HHD|LAN|LIV|LLJ|MAN|MIA|OXN|SCA|SHF|WDM|WML|YRK
MIC,BHM|BMH|BSK|HOV|MAN|NCL|NEM|PMH|POO|SOU|STA|WEY|WOK|XFB
MIF,APN|REG|SGH|SHZ
MIH,MCV|RCD
MIJ,BAK|BAL|BDM|DKG|EPS|HRH|SAC|SUO|XSU
MIK,ABD|BBN|BHM|BPN|BRI|CDF|DAR|EDB|GLC|HFX|HUL|LDS|LIV|MAN|NCL|PLY|PNZ|RCC|SBY|SCA|SLB|YRK
MIL,BDM|BFR|BTN|COR|DBY|EGR|EPH|HNH|LUT|NOT|ORP|RAI|SAC|SHF|STP|SUO|TBD
MIM,BWR|CPG|DID|EVE|GMV|HFD|MIM|OXF|PAD|WOF|WOP|WOS|WPH
MIN,ADN|ADS|ASB|GLC|LAR
MIR,BDI|HBD|HUD|HUL|KGX|LDS|MAN|MIA|NCL|RCC|SCA|WKK|YRK
MIS,CBG|COL|HPQ|HWC|LST|LWT|MNG
MKC,BHM|BPN|CRE|CTR|EDB|EUS|GLC|HAN|HHD|INV|LIV|MAN|MKC|NMP|PRE|STA|STG|WRX|WSL|WVH|XOA
MKM,CNM|SAL|SOU|SWI|WOF|WSB
MKR,CLE|GMB|MAT|NNG|NOT
MKT,CET|CLT|COL|HPQ|HWC|IPS|LST|MKT|NRW|SUY|XFD
MLB,BDM|BLY
MLD,CTR|MAN|SPT
MLF,FRM|GLD|HSL|NEM|PMH|PMS|PTR|SOU|WOK
MLG,ARA|FTW|GLQ|LCB|MLG
MLH,BBN|BPN|CNE|PRE|YRK
MLM,BIF|CKL|LAN|MIA|MLM|PRE|WKG
MLN,ADR|BHG|CUB|EDB|MLN|MTH|SPR
MLS,BWK|XAA
MLT,LDS|MAN|SCA|YRK
MLW,BNE|MAI|MLW
MLY,BDI|DAR|DEW|HBD|HUD|HUL|LDS|LIV|MAN|NCL|RCC|SLB|YRK
MMO,BHM|CBG|DBY|KET|MMO|NOT|NRW|SPO|SSD|STP
MNC,ABD|DEE|EDB|PLY|PTH
MNE,BHM|CBG|COL|DBY|IPS|LIV|MAN|NRW|PBO|SHF|SPO|SSD
MNG,COL|HPQ|HWC|IPS|LST|MNG|NRW|PBO|XFD
MNN,BDQ|ILK|LDS
MNP,COL|GDP|HAF|HWV|LST|PDX|SNF|SOV
MNR,WKI
MNS,HNX|LVC|OMS
MOB,CTR|MAN|SPT
MOG,FPK|GDH|HFN|LET|MOG|SVG|WGC
MON,ABD|ARB|DEE|GLQ|INV|PTH
MOO,ARD|DIN|IGD|INV|KYL|TAI|WCK
MOR,BSK|RDG
MOS,BPS|PRE
MOT,CSS|DKG|EAD|GLD|RAY
MOV,BHM|KNN
MPK,GLC|PCN
MPL,CLY|MAN|NMC|SHF
MPT,ABD|BHM|BRI|CDF|CHT|DON|EDB|GLC|GLQ|INV|KGX|MPT|NCL|PLY|PNZ
MRB,CDF|CMN|PMD
MRD,AXM|BNP|EXC|EXD|EXM|PGN
MRF,BKQ|CTR|ELP|NBN|WKI|XLV
MRN,AFK|CBW|CHX|CST|DVP|RAM|TON
MRP,ABD|BHM|BRI|CDF|EDB|GLC|LDS|MIA|NCL|PLY|PNZ|SHF|YRK
MRR,FTW|GLQ|MLG
MRS,AYS|MYB|PRR
MRT,WKI
MRW,BIS|HFE|LST|MRW|SRA
MRY,CAR|SEL|WTH
MSD,HBL|MCV|SOP|WGN|WGW
MSH,BHM|CRE|LIV|MAN|MCO|WAC
MSK,BIA|DAR|NCL|SLB
MSL,HUD|HUL|MAN|MIA|NCL|RCC|SCA|WKK|YRK
MSN,DAR|HUD|HUL|LIV|MAN|MIA|NCL|RCC|SCA|SHF|SLB|WKK|YRK
MSO,MCV|RCD
MSR,AFK|CBW|CHX|FAV|GLM|MAR|RAM|SPX|TON|XVJ
MSS,MCV|SOP|WGN|WGW
MST,EBB|MST
MSW,MSW|NOT|WRK
MTA,ABA|CDF|MER
MTB,CLE|DBY|LCN|MAT|NOT
MTC,BAK|BAL|BDM|DKG|EPS|HRH|SAC|SUO|XSU
MTG,BFR|CHX|CST|DFD|GRV
MTH,CRE|CRS|CUB|DMR|EDB|EUS|GLC|HNW|LIV|LNK|MIA|MLN|MTH|PLY|STG
MTL,ASN|EAD|HOU|KNG|QRB|SHP|STW
MTM,AFK|CHX|FAV|RAM|SPX
MTN,BMH|NEM|SOU|WEY|WOK
MTO,GTA|MBR|NCL|NNT|WTB
MTP,AVN|BRI|CFN|SAL|SVB|WSM
MTS,ABD|DEE|DON|EDB|GLQ|HNT|INR|INV|KGX|MTS|PLY|PTH
MTV,CRS|DMR|MTH|WFF
MUB,DUN|EDB|HYM|NBW
MUI,GLC|NEI
MUK,MLG
MVL,BHM|BRI|GMV|HFD|PAD|WOS
MYB,AVP|AYS|BAN|BCS|BMO|BSW|GER|HWY|MYB|OXF|PRR|SBJ|WCX|WRU
MYH,ANL|EDB|GLQ|OBN|SBR
MYL,BTR|CET|CLT|COL|GDP|HAF|HPQ|HWC|HWV|IPS|LST|NRW|PDX|SMN|SNF|SOV|WTM
MYT,BDI|HBD|LDS|RCD|YRK
MZH,CST|DFD|GLM|KTN|LUT|RAI|WHP|XKE
NAN,BHI|BIB|CDF|CMN|CRE|CTR|FGH|MAN|MFH|PMD|SHR
NAR,CDF|CMN|PMD
NAY,BIA|SHD|SLB
NBA,ABD|BTN|CBG|EDB|HRH|KGX|KLN|LDS|LET|MOG|NCL|PBO|RYS|SEV|WGC
NBC,CHX|HYS|LEW|NWX|TBW
NBE,CDF|EBB|MST|NWP
NBN,NBN
NBR,BHM|CBG|GCR|LEI|SSD
NBT,EAD|QRB|RAY|SHP|STW|TWI
NBW,EDB|HYM|NBW
NBY,BDW|EXD|FRO|NBY|NQY|NRC|PAD|PGN|PLY|PNZ|RDG|WSB
NCE,BAU|CLE|LIV|MAT|NNG|NOT
NCK,CAR|DMF|GLC
NCL,ABD|ASL|BHM|BRI|CAR|CDF|CHT|DAR|DON|EDB|GLC|GLQ|GTA|HEX|HPL|INV|KGX|LIV|MAN|MBR|MCE|MPT|NCL|NNT|PLY|PNZ|PRU|RDG|WTB|YRK
NCM,GTW|RDG|RDH|RDZ|SFR
NCO,BNP|CDF|EXD|EXM|PGN
NCT,CLE|CRE|GMB|LCN|MAT|NCT|NOT|STP
NCZ,APN|CIC|REG|SGH|SHZ|SUN
NDL,BIK|ECR|NWD|SRS|SUO|XSU
NEG,EDB|TWB
NEH,BFR|CHX|CST|DFD|GLM|GRV
NEI,GLC|NEI
NEL,CNE|PRE
NEM,AHT|AON|BMH|BRS|BSK|BTH|EAD|EXD|FRM|GIL|GLD|HMC|HOV|HSL|NEM|PMH|PMS|POO|PTR|QRB|RAY|SAL|SHP|SOU|STW|TWI|WEY|WOK|WSB|YVJ|YVP
NES,BID|WRX|WXC
NET,BSN|LIV|NOT|PBO|SKG
NEW,EDB|TWB
NFA,LST|SMN|WIC
NFD,BHM|BMV|CDF|EDB|FOK|LIC|LIF|LOB|RDC
NFL,CHX|CST|DFD|GLM|GRV|KTN|LUT|RAI|RTR|WHP
NFN,BDT|HUL|SCA|SHF|YRK
NGT,CBW|CST|DVP|FAV|FKW|GLM|MAR|RAM|RTR|SPX|SSS|XVJ
NHD,BFR|CBW|DFD|DVP|FKW|FPK|GLM|GRV|KTN|LUT|MDE|MDW|ORP|RTR|SEV|WGC|WHP|XVJ
NHE,GLM|MDW|PDW|SOO|TON
NHL,BAU|CLE
NIT,BRR|DMF|GLC|KMK
NLN,MCO|MCV|SOP
NLR,BFF|LLD
NLS,AVN|BPW|BRI|CDF|CFN|EXD|EXM|NQY|PAD|PLY|PNZ|SVB|TAU|WSM
NLT,AYS|BMO|BSW|GER|HWY|MYB|OXF|WRU
NLW,CTR|HHD|LIV|LLJ|MAN|MCV|MIA|NCL|WGN
NMC,CLY|LIV|MAN|NMC|NOT|SHF
NMK,CBG|HPQ|IPS
NMN,BUX|MAN
NMP,BHM|CRE|EUS|GLC|HAN|MKC|NMP|STA|WSL|WVH|XFB|XOA
NMT,BSE|CBG|HPQ|IPS|PBO
NNG,ABD|BDI|BDQ|BEV|DON|EDB|GLQ|HGT|HUL|INV|KGX|LCN|LDS|MBR|NCL|NNG|NOT|PBO|SKI|SUN|YRK
NNP,ABA|CDF|CMN|MER|MFH|SWA
NNT,CAR|GTA|MBR|NCL|NNT|WTB
NOA,AYR|GIR|GLC|KMK|STR
NOD,CFC|SGE|WRM
NOP,ASL|NCL
NOR,LDS|MAN|NOT|SHF|WKK|YRK
NOT,BHM|BMH|BSN|CDF|CLE|CRE|DBY|GCR|GMB|GRA|LCN|LDS|LEI|LIV|MAN|MAT|MSW|NCT|NOT|NRW|PBO|SHF|SKG|STP|WRK
NPD,BBN|BPN|HFX|HUL|LDS|RCD|YRK
NQU,ABD|COW|EDB|GLT|LEV|PTH
NQY,NQY|PAD|PAR
NRB,BAK|BAL|BTN|ECR|EGR|EPD|GTW|ORE|PMH|REI|SRS|SUO|TBD|WFJ|WRH|WSW|XSU
NRC,BDW|NBY|NRC|PAD|PNZ|RDG
NRD,BIA|SHD|SLB
NRN,ABD|EDB|ELG|INV|KYL
NRT,BIF|CKL|LAN|PRE
NRW,BCC|CBG|DBY|ELY|GYM|IPS|LIV|LST|LWT|MAN|NRW|SHF|SHM|SSD
NSB,AFK|BAL|BTN|HGS|HHE|ORE
NSD,MSW|NOT|WRK
NSG,ABD|BTN|CBG|EDB|HRH|KGX|KLN|LDS|MOG|NCL|PBO|SEV|WGC
NSH,ASN|EAD|HOU|KNG|QRB|SHP|STW
NTA,ABD|BHM|BRI|CDF|EDB|EXD|EXM|GCR|GLC|LDS|MAN|NCL|NQY|PAD|PGN|PLY|PNZ
NTC,BNP|EXC|EXD|OKE|PGN
NTH,BEO|BPW|CDF|CMN|FGH|LLE|MAN|MFH|NTH|PAD|PMD|PTA|SWA|YST
NTL,BTN|HRH|NEM|PMH|PMS|SOU|WOK
NTN,CUB|DMR|GLC|GRS|LRH|MLN|MTH|NTN
NTR,ABD|BHM|BRI|CDF|DAR|DON|EDB|GLC|GLQ|INV|KGX|LDS|LIV|LLD|MAN|MBR|NCL|PLY|PNZ|RCC|RDG|SHD|SLB|SUN|YRK
NUF,RDH|TON
NUM,BIS|HFE|LST|MRW|SRA
NUN,BHM|BPN|CBG|CRE|CTR|EUS|GCR|GLC|HAN|HHD|LEI|LIV|LMS|MAN|NMP|NOT|NUN|PRE|RUG|SSD|STA|STG|WRX|XFB|XOA
NUR,PAQ|SHQ
NUT,BTN|HRH|LIT|PMH|PMS|SOU|WSW
NVH,BTN|LWS|NVH|SEF
NVN,BTN|LWS|NVH|SEF
NVR,CTR|MAN|SPT
NWA,NRW|SHM
NWB,EUS|KNT|QPW|WFH|ZEL
NWD,BAK|BDM|BOG|BTN|CAT|CBG|DLJ|EBN|ECR|EGR|EPS|GTW|HRH|LIT|LUT|NWD|OXT|PBO|SUO|TBD|UCK|WCY|WHP|XHZ|XSU
NWE,BIS|CBG|CMB|ELY|LST
NWH,ASL|NCL
NWI,CTR|MAN|SPT
NWM,BCU|BMH|BSK|NEM|POO|SOU|WEY|WIN|WOK
NWN,GLO|HDF|MAN
NWP,AGV|BHM|BPW|BRI|CDF|CMN|CNM|CRE|CTR|EBB|EDB|EXD|FGH|FRO|GCR|HFD|HHD|MAN|MFH|MST|NOT|NWP|PAD|PLY|PMD|PMH|PNZ|SWA|TAU
NWR,EDB|EUS|GLQ|INV
NWT,AYW|BHI|SHR
NWX,AFK|CBW|CHX|CST|DFD|DVP|GLM|GRV|HGS|HYS|MDE|NWX|ORP|RAI|RAM|RTR|SEV|TBW|TON|WHP
NXG,BAK|BDM|BOG|BTN|CAT|CBG|DLJ|EBN|ECR|EGR|EPS|GTW|HRH|LIT|LUT|OXT|PBO|SRH|SUO|TBD|UCK|WHP|XHZ|XSU
OBN,CNR|CRU|CTB|DAL|GLQ|OBN
OCK,BKG|FST|GRY|PSE|SFO|SOC|SRY
OHL,BSW|DDG|KID|LMS|SAV|SBJ|WOF|WOS|WTE
OKE,BUA|EXC|EXD|OKE|XAZ|XCV
OKL,BTN|CBG|HRH|KGX|KLN|MOG|PBO|SEV|WGC
OKM,BHM|CBG|DBY|KET|MMO|NOT|NRW|SPO|SSD|STP
OKN,BHM|SHR
OLD,FPK|GDH|HFN|LET|MOG|SVG|WGC
OLF,BRI|BTH|CDF|FIT|FRO|GCR|PMH|PMS|SAL|WEY|WMN|WSB
OLT,BSW|DDG|LMS|SAV|WOF|WOS
OLY,BAK|HRH
OMS,HNX|LVC|OMS|PRE
OPK,HNX|LVC|OMS
ORE,AFK|BAK|BAL|BTN|CHX|EBN|HGS|ORE|PLG
ORN,HNX|LVC|OMS
ORP,AFK|BFR|CBW|CHX|CST|DVP|HGS|KTN|LUT|ORP|RAM|SEV|TBW|TON|WHP|XVJ
ORR,HBL|MCV
OTF,AFK|BFR|CHX|FPK|MDE|RAM|SEV|WGC|XVJ
OUN,BCC|CBG|LWT|NRW
OUS,BCC|HPQ|IPS|LWT|NRW
OUT,DON|LDS|SHF
OVE,BKQ|CTR|ELP
OVR,BNS|BTH|EXD|GIL|NEM|RDG|SAL|WSB|YVJ|YVP
OXF,BAN|BHM|BMH|BNS|BRI|DID|EVE|GMV|HFD|HWY|MAN|MYB|NCL|OXF|OXP|PAD|RDG|SOU|STA|WOF|WOP|WOS|WPH|YRK
OXN,CRE|EDB|EUS|GLC|INV|LGK|LIV|MIA|OXN|PRE|STG|WDM
OXP,BAN|BNS|HWY|MYB|OXF|OXP|STA|XFB
OXS,EAD|GLD|RAY
OXT,BAK|BAL|BDM|COH|EGR|OXT|UCK|WHP|WSW|XSU
PAD,BAN|BDW|BPW|BRI|CDF|CMN|CNM|DID|EXD|FRO|GFD|GMV|HAF|HFD|HWV|NBY|NQY|OXF|PAD|PGN|PLY|PNZ|RDG|SWA|TAU|WOF|WOS|WPH|WSB|WSM
PAI,APN|REG|SGH|SHZ
PAL,CBG|FPK|GDH|HFN|KGX|LDS|LET|MOG|PBO|RYS|SVG
PAN,DID|PAD|PAN|RDG|TLH
PAQ,PAQ|SHQ
PAR,BHM|EDB|EXD|NQY|PAD|PAR|PLY|PNZ
PAT,LIV|MCV|MIA
PAW,APN|CIC|REG|SGH|SHZ|SUN
PBL,MCO|MCV|SOP|WGW
PBN,PBN|SPX
PBO,ABD|BDI|BDQ|BEV|BHM|CBG|COL|DBY|DEB|DON|EDB|GLQ|HGT|HRH|HUL|INV|IPS|KGX|KLB|LCN|LDS|LIV|MAN|MBR|NCL|NOT|NRW|PBO|SHF|SKI|SSD|SUN|SWB|YRK
PBR,AAP|ABD|BDI|BDQ|BEV|BTN|CBG|DON|EDB|ELY|FPK|GLQ|HGT|HRH|HUL|INV|KGX|KLN|LCN|LDS|LET|MBR|MOG|NCL|PBO|RYS|SEV|SKI|SUN|SVG|WGC|YRK
PBY,BPW|CDF|CMN|FGH|MAN|MFH|PAD|PMD|SHR|SWA
PCD,BGN|BPW|CDF|CMN|EBB|MAN|MFH|MST|PAD|PMD|SWA
PCN,GLC|PCN
PDG,LIV|MCO|WAC
PDT,BOD|PDT
PDW,AFK|BAL|CBW|CHX|CST|DVP|GLM|PDW|RAM|SOO|TON|XVJ
PDX,ABX|HAF|HAY|HWV|MAI|PDX|RDG|SNF|WHX
PEA,CRE|LCN
PEB,AFK|BTN|HGS|HHE|ORE
PEE,KYL|UIG
PEG,CHT|NCL
PEM,HBL|MCV
PEN,CDF|COY|CPH|PEN
PER,ABA|CDF|MER
PES,MCN|PWL
PET,AFK|BFR|CHX|CST|HGS|KTN|LUT|ORP|SEV|TBW|WHP|XVJ
PEV,AFK|BAK|BAL|BTN|EBN|HGS|HHE|ORE|PLG
PEW,EXD|FRO|NQY|PAD|PGN|PLY|PNZ|WSB
PFL,FST|GRY|LES|PSE|SOC
PFM,BDI|GOO|KGX|KNO|LDS|WKF
PFR,SHF|YRK
PFY,BPN|CRE|LDS|LIV|MAN|MIA|YRK
PGM,BGD|BGN|BYI|CDF|PEN|RHY
PGN,BRI|CDF|EXD|EXM|MAN|PAD|PGN
PGR,AYW|BFF|BNG|CFS|DOG|PGR|PTM
PHG,MCN|PWL
PHR,RDH|TON
PIL,BIB|BPW|BRI|CDF|CMN|EXD|FRO|PAD|PLY|PMH|PNZ|SWA|TAU
PIN,AXM|EXD|NEM|PAD|SAL|YVJ
PIR,BHM|KNN
PIT,DEE|EDB|EUS|GLQ|INV|KGX
PKG,BHM|BMH|BRI|CRE|EDB|EUS|GLC|HHD|INV|LIV|MAN|PGN|RDG|SOU|STA
PKS,BCU|BMH|NEM|POO|SOU|WEY|WIN|WOK
PKT,SAA|WFJ
PLC,AFK|CBW|CHX|CST|DVP|RAM|TON
PLD,BAL|BOG|BTN|CCH|HAV|HHE|LIT|PMH|PMS|SOU|WRH|WSW|WWO|XSU
PLE,GLC|NEI|NTN
PLG,BAK|BAL|BTN|EBN|HGS|HHE|LWS|ORE|PLG|WSW|XSU
PLK,INV|KYL
PLM,CTR|MAN|SPT
PLN,ABD|DEE|EDB|GLQ|INR|INV|MTS|PTH
PLS,BBN|BPN|CNE|PRE|YRK
PLT,BGN|BYI|CDF|PEN|RHY
PLU,CHX|CST|DFD|GLM|KTN|LUT|RAI|WHP|XKE
PLW,GLC|NTN
PLY,ABD|BHM|EDB|EXD|GCR|GLC|GSL|LDS|LSK|NCL|NQY|PAD|PLY|PNZ
PMA,BNP|EXC|EXD
PMB,CDF|CMN|PMD
PMD,CDF|CMN|PMD
PMH,BOG|BRI|BTN|CDF|ESL|GLD|GTW|HRH|LIT|NEM|PMH|RYP|WIN|WSB
PMP,BAK|BAL|EBN|HGS|HHE|LWS|ORE|PMP|WSW|XSU
PMR,BFR|DFD|FPK|GLM|GRV|KTN|LUT|ORP|SEV|WGC|WHP|XVJ
PMS,BOG|BRI|BTN|CDF|ESL|GLD|GTW|HRH|LIT|NEM|PMH|PMS|SOU|WIN|WSB
PMT,ABD|DBL|DEE|EDB|EUS|GLQ|INV|KGX|SBR
PMW,BHI|BHM|CDF|CRE|CTR|EUS|HHD|MIA|WBQ
PNA,CDF|CMN|PMD
PNC,MCN|PWL
PNE,AFK|BFR|BKJ|ORP|RAM|XVJ
PNF,BID|WRX|WXC
PNL,HGT|KNA|LDS|YRK
PNM,FAL|PAR|TRU
PNQ,PNQ|SMQ
PNR,CRE|EDB|EUS|GLC|INV|KWK|LGK|LIV|MIA|PNR|STG
PNS,HUD|PNS|SHF
PNW,BDM|CAT|CBG|DLJ|ECR|EGR|HRH|PBO|SUO|WCY|XHZ|XSU
PNY,LLE|SHR|SWA
PNZ,BHM|EDB|EXD|NQY|PAD|PLY|PNZ|SIV
POK,BCU|BMH|BSK|NEM|POO|SOU|WEY|WIN|WOK
POL,BNP|CDF|EXD|EXM|PGN
PON,ELY|HFE|LST|SRA
POO,BCU|BMH|NEM|POO|SOU|WEY|WIN|WOK
POP,LDS|YRK
POR,CDF|TRB
POT,KNO|LDS|WKF
PPD,ABA|CDB|CDF|MER|PPD|TRB
PPK,ANL|GLQ
PPL,AGV|CDF|CMN|CRE|CTR|FGH|HFD|HHD|MAN|MFH
PRA,AYR|GLC
PRB,MAC|MAN|SOT
PRE,BBN|BIF|BPN|BPS|CKL|CNE|CRE|EDB|EUS|GLC|HAN|INV|LAN|LDS|LIV|MAN|MIA|OMS|OXN|PRE|STG|WDM|YRK
PRH,MCN|PWL
PRI,AVN|BRI|SAL|SVB|WSM
PRL,LST|SOV
PRN,CAR|SEL|WKG|WTH
PRP,BAK|BAL|BDM|BOG|BTN|CBG|HHE|LIT|WRH|WSW|XSU
PRR,AYS|BAN|BCS|BMO|BSW|HWY|MYB|OXF|PRR|SBJ
PRS,BHI|BIB|CDF|CMN|CRE|CTR|FGH|MAN|MFH|PMD|SHR
PRT,BHI|BHM|CDF|CRE|CTR|EUS|HHD|LIV|LLD|LLJ|MIA|SHR|WBQ|XOA
PRU,CAR|HEX|HPL|LGK|MBR|MPT|NCL|NNT|PRU
PRW,FAL|PAR|TRU
PRY,BHM|RGL|WSL|WVH
PSC,BPN|LIV|PRE|WGN
PSE,FST|LES|PSE|SFO|SOC|SRY
PSH,DID|GMV|HFD|OXF|PAD|WOF|WOP|WOS|WPH
PSL,BKQ|CTR|ELP|XLV
PSN,ABD|AVN|BHM|BIB|BPW|BRI|CDF|CFN|EDB|EXD|GCR|GLC|LDS|MAN|NCL|PAD|PNZ|SLO|SVB|TAU|WSM
PST,ABD|BHM|BRI|CDF|DON|DUN|EDB|GLC|GLQ|HYM|INV|KGX|NBW|NCL|PLY|PNZ
PSW,CRE|EUS|GLC
PTA,BPW|CDF|CMN|FGH|LLE|MAN|MFH|PAD|PMD|PTA|SWA
PTB,ABA|CDF|MER
PTC,BRI|BTN|ESL|FRM|HRH|NEM|PMH|PMS|SOU|WIN
PTD,LLE|LLV|SHR|SWA
PTF,LLE|LLV|SHR|SWA
PTG,GLC|GRK|WMS
PTH,ABD|ARB|DEE|EDB|EUS|GLQ|INR|INV|KGX|PTH
PTK,ADR|BHC|BHG|CRS|CUB|DMR|EDB|GLQ|GRS|HLC|LRH|MLN|MTH|RUT|SPR|WFF
PTL,BRR|DMF|GLC|KMK
PTM,BFF|CFS|MCN|PTM|PWL
PTR,FRM|GLD|NEM|PMH|PMS|PTR|SOU|WOK
PTT,GLC|NEI
PTW,AYR|GIR|GLC|KMK|STR
PUL,BAL|BOG|CCH|GTW|HRH|PMH|PMS|WSW|XSU
PUO,BAL|BDM|BTN|CAT|CBG|GTW|HRH|ORE|PBO|PMH|REI|TBD|WRH|WSW|XSU
PUR,BAK|BAL|BDM|BOG|BTN|CAT|CBG|CCH|EBN|GTW|HGS|HRH|LIT|LUT|ORE|PBO|PMH|PMS|PUR|REI|TAT|TBD|WRH|WSW|XSU
PUT,AHT|ASN|EAD|HOU|KNG|QRB|SHP|SNS|STW|TWI|WNR|WOK|WYB
PWE,GLC|NTN
PWL,MCN|PWL
PWW,BRR|EKL|GLC|KMK
PWY,BIB|BPW|BRI|CDF|CMN|EXD|FRO|PAD|PLY|PMH|PNZ|SWA|TAU
PYC,BGN|BPW|CDF|CMN|EBB|FGH|MAN|MFH|MST|PAD|PMD|SWA
PYE,CDF|EBB|MST|NWP
PYG,ADN|ADS|ASB|AYR|GLC|GRK|LAR|WMS
PYJ,GLC|GRK|WMS
PYL,CDF|CMN|MFH|PMD|SWA
PYN,FAL|PAR|TRU
PYP,BFF|LLD
PYT,MAC|MAN|SOT
QBR,SIT|SSS
QPK,GLC|NEI|NTN
QPW,EUS|KNT|QPW|SBP|WFH|WJL|WMB|ZEL
QRB,AHT|ASN|BSK|EAD|HOU|KNG|QRB|RDZ|SHP|SNS|STW|TWI|WKM|WNR|WOK|WYB
QRP,BAK|BIK|DLJ|ECR|NWD|SRS|SUO|WWR|XHZ|XSU
QUI,NQY|PAR
QYD,ABA|CDF|MER
RAD,BAN|DID|EVE|OXF
RAI,CBW|CST|DFD|DVP|FAV|FKW|GLM|KTN|LUT|MAR|RAI|RAM|RTR|SPX|SSS|WHP|XVJ
RAM,AFK|CBW|CHX|CST|FAV|GLM|MAR|RAM|RTR|SPX|TON|XVJ
RAN,EDB|FTW|GLQ|MLG
RAU,BSN|NOT|SKG
RAV,BIF|CKL|LAN|MLM|PRE|WKG
RAY,BMH|BTH|CSS|DKG|EAD|GLD|HMC|HOV|PMH|QRB|RAY|SHP|SOU|STW|TWI|WOK
RBR,CHX|CST|HGS|TON
RBU,HWX|RBU
RCA,CDF|EBB|MST|NWP
RCC,BIA|DAR|LDS|LGK|LLD|MAN|NCL|RCC|SLB|YRK
RCD,BBN|BDI|LDS|MCV|RCD
RCE,BIA|DAR|MAN|NCL|SLB
RDA,AVN|BRI|CFN|SAL|SVB|WSM
RDB,BHM|BMH|BRI|BSK|CDF|MAN|NEM|PMH|PMS|POO|ROM|SAL|SOU|WEY|WIN|WOK|WSB
RDC,BHM|FOK|RDC
RDD,BAK|BAL|BDM|EGR|OXT|UCK|WSW|XSU
RDF,BSN|DBY|GRA|LIV|MAN|NOT|NRW|PBO|SHF|SKG
RDG,ABX|BAN|BDW|BHM|BMH|BNS|BPW|BRI|BSK|CDF|CMN|CNM|DID|EXD|FRO|GMV|GTW|HFD|MAN|NBY|NCL|NQY|OXF|PAD|PGN|PLY|PNZ|RDG|RDH|SLO|SOU|SWA|TAU|WOF|WOS|WPH|WSB|WSM|YRK
RDH,BAK|BAL|BDM|BTN|GTW|HRH|LUT|ORE|PBO|RDG|RDH|RDZ|REI|TBD|TON|WRH|WSW
RDM,CAR|HEX|HPL|MBR|MPT|NCL|NNT
RDN,CLY|LIV|MAN|NMC|NOT|SHF
RDR,ABA|CDB|CDF|MER|PPD|TRB
RDT,BDM|BFR|BTN|COR|DBY|EGR|EPH|HNH|LUT|NOT|ORP|RAI|SAC|SHF|STP|SUO|TBD
RDW,BDW|BSK|NBY|PAD|RDG
RDZ,ACT|GTW|QRB|RDZ|SFR|SNS
REC,CHN|ENF|LST
RED,BHM|EDB|EXD|PAD|PLY|PNZ|RED
REE,BCC|CBG|GYM|LWT|NRW|SPO|XFD
REG,APN|REG|SHZ|SUN
REI,BAK|BAL|GTW|RDG|RDH|RDZ|REI|WSW
RET,ABD|BDI|BDQ|BEV|DON|EDB|GLQ|HGT|HUL|INV|KGX|LDS|MBR|NCL|NOT|RET|SHF|SKI|SUN|YRK
RFD,LST|SOV
RFY,BKQ|CTR|ELP|XLV
RGL,BHI|BHM|CRE|EUS|GLC|NMP|RGL|RUG|WVH
RGP,BSK|RDG
RGT,BHI|BHM|RGL|WVH
RGW,BBN|CLH|MCV
RHD,CAR|LDS|RHD
RHI,CDF|COY|PEN
RHL,BHI|BHM|CDF|CRE|CTR|EUS|HHD|LIV|LLD|LLJ|MIA|SHR|WBQ|XOA
RHM,PUR|TAT
RHO,BHI|CDF|CRE|CTR|HHD
RHU,MLG
RHY,BGN|BYI|CDF|PEN|RHY
RIA,BGN|CDF|RHY|RIA|XCF
RIC,AVP|AYS|MYB
RID,BDM|BLY
RIL,HBL|LVC
RIS,CNE|PRE
RKT,DON|LCN|PBO
RLG,LST|SOV
RLN,FRM|GLD|NEM|PMH|PMS|SOU
RMB,BFF|LLD
RMC,AWK|CLE|DON|LDS|LIV|PAQ|SHF|SHQ|YRK
RMD,AHT|ASN|BNS|EAD|HOU|KNG|QRB|RDZ|SHP|SNS|STW|WKM|WNR
RMF,CLT|COL|GDP|HAF|HWV|LST|PDX|RMF|SNF|SOV|WTM|XUP
RMK,CGT|DAR
RML,CLY|LIV|MAN|NMC|NOT|RSH|SHF|SPT
RNF,HBL|MCV
RNH,LIV|MCV|MIA|NCL|WGN
RNM,FST|GRY|LES|PSE|SOC
RNR,NRW|SHM
ROB,BPN|GLC|LIV|MCV|MIA|NCL|OXN|PRE|WGN
ROC,NQY|PAR
ROE,BAK|CYP|DLJ|SQE|WCY|WWR|XHZ
ROG,INV|WCK
ROL,CRE|GMB|LCN|MAT|NOT
ROM,BRI|CDF|PMH|PMS|ROM|SAL|SOU|WSB
ROO,BIF|CKL|LAN|MIA|MLM|PRE
ROR,CDF|EBB|MST|NWP
ROS,COW|DEE|EDB|GLT|LEV|PTH
ROT,AMS|SPX
ROW,BHM|BSW|CDF|DDG|KID|LMS|MYB|SAV|SBJ|WOF|WOS|WTE
RRB,CLY|MAN|NMC|SHF
RRN,CUB|FKG|GLQ
RSB,FGH|RSB
RSG,BBN|CNE|PRE|RCD
RSH,MAN|RSH
RSN,ABD|BHM|BRI|CDF|DON|EDB|GLC|GLQ|INV|KGX|NCL|PLY|PNZ
RTN,ADR|BHC|DMR|SPR
RTR,BFR|CBW|CST|DFD|DVP|FAV|FKW|GLM|KTN|LUT|MAR|PDW|RAI|RAM|RTR|SPX|TON|WHP|XVJ
RTY,RTY|WMS
RUA,BHI|BHM|CDF|CTR|HHD|LIV|LLJ|MAN|SHR
RUE,CTR|HHD|LIV|LLJ|MAN|MIA|WBQ|XOA
RUF,OMS|PRE
RUG,BHM|BPN|CRE|CTR|EDB|EUS|GLC|HHD|INV|LIV|MAN|MKC|NMP|PRE|RUG|STA|STG|WRX|WSL|WVH|XFB
RUN,BHM|CRE|CTR|EUS|LIV|LLD
RUS,MBR|NCL|WTB|XPK
RUT,CRS|CUB|DMR|GRS|LRH|MLN|MTH|RUT|WFF
RVB,BFR|CBW|DVP|FKW|FPK|GLM|KTN|LUT|MDE|ORP|RTR|SEV|WGC|WHP|XVJ
RVN,HUL|LDS|MAN|NCL
RWC,GOO|LDS
RYB,EDB|FTW|GLQ|MLG
RYD,RYP|RYR|SHN
RYE,AFK|EBN|HGS
RYH,HFE|LST|SRA
RYN,BIS|CBG|CMB|ELY|LST|SRA
RYP,PMH|RYP|RYR|SHN
RYR,RYP|RYR|SHN
RYS,BTN|CBG|ELY|KGX|KLN|RYS
SAA,SAA|WFJ
SAB,RYP|RYR|SHN
SAC,BDM|BFR|BTN|COR|DBY|EGR|EPH|GTW|HNH|LUT|NOT|ORP|RAI|SAC|SHF|STP|SUO|TBD
SAD,AYW|BHI|BHM|CRE|CTR|EDB|EUS|GLC|HHD|LIV|LLJ|MAN|RGL|SHR|WSL|WVH
SAE,BDQ|CAR|LAN|LDS|SKI
SAF,BAK|BAL|BDM|BOG|BTN|CBG|GTW|HRH|LUT|ORE|PBO|PMH|RDG|RDH|RDZ|TBD|WRH|WSW
SAH,NRW|SHM
SAI,PAQ|SHQ
SAJ,AFK|CST|DFD|DVP|GRV|HGS|NWX|ORP|RAI|RAM|RTR|TBW|TON|WHP
SAL,BRI|CDF|EXD|GIL|NEM|PMH|PMS|RDG|ROM|SAL|SOU|WOF|WSB|YVJ|YVP
SAM,DON|HUL|SCA|SHF
SAN,RYP|RYR|SHN
SAO,LEU|SAO
SAR,BRI|SAL|SVB|WSM
SAS,BPS|PRE
SAT,CHY|KWG|SFR|SRA|WJH
SAU,BHM|EDB|EXD|NQY|PAD|PAR|PLY|PNZ
SAV,BAN|BMO|BSW|KID|LMS|MYB|SAV|WOF|WOS
SAW,BIS|CBG|CMB|ELY|LST|SRA|SSD
SAX,HPQ|IPS|LWT|NRW
SAY,AFK|BFR|BKL|CBW|CHX|CST|DVP|FAV|FKW|FPK|GLM|MDE|RAM|RTR|SEV|WGC|XVJ
SBE,KNA|LDS|YRK
SBF,EXD|LSK|PAD|PLY|PNZ
SBJ,BHM|BSW|CDF|DDG|KID|LMS|MYB|SAV|SBJ|WOF|WOS|WTE
SBK,BIA|DAR|LDS|LGK|LLD|MAN|NCL|RCC|SLB|YRK
SBM,BIK|ECR|NWD|SRS|SUO|XSU
SBP,EUS|KNT|QPW|SBP|WFH|WMB|ZEL
SBR,EDB|FTW|GLQ|MLG|SBR
SBS,BIF|CKL|LAN|MLM|PRE|SEL|WKG
SBT,SBT
SBU,CHN|LST
SBV,GSL|PLY
SBY,BDT|BEV|HFX|HUL|KGX|LDS|MAN|SBY|SHF|YRK
SCA,HUL|LDS|MAN|SCA|SHF|YRK
SCB,SCB|SOS
SCF,AYW|BHI|BHM|BMH|COV|CRE|CTR|EDB|EUS|GLC|HHD|INV|LIV|LLJ|MAN|MKC|NMP|RDG|RGL|SHR|SOU|WSL|WVH
SCG,CHX|CST|DFD|GLM|GRV|KTN|LUT|RAI|RTR|WHP
SCH,BHC|CRS|CUB|DMR|EDB|GLQ|GRS|HLC|MTH|OBN|RUT|SPR|WFF
SCN,HNY
SCR,NQY|PAR
SCS,BRI|CDF|EXD|EXM|PAD|PGN|PNZ
SCT,INV|WCK
SCU,CLE|DON|LIV|SCU|SHF
SCY,BAK|BAL|BDM|BTN|CAT|CBG|EGR|GTW|HRH|LUT|ORE|OXT|PBO|PMH|REI|TBD|UCK|WHP|WRH|WSW|XSU
SDA,GLM|MDW|PDW|SOO|SPX|TON
SDB,BMH|CDF|CMN|CRE|EUS|FGH|MAN|MFH|PMD|SHR
SDC,BAK|CYP|DLJ|SQE|WCY|WWR|XHZ
SDE,BAK|CYP|DLJ|SQE|WCY|WWR|XHZ
SDF,CDF|CMN|PMD
SDG,AFK|CHX|CST|DVP|RAM|SPX|XVJ
SDH,GER|HWY|MYB|WRU
SDI,AFK|DVP|FAV|MAR|MDW|RAM|SPX
SDL,HBL|HNX|LVC|OMS|SDL|SOP
SDM,CRE|CRS|EDB|EUS|GLC|LIV|LNK|MIA|MTH|PLY|STG
SDN,BHM|BMH|BRI|BSK|BTN|CDF|HRH|LIT|MAN|NCL|NEM|PMH|PMS|POO|ROM|SAL|SOU|WEY|WIN|WOK|WSB
SDP,LOO|LSK
SDR,AYS|BAN|BCS|BMO|BSW|HWY|MYB|OXF|PRR|SBJ
SDW,AFK|CHX|FAV|RAM|SPX
SDY,ABD|BDI|BDQ|BEV|DON|EDB|GLQ|HGT|HRH|HUL|INV|KGX|LCN|LDS|MBR|NCL|PBO|SKI|SUN|YRK
SEA,CAR|GTA|HEX|HPL|KGX|MBR|MCE|NCL|NNT|SUN|WTB
SEB,APN|CIC|REG|SGH|SHZ|SUN
SEC,CAR|GTA|MBR|NCL|NNT|WTB
SED,BIS|CBG|CMB|ELY|LST
SEE,BTN|SEF
SEF,BTN|LWS|SEF
SEG,DVP|FAV|XVJ
SEH,BFR|CHX|FPK|SEV|WGC|XVJ
SEJ,ASL|NCL
SEL,BIF|CKL|LAN|MLM|PRE|SEL|WKG
SEM,HUL|LDS|MAN|SCA|SHF|YRK
SEN,BHM|BMV|LIC|LIF|LOB
SER,BHM|EDB|EXD|NQY|PAD|PLY|PNZ|SER|SIV
SES,DON|LDS
SET,CAR|LDS|RHD
SEV,AFK|BFR|CBW|CHX|CST|DVP|FPK|HGS|RAM|SEV|TBW|TON|WGC|XVJ
SFD,BBN|CLH|HBL|LIV|MCV|SOP|WGN|WGW
SFI,EDB|TWB
SFL,LVC|SOP
SFN,BHM|SHR
SFO,BKG|FST|LES|PSE|SFO|SOC|SRY
SFR,BAL|GTW|RDG|RDH|RDZ|SFR
SGB,BHI|BSW|DDG|EUS|HHD|KID|LMS|MYB|SAV|SBJ|WOF|WOS|WTE
SGE,SGE|WRM
SGH,APN|CIC|REG|SGH|SHZ|SUN
SGL,ABD|COW|EDB|GLT|LEV|PTH
SGM,BHM|EDB|EXD|LSK|NQY|PAD|PLY|PNZ
SGN,GFD|PAD|WEA
SGQ,SGQ
SGR,CHX|CST|DFD|GLM|KTN|LUT|RAI|WHP|XKE
SHB,NOT|WRK
SHC,KNO|LDS|WKF
SHD,BIA|SHD|SLB
SHE,EXD|NEM|SAL|WSB|YVJ|YVP
SHF,ABD|AWK|BDT|BHM|BNY|BRI|CDF|CLE|DBY|DON|EDB|GLC|HUD|HUL|LCN|LDS|LIV|MAN|MIA|NCL|NOT|NRW|PLY|PNS|PNZ|RDG|RET|SCA|SHF|STP|WKK|WRK|YRK
SHH,AVN|BRI|SAL|SVB|WSM
SHI,HOT|RDG|TWY
SHJ,LIV|MCV|MIA|NCL|WGN
SHL,GLC|NTN
SHM,NRW|SHM
SHN,RYP|RYR|SHN
SHO,BRI|CDF|PMH|PMS|SOU
SHP,EAD|QRB|RAY|SHP
SHQ,PAQ|SHQ
SHR,AYW|BHI|BHM|CDF|CMN|CRE|CTR|FGH|HHD|LIV|LLE|LLJ|LLO|MAN|MFH|PMD|SHR|STA|SWA
SHS,EDB|GLC|HNW|XCN
SHT,BHI|BHM|CDF|CRE|CTR|EUS|HHD|LIV|LLD|LLJ|MIA|SHR|WBQ|XOA
SHU,CNM|PAD|SAL|SOU|SWI|WOF|WOS
SHW,BMH|BSK|NEM|PMH|SOU|WEY|WIN|WOK
SHY,BDQ|CAR|ILK|KGX|LAN|LDS|MCM|RHD|SHY|SKI|YRK
SHZ,APN|REG|SGH|SHZ
SIA,LST|SOV
SIC,BIF|CKL|LAN|MLM|PRE|WKG
SID,BFR|CHX|CST|DFD|GLM|GRV
SIE,BDT|HUL|SHF|YRK
SIH,BDM|SAC|SUO
SIL,LCN|LEI|NOT
SIN,ADR|BHC|BHG|DMR|EDB|GLQ|HLC|LRH
SIP,DID|EVE|PAD|WOF|WOS
SIT,CBW|CST|DVP|FAV|FKW|GLM|MAR|RAM|RTR|SIT|SPX|SSS|XVJ
SIV,PNZ|SER|SIV
SJP,BNP|CDF|EXD|EXM|PGN
SJS,CHI|LST
SKE,CDF|CMN|FGH|LLE|MFH|PAD|PMD|PTA|SWA
SKG,NOT|SKG
SKI,BDQ|CAR|KGX|LAN|LDS|MCM|RHD|SKI|YRK
SKM,AVP|AYS|MYB
SKN,LOO|LSK
SKS,CAR|HEX|HPL|MBR|MPT|NCL|NNT
SKW,CHN|ENF|LST
SLA,CRS|EDB|EUS|GLC|INV|MIA|MTH|PLY
SLB,BIA|DAR|LLD|MAN|NCL|SLB|YRK
SLD,BBN|BIF|BPN|CLH|EDB|GLC|HBL|MAN|MCO|MCV|MIA|OXN|SOP|WDM|WGN|WGW
SLH,MBR|NCL|WTB|XPK
SLK,HUD|PNS|SHF
SLL,BAU|CLE|GMB|LIV|MAT|NNG|NOT|SHF
SLO,ABX|BAN|BDW|BPW|BRI|CDF|CMN|CNM|DID|EXD|FRO|GMV|HFD|MAI|NBY|NQY|OXF|PAD|PGN|PLY|PNZ|RDG|SLO|SWA|TAP|TAU|WNC|WOF|WOS|WPH|WSB|WSM
SLQ,AFK|BAK|BAL|BTN|CHX|CST|EBN|HGS|HHE|ORE|PLG|TON
SLR,BSN|DON|LCN|NOT|PBO|SKG
SLS,ADR|BHC|BHG|EDB|FTW|GRS|HLC|MLN
SLT,ADN|ADS|ASB|GLC|LAR
SLV,CHN|ENF|LST
SLW,BPN|BPS|CRE|MIA|PRE|YRK
SLY,ABD|BHM|BMV|BRI|CDF|EDB|FOK|GCR|GLC|GMV|HFD|LDS|LIC|LIF|LOB|MAN|NCL|NOT|PLY|PNZ|RDC|SSD|WOF|WOS
SMA,BSW|DDG|KID|LMS|SAV|WOF|WOS|WTE
SMB,BBN|BDI|LDS|RCD
SMD,BHM|CBG|NOT|NRW|SSD
SMG,ASN|BNS|EAD|HOU|KNG|QRB|SHP|STW
SMH,CHN|ENF|LST
SMK,BSE|CBG|COL|HPQ|IPS|LST|NRW|PBO|XFD
SML,AVN|BRI|SAL|SVB|WSM
SMN,LST|SMN|WIC
SMO,BDM|SAC|SUO
SMQ,PNQ|SMQ
SMR,BHI|BHM|BMH|CDF|EUS|HHD|LIV|MAN|RGL|SHR|WSL|WVH
SMT,HFE|LST|SRA
SMW,BHM|BSW|CDF|DDG|KID|LMS|MYB|SAV|SBJ|WOF|WOS|WTE
SMY,AFK|BFR|BKL|CHX|CST|DVP|FPK|GLM|MDE|RAM|RTR|SEV|WGC|XVJ
SNA,DON|LDS|SHF
SND,GTW|RDG|RDH|RDZ|SFR
SNE,BHM|BMH|BRI|CRE|EUS|MAN|PGN|RDG|SOU|STA
SNF,BTR|CET|CLT|COL|HPQ|HWC|HWV|IPS|LST|NRW|PDX|SMN|SNF|SOV|STA|WTM|XFD
SNG,AHT|QRB|RDZ|SNS|WKM
SNH,BPN|GLC|LIV|OXN|PRE|WGN
SNI,GOO|LDS
SNK,LIV|WAC
SNL,DKG|EAD|GLD|RAY
SNN,HBL|MCV|SOP|WGN|WGW
SNO,ABD|EDB|HRH|KGX|LDS|NCL|PBO
SNR,BAK|BAL|BDM|EGR|OXT|UCK|WHP|WSW|XSU
SNS,AHT|ASN|BNS|CHY|OXP|QRB|RDZ|SFR|SNS|WKM|WNR|WOK|WYB
SNW,BRI|BTN|CDF|HRH|NEM|PMH|PMS|SOU|WOK
SNY,QRB|SNS|WNR
SOA,BHM|BMH|BRI|BSK|BTN|LIT|MAN|NCL|NEM|PMS|POO|ROM|SAL|SOU|WEY|WIN|WOK|WSB
SOB,BOG|BTN|GTW|HAV|HRH|LIT|PMH|PMS|SOU|WSW
SOC,FST|SOC|SRY
SOE,FST|SRY
SOF,LST|SMN|WIC
SOG,CHX|CST|HGS|TON
SOH,EUS|WFH|WJL
SOI,EDB|TWB
SOJ,COL|IPS|PBO
SOK,EUS|KNT|QPW|WFH|ZEL
SOL,BAN|BMO|BSW|DDG|LMS|MYB|SAV|SBJ|WOF|WOS
SOM,HFX|HUL|LDS|MAN|SBY|YRK
SON,BDQ|CAR|LAN|LDS|MCM|SKI
SOO,CHX|CST|DFD|FAV|GLM|KTN|LUT|MAR|MDW|PDW|RAI|RAM|RTR|SOO|SPX|TON|WHP
SOP,LVC|MCO|MCV|SOP|WGW
SOR,BFR|CBW|CST|DVP|FAV|FKW|GLM|RAM|RTR|XVJ
SOS,SCB|SOS
SOT,BHM|BMH|BRI|CRE|EUS|HNY|LCN|LLD|MAN|NOT|PGN|RDG|SGQ|SOT|SOU|SPT|STA
SOU,BHM|BMH|BRI|BSK|BTN|CDF|HRH|LIT|MAN|NCL|NEM|PMH|PMS|POO|ROM|SAL|SOU|WEY|WIN|WOK|WSB
SOV,LST|SOV
SOW,BDI|BPN|HBD|LDS|RCD|YRK
SOY,SOY|ULP
SPA,DON|LCN|PBO
SPB,CHY|ECR|IMW|SFR|SPB|SRA|WFJ|WJH
SPF,DEE|EDB
SPH,DVP|FAV|FKW|XVJ
SPI,BKQ|CTR|ELP|XLV
SPK,MSW|NOT|WRK
SPL,BDM|BFR|BTN|CBG|EGR|EPH|FPK|GLM|GTW|HNH|HRH|KTN|LUT|ORP|PBO|RAI|SAC|SEV|SUO|TBD|WGC|WHP
SPN,CBG|NRW
SPO,BHM|BMH|CDF|CLE|CRE|DBY|GCR|LCN|MAT|NOT|SHF|SPO|STP
SPP,NRW
SPR,BHC|CUB|FKG|GLQ|GRS|MLN|OBN|SPR
SPS,CUB|FKG|GLQ
SPT,ALD|BHM|BMH|BRI|BUX|CDF|CLE|CMN|CRE|CTR|DON|EUS|FGH|HAZ|LIV|MAC|MAN|MFH|NOT|NRW|PGN|PMD|RDG|SHF|SHR|SOT|SOU|SPT
SPU,AFK|CBW|CHX|CST|DVP|RAM|TON
SPX,AFK|AMS|BXS|DVP|FAV|MAR|MDW|PBN|RAM|SPX
SPY,HUD|SHF
SQE,BAK|CYP|DLJ|SQE|WCY|WWR|XHZ
SQH,CAR|DMF|GLC
SQU,BPS|PRE
SRA,BIS|BTR|CET|CLT|CMD|COL|GDP|HAF|HFE|HPQ|HWC|HWV|IMW|IPS|KWG|LST|MRW|NRW|PDX|SMN|SNF|SOV|SRA|STA|WJH|WJL|WTM|XFD
SRC,BAK|BAL|BDM|BTN|ECR|EGR|EPD|EPS|GTW|HRH|ORE|OXT|PBO|REI|SRS|SUO|TBD|WFJ|WRH|WSW|XSU
SRD,AVN|BPW|BRI|CDF|CFN|FIT|PMS|SAL|SVB|TAU|WSB|WSM
SRG,AYS|BCS|HWY|MYB|OXF
SRH,BAK|SRH|WCY|XSU
SRI,BSW|KID|SAV|WOS|WTE
SRL,BSW|KID|SAV|WOS|WTE
SRN,CLY|MAN|NMC
SRO,CLE|LCN|LDS|NOT|RET|SHF|WRK
SRR,EBB|MST
SRS,BAK|BAL|BDM|BOG|BTN|CCH|EBN|ECR|EGR|EPD|GTW|HGS|HRH|LIT|ORE|OXT|PBO|PMH|PMS|REI|SRS|SUO|TBD|WFJ|WRH|WSW|XSU
SRT,AFK|BFR|CBW|CHX|DVP|FAV|FKW|FPK|GLM|KTN|LUT|MDE|ORP|RAM|RTR|SEV|TBW|WGC|WHP|XVJ
SRU,AYS|BAN|BCS|BMO|BSW|GER|HWY|MYB|OXF|PRR|SBJ|WRU
SRY,FST|SRY
SSC,BIF|CKL|LAN|MLM|PRE|WKG
SSD,BHM|CBG|LST|LWT|NRW|SSD|TOM
SSE,BAL|BOG|BTN|CCH|HAV|HHE|HOV|LIT|PMH|PMS|SOU|WRH|WSW|WWO|XSU
SSM,HUD|SHF
SSS,SIT|SSS
SST,BIS|CBG|CMB|ELY|LST|SRA|SSD|TOM
STA,BHM|BMH|BPN|BRI|CRE|CTR|EDB|EUS|GLC|HAN|HHD|INV|LIV|MAN|NMP|NOT|PGN|PRE|RDG|RUG|SOU|STA|STG|WRX|XFB|XOA
STC,INV|KYL
STD,CNM|PAD|SAL|SOU|SWI|WOF|WOS
STE,BDM|BTH|BTN|ECR|HOV|PBO|SAC|SRS|SUO|TBD|XSU
STF,INV|KYL
STG,ABD|ALO|ARB|DBL|DEE|EDB|EUS|GLQ|INV|KGX|PTH|STG
STH,BTN|CBG|KGX|KLN
STI,APN|CIC|REG|SGH|SHZ|SUN
STJ,BHM|BIB|BPW|BRI|CDF|CMN|CNM|EDB|EXD|FRO|GCR|NOT|NWP|PAD|PLY|PMH|PNZ|SWA|TAU
STK,CAR|GTA|HEX|KGX|MBR|MCE|NCL|NNT|SUN|WTB
STL,ABX|BAN|BDW|BPW|BRI|CDF|CMN|CNM|DID|EXD|FRO|GMV|HAF|HAY|HFD|HWV|MAI|NBY|NQY|OXF|PAD|PGN|PLY|PNZ|RDG|SNF|SWA|TAU|WOF|WOS|WPH|WSB|WSM
STM,HNX|LVC|OMS|SDL
STN,ABD|DEE|DON|EDB|GLQ|HNT|INR|INV|KGX|MTS|PLY|PTH
STO,BGV|GPO
STP,COR|DBY|NOT|SHF|STP
STR,AYR|GLC|KMK|STR
STS,BHM|EDB|EXD|LSK|NQY|PAD|PLY|PNZ
STT,AYR|CAR|DMF|GIR|GLC|KMK
STU,AFK|CBW|CHX|GLM|MAR|RAM|SPX|TON|XVJ
STV,ADN|ADS|ASB|GLC|LAR
STW,EAD|KNG|QRB|SHP|STW|TED|TWI
STY,BSW|KID|LMS|MYB|SAV|WOF|WOS
STZ,APN|CIC|REG|SGH|SHZ|SUN
SUC,BDM|SAC|SUO
SUD,MYB|WRU
SUG,LLE|SHR|SWA
SUM,ANL|GLQ
SUN,APN|CAR|CIC|GTA|HEX|HPL|KGX|MBR|MCE|NCL|NNT|REG|SGH|SHZ|SUN|WTB
SUO,BAK|BAL|BDM|DKG|EPD|EPS|HRH|SAC|SRS|SUO|WCY|XSU
SUP,BMN|GRP
SUR,AHT|AON|BMH|BRS|BSK|BTH|EAD|EXD|FRM|GIL|GLD|HMC|HOV|HSL|NEM|PMH|PMS|POO|PTR|QRB|RAY|SAL|SOU|SUR|WEY|WOK|WSB|YVJ|YVP
SUT,BHM|BMV|FOK|LIC|LIF|LOB|RDC
SUU,EAD|QRB|RAY|SHP
SUY,COL|MKT|SUY
SVB,BRI|SAL|SVB|WSM
SVG,AAP|ABD|BDI|BDQ|BEV|BTN|CBG|DON|EDB|ELY|FPK|GLQ|HFN|HGT|HRH|HUL|INV|KGX|KLN|LCN|LDS|LET|MBR|MOG|NCL|PBO|RYS|SKI|SUN|SVG|WGC|YRK
SVK,CLT|COL|GDP|HAF|HWV|LST|PDX|SNF|SOV
SVL,MIA|OXN|PRE|WDM
SVR,BIF|CKL|LAN|MIA|MLM|PRE
SVS,CHN|ENF|LST|SSD
SWA,BPW|CDF|CMN|FGH|LLE|MAN|MFH|PAD|PMD|PTA|SHR|SWA
SWB,DEB|PBO|SWB
SWD,CLE|CRE|GMB|LCN|MAT|NNG|NOT|PBO|STP
SWE,NOT|SKG
SWG,BMH|BSK|NEM|ROM|SAL|SOU|WIN
SWI,BPW|BRI|CDF|CMN|CNM|OXF|PAD|PNZ|SAL|SLO|SOU|SWA|SWI|TAU|WOF|WOS|WSB|WSM
SWK,BOG|BTN|CCH|HAV|LIT|PMH|PMS|SOU|WRH|WSW|WWO
SWL,SIT|SSS
SWM,CHX|CST|DFD|GLM|GRV|KTN|LUT|RAI|RTR|WHP
SWN,ABD|AWK|BDT|BHM|BRI|CDF|CLE|DON|EDB|GLC|HUL|LDS|LIV|MIA|NCL|PLY|PNZ|RDG|SCA|SHF|YRK
SWO,DVP|FAV|XVJ
SWR,BDM|BLY
SWS,BHM|GCR|LEI|SSD
SWT,HUD|HUL|MAN|MIA|NCL|RCC|SCA|WKK|YRK
SWW,BWR|CPG|MIM
SWY,BCU|BMH|BSK|NEM|POO|SOU|WEY|WIN|WOK
SXY,DON|LCN|LDS|SHF
SYA,CRE|LIV|MAN|WML
SYB,DAR|HUD|HUL|LIV|MAN|MIA|NCL|RCC|SCA|SHF|SLB|WKK|YRK
SYD,BAK|BDM|BOG|BTN|CAT|CBG|CYP|DLJ|EBN|ECR|EGR|EPS|GTW|HRH|LIT|LUT|OXT|PBO|SRH|SUO|TBD|UCK|WCY|WHP|XHZ|XSU
SYH,AFK|BFR|BKJ|ORP|RAM|XVJ
SYL,ASN|HOU|QRB|TWI|WOK|WYB
SYS,LCN|LEI|NOT
SYT,BCC|CBG|LWT|NRW
TAB,BHI|BHM|EUS|RGL|SHR|WSL|WVH
TAC,BAN
TAD,PUR|TAT
TAF,ABA|CDB|CDF|MER|PPD|TRB
TAH,ABD|BHM|BMH|BRI|CDF|EDB|GCR|GLC|LDS|NCL|NOT|PLY|PNZ|RDG|YRK
TAI,ARD|INV|TAI|WCK
TAL,MCN|PWL
TAM,CRE|EUS|GLC|LIV|NMP|PRE|RUG
TAP,ABX|GMV|MAI|OXF|PAD|PNZ|RDG|SLO|SWA|TAP
TAT,PUR|TAT
TAU,ABD|BHM|BRI|CDF|EDB|EXD|EXM|GCR|GLC|LDS|MAN|NCL|NQY|PAD|PGN|PLY|PNZ|SVB|TAU|XBV
TAY,CNR|DAL|GLQ|OBN
TBD,BAK|BAL|BDM|BOG|BTN|CBG|CCH|EBN|GTW|HGS|HRH|LIT|LUT|ORE|PBO|PMH|PMS|RDH|TBD|WRH|WSW|XSU
TBR,TBR|TIL
TBT,LCH|TBT|UIG
TBW,CHX|CST|HGS|TBW|TON
TBY,BIA|CAR|DAR|GTA|HEX|KGX|LDS|LGK|LLD|MAN|MBR|MCE|NCL|NNT|RCC|SLB|WTB|YRK
TCR,ABX|HAF|HAY|HWV|MAI|PDX|RDG|SNF|WHX
TDU,EBB|MST
TED,EAD|KNG|QRB|RAY|SHP|STW|TED|TWI
TEE,OBN
TEN,CDF|CMN|PMD|TEN
TEO,CHN|LST
TEY,CST|DVP|FAV|GLM|RAM|RTR|SPX|XVJ
TFC,AYW|BHI|BHM|CTR|HHD|LLJ|MAN|SHR
TGM,ABD|BHM|BRI|CDF|EDB|EXD|EXM|GCR|GLC|LDS|MAN|NCL|NQY|PAD|PGN|PLY|PNZ
TGS,CDF|COY|PEN
THA,BDW|FRO|NBY|PAD|PNZ|RDG|WSB
THB,EKL|GLC
THC,LDS|SHF|YRK
THD,EAD|HMC|RAY
THE,BDW|EXD|FRO|NBY|NQY|PAD|PGN|PLY|PNZ|RDG|WSB
THH,BPN|LIV|PRE|WGN
THI,ABD|BHM|BRI|CDF|DAR|DON|EDB|GLC|GLQ|INV|KGX|LDS|LIV|LLD|MAN|MBR|NCL|PLY|PNZ|RCC|RDG|SHD|SLB|SUN|YRK
THL,BHM|BMH|COV|EUS|INV|MAN|MKC|NMP|WSL|WVH
THO,BRI|GCR|WEY|WSB
THP,AFK|CHX|FAV|MAR|RAM|SPX|TON
THS,INV|WCK
THT,EKL|GLC
THU,CRE|GMB|LCN|NCT|NOT
THW,BSW|DDG|KID|LMS|SAV|SBJ|WOF|WOS|WTE
TIL,BKG|FST|LES|PSE|SFO|SOC|SRY|TBR|TIL
TIN,PAQ|SHQ
TIP,BHI|BHM|BMH|EUS|HHD|LIV|MAN|RGL|SHR|WSL|WVH
TIR,BGN|BYI|CDF|PEN|RHY
TIS,EXD|GIL|NEM|SAL|WSB|YVJ|YVP
TLB,MCN|PWL
TLC,BFF|LLD
TLH,DID|OXF|PAD|PAN|RDG|SWA|TLH
TLK,KID|SAV|WOS
TLS,CLT|COL|LST|TLS|WON
TMC,EXD|NEM|SAL|WSB|YVJ|YVP
TNA,BAU|CLE
TNF,MCN|PWL
TNN,DON|GOO|HUL|SCA|SHF
TNP,CDF|TRB
TNS,CLE|DON|LIV|SCU|SHF
TOD,BBN|BDI|LDS|RCD
TOK,AFK|EBN|HGS
TOL,CSS|EAD|RAY
TOM,BIS|CBG|CMB|ELY|HFE|LST|MRW|SRA|SSD|TOM
TON,AFK|BAL|CBW|CHX|CST|DVP|GLM|HGS|RAM|RDH|SOO|TBW|TON|XVJ
TOO,BDM|SAC|SUO
TOP,BNP|CDF|EXD|EXM|PGN
TOT,ABD|BHM|EDB|EXD|GCR|GLC|KBS|LDS|NCL|NQY|PAD|PLY|PNZ|TOT|XSC
TPB,FST|SRY
TPC,NOT|SKG
TPN,CDF|TRB
TQY,BRI|CDF|EXD|EXM|MAN|PAD|PGN
TRA,LIV|MCO|WAC
TRB,CDF|TRB
TRD,ABA|CDF|MER
TRE,ABA|CDB|CDF|MER|PPD|TRB
TRF,ABA|CDB|CDF|MER|PPD|TRB
TRH,CDF|TRB
TRI,BHM|BLY|BPN|CRE|CTR|EDB|EUS|GLC|HAN|HHD|INV|LIV|MAN|MKC|NMP|PRE|STA|STG|TRI|WRX|WSL|WVH|XOA
TRM,FLX|IPS
TRN,AYR|GIR|GLC|KMK|STR|TRN
TRO,BRI|BTH|CDF|CNM|FRO|GCR|PAD|PMH|PMS|SAL|SOU|SWI|WEY|WMN|WOF|WSB
TRR,BRI|CDF|EXD|EXM|MAN|PAD|PGN
TRS,BSE|CBG|HPQ|IPS|PBO
TRU,BHM|EDB|EXD|FAL|NQY|PAD|PAR|PLY|PNZ|TRU
TRW,AYW|BNG|CFS|DOG
TRY,CDF|TRB
TTF,CBG|DBY|ELY|LIV|LWT|MAN|NRW|SHF|SPO|SSD
TTH,BAK|BAL|BTN|ECR|EGR|EPD|GTW|ORE|PMH|REI|SRS|SUO|TBD|WFJ|WRH|WSW|XSU
TTN,BHM|BMH|BSK|MAN|NEM|POO|SOU|WEY|WIN|WOK
TUH,BDM|BIK|BTH|BTN|ECR|HOV|NWD|PBO|SAC|SRS|SUO|TBD|XSU
TUL,EDB|FTW|GLQ|MLG
TUR,CHN|LST
TUT,CRE|LCN|LLD|NOT
TVP,ABD|BHM|BRI|CDF|EDB|EXD|EXM|GCR|GLC|LDS|MAN|NCL|NQY|PAD|PGN|PLY|PNZ
TWB,EDB|TWB
TWI,AHT|ASN|BNS|EAD|HOU|KNG|QRB|RDZ|SHP|SNS|STW|TED|TWI|WKM|WNR
TWN,HNX|LVC|OMS
TWY,ABX|BAN|BDW|BPW|BRI|CDF|CMN|CNM|DID|EXD|FRO|GMV|HFD|HOT|NBY|NQY|OXF|PAD|PGN|PLY|PNZ|RDG|SLO|SWA|TAU|TWY|WOF|WOS|WPH|WSB|WSM
TYC,BHI|CDF|CRE|CTR|HHD
TYG,MCN|PWL
TYL,CNR|GLQ|OBN
TYS,BAN|BMO|BSW|DDG|KID|LMS|MAN|MYB|NCL|RDG|SAV|SBJ|WOF|WOS|WTE|YRK
TYW,MCN|PWL
UCK,UCK|XSU
UDD,CRS|EDB|GLC|GRS|LNK|MTH
UHA,ADR|BHG|EDB|FTW|GRS|HLC|MLN
UHL,BGV|GPO
UIG,KYL|LCH|TBT|UIG
ULC,BAU|CLE
ULL,BDT|BPN|HUL|LDS|SHF|YRK
ULP,IBS|SOY|ULP
ULV,BIF|CKL|LAN|MIA|MLM|PRE
UMB,AXM|BNP|EXC|EXD|EXM|PGN
UNI,BHM|BMV|CDF|EDB|FOK|GCR|GMV|HFD|LIC|LIF|LOB|NOT|RDC|SSD|WOF|WOS
UNV,APN|REG|SGH|SHZ
UPH,EAD|QRB|RAY|SHP
UPL,HBL|MCV
UPM,BKG|FST|GRY|LAI|LES|PSE|SFO|SOC|SRY
UPT,BID|WRX|WXC
UPW,BMH|BRI|GCR|NEM|SOU|WEY|WOK|WSB
URM,CLE|DON|LIV|MCO|MIA|SHF|WAC
UTT,CRE|LCN|NOT
UTY,EDB|FTW|GLQ|MLG
UWL,BAK|BAL|BDM|EGR|OXT|UCK|WSW|XSU
VAE,PAQ|SHQ
VAL,BHI|BHM|CDF|CRE|CTR|EUS|HHD|MIA|WBQ
VIR,AHT|ASN|BNS|CHY|OXP|QRB|RDZ|SFR|SNS|WKM|WOK|WYB
WAC,CLE|DON|LIV|MAN|MCO|MIA|NCL|NOT|NRW|SHF|WAC
WAD,CHX|CST|HGS|TON
WAE,AFK|CBW|CHX|CST|DFD|DVP|GLM|GRV|HGS|HYS|MDE|ORP|RAM|SEV|TBW
WAF,DUN|EDB|HYM|NBW
WAL,AHT|BMH|BSK|EAD|GLD|NEM|PMH|QRB|SOU|WOK
WAM,AFK|CHX|FAV|RAM|SPX
WAN,FNH|GLD|GTW|RDG|RDH|RDZ
WAO,HNX|LVC|OMS
WAR,HFE|LST|SRA
WAS,HFN|LET|MOG|SVG
WAV,BPN|LIV|MCV|MIA|PRE|WGN
WAW,CLE|LIV|MAN|MCO|WAC
WBC,BHM|CBG|ELY|KGX|KLN|LST|LWT|NRW|SSD
WBD,GOO|LDS
WBE,BOD|PDT
WBL,BTN|HRH|LIT|PMH|PMS|SOU|WSW
WBO,BDM|SAC|SUO
WBP,CHY|ECR|IMW|SFR|SPB|SRA|WFJ|WJH
WBQ,BPN|CRE|CTR|EDB|EUS|GLC|HHD|INV|LIV|LLJ|MAN|MIA|NOT|PRE|STG|WBQ|XOA
WBR,BUX|MAN
WBY,AHT|AON|BMH|BSK|EAD|GLD|NEM|PMH|QRB|SOU|WOK
WCB,CST|DFD|GLM|KTN|LUT|RAI|WHP|XKE
WCF,FST|SOC|SRY
WCH,BNS|EXD|GIL|NEM|RDG|SAL|WSB|YVJ|YVP
WCK,INV|WCK
WCL,EDB|GLC
WCM,HPQ|IPS|LWT|NRW
WCP,DKG|EAD|GLD|RAY
WCR,GLC|NEI
WCT,TAU|XBV
WCX,AYS|BAN|BCS|BMO|BSW|GER|HWY|MYB|OXF|PRR|SBJ|WCX|WRU
WCY,BAK|BAL|DLJ|EPD|EPS|HRH|SRS|SUO|WCY|XHZ|XSU
WDB,HPQ|IPS|LWT|NRW
WDD,CHT|NCL
WDE,KID|SAV|WOS
WDH,LCN|LDS|NOT|RET|SHF|WRK
WDL,GLC|GRK|WMS
WDM,MIA|OXN|PRE|WDM
WDN,BDI|LDS|RCD
WDO,BAK|EPD|EPS|SRS|SUO|WCY|XSU
WDS,GOO|KNO|LDS|SHF
WDT,ABX|GMV|MAI|OXF|PAD|PNZ|RDG|SWA
WDU,AFK|BFR|BKJ|ORP|RAM|XVJ
WEA,ABX|GFD|HAF|HAN|HAY|HWV|MAI|PAD|PNZ|RDG|SNF|WEA|XOA
WEE,CLT|COL|LST|WON
WEH,FST|GRY|LAI|LES|PSE|SFO|SOC|SRY
WEL,BDM|COR|DBY|NOT|SHF|STP
WEM,BHI|BIB|CDF|CMN|CRE|CTR|FGH|MAN|MFH|PMD|SHR
WEO,HNY|SGQ
WER,HNY|SGQ
WES,ADR|BHC|BHG|CUB|DMR|EDB|FTW|GLQ|HLC|LRH|MLN|MTH|OBN|SBR|SPR
WET,HGT|KNA|LDS|YRK
WEY,BMH|BRI|GCR|NEM|SOU|WEY|WOK|WSB
WFF,CRS|CUB|DMR|EUS|GLC|MLN|MTH|STG|WFF
WFH,EUS|WFH
WFI,FLX|HPQ|IPS|LWT|NRW
WFJ,BHM|BLY|BPN|CRE|CTR|ECR|EDB|EUS|GLC|HAN|HHD|IMW|INV|LIV|MAN|MKC|NMP|PRE|SAA|STA|STG|TRI|WFJ|WRX|WSL|WVH|XOA
WFL,NOT|SKG
WFN,SAA|WFJ
WGA,AFK|CHX|CST|FAV|GLM|RAM|RTR|SPX|XVJ
WGC,AAP|ABD|BDI|BDQ|BEV|BTN|CBG|DON|EDB|ELY|FPK|GLQ|HGT|HRH|HUL|INV|KGX|KLN|LCN|LDS|LET|MBR|MOG|NCL|PBO|RYS|SEV|SKI|SUN|SVG|WGC|YRK
WGN,BPN|CKL|CRE|EDB|EUS|GLC|HAN|INV|LAN|LIV|MAN|MCV|MIA|NOT|OXN|PRE|STG|WDM|WGN|XOA
WGR,BGV|GPO
WGT,CAR|WTH
WGV,HOT|RDG|TWY
WGW,HBL|MCO|MCV|SOP|WGW
WHA,AFK|CHX|CST|DVP|RAM|SPX|XVJ
WHC,CHI|LST
WHD,IMW|KWG|SRA|WJH|WJL
WHE,BBN|CLH|MCV
WHG,MCO|MCV|SOP|WGN|WGW
WHI,AFK|CHX|CST|FAV|GLM|MAR|RAM|RTR|SPX|XVJ
WHL,CHN|ENF|LST
WHM,EXD|NEM|SAL|YVJ
WHN,LIV|MCV|MIA|WGN
WHP,BDM|BFR|BTN|COR|DBY|EGR|EPH|GTW|HNH|LUT|NOT|ORP|RAI|SAC|SHF|STP|SUO|TBD|WHP
WHR,FST|SOC|SRY
WHS,CAT|XSU
WHT,CDF|COY|PEN
WHX,ABX|HAF|HAY|HWV|MAI|PDX|RDG|SNF|WHX
WHY,CAT|XSU
WIA,BHM|SHR
WIC,LST|SMN|SOV|WIC
WID,LIV|MAN|MCO|NOT|NRW|WAC
WIH,CBG|FPK|GDH|HFN|KGX|LET|MOG|PBO|SVG
WIL,BHM|CDF|NOT
WIM,BDM|BTH|HOV|SAC|SUO
WIN,BHM|BMH|BSK|HOV|MAN|NCL|NEM|PMH|POO|SOU|STA|WEY|WIN|WOK|XFB
WIS,DEB|KLB|PBO|SWB
WIV,CLT|COL|LST|WON
WIX,BDM|BTN|EGR|GTW|RAI|TBD
WJH,IMW|KWG|SRA|WJH
WJL,EUS|KNT|QPW|SBP|SRA|WFH|WJL|WMB|ZEL
WKB,GLC|LAR
WKD,HBL|MCV|SOP|WGN|WGW
WKF,ABD|BDQ|BHM|BRI|CDF|DON|EDB|GLC|HGT|KGX|KNO|LDS|NCL|PLY|PNZ|SHF|SKI|WKF
WKG,CAR|SEL|WKG|WTH
WKI,WKI
WKK,BDI|KGX|KNO|LCN|LDS|LIV|MAN|MIA|NCL|NOT|RCC|SCA|SHF|WKF|WKK|YRK
WKM,ACT|BNS|GTW|OXP|QRB|RDG|RDH|RDZ|SFR|SNS|WKM
WLC,BIS|CMB|ELY|HFE|LST|SRA
WLD,CHX|CST|HGS|TON
WLE,BHM|CBG|COL|DBY|IPS|LIV|MAN|NRW|PBO|SHF|SPO|SSD
WLF,BIS|CBG|CMB|ELY|LST|LWT|NRW|SRA|SSD
WLG,NBN
WLI,CHX|CST|DFD|GRV|RAI|RTR|XVJ
WLM,GLC|NEI
WLN,AYW|BHI|BHM|CTR|HHD|LLJ|MAN|SHR|STA
WLO,LVC|SOP
WLP,AYW|BHI|SHR
WLS,BTN|HRH|PMH|PMS|SOU|WOK
WLT,BAK|BAL|EPD|EPS|HRH|SRS|SUO|WCY|XSU
WLV,NBN
WLW,AAP|CBG|FPK|KGX|LET|RYS|SVG|WGC
WLY,MAN|RSH
WMA,AFK|BFR|CHX|EML|MDE|RAM|XVJ
WMB,BHM|BLY|BPN|CRE|CTR|ECR|EDB|EUS|GLC|HAN|HHD|IMW|INV|KNT|LIV|MAN|MKC|NMP|PRE|QPW|SAA|STG|TRI|WFJ|WMB|WRX|WSL|WVH|XOA
WMC,BSW|KID|LMS|MYB|SAV|WOF|WOS
WMD,CBG|DBY|ELY|LIV|LWT|MAN|NRW|SHF|SPO|SSD
WME,PUR|TAT
WMG,KGX|MOG|WGC
WMI,EBB|MST
WML,ALD|BMH|CDF|CMN|CRE|EUS|FGH|LIV|MAN|MFH|PMD|SHR|WML
WMN,BNS|BRI|BTH|CDF|GCR|PMH|PMS|SAL|SOU|WMN|WOF|WSB|YVJ|YVP
WMR,BSW|DDG|LMS|SAV|WOF|WOS
WMS,GLC|RTY|WMS
WMW,BGV|GPO
WNC,SLO|WNC
WND,AVP|AYS|MYB
WNE,BHM|CDF|EDB|NOT|RDG
WNF,BMH|BSK|NEM|PMH|QRB|SOU|WOK
WNG,ABA|CDF|MER
WNH,BAK|HRH
WNL,GLC|WMS
WNM,AVN|BPW|BRI|CDF|CFN|EXD|EXM|PAD|PNZ|SVB|TAU|WSM
WNN,LAN|LDS|MCM|SKI
WNO,STA|XFB
WNP,BGV|GPO
WNR,QRB|SNS|WNR
WNS,GTW|QRB|RDZ|SNS
WNT,ASN|EAD|HOU|KNG|QRB|SHP|STW|TWI|WOK|WYB
WNW,BAK|BIK|NWD|SRH|WCY|XSU
WNY,BTR|LST|SNF|WTM
WOB,BDM|BLY
WOD,PAQ|SHQ
WOF,BHM|BRI|BSW|DDG|GMV|HFD|LMS|PAD|SAV|WOF|WOS
WOH,BAK|BAL|BDM|EGR|OXT|UCK|WSW|XSU
WOK,AHT|AON|BAL|BMH|BNS|BSK|BTH|EAD|EXD|FRM|GIL|GLD|HOV|HSL|HWX|NEM|PMH|PMS|POO|PTR|QRB|SAL|SFR|SOU|SUR|WEY|WOK|WSB|YVJ|YVP
WOL,BHM|EUS|GLC|INV|MKC|NMP|WSL|WVH
WOM,BNY|HUD|LDS|PNS|SHF|WKK
WON,CLT|COL|LST|TLS|WON
WOO,BMH|NEM|SOU|WEY|WOK
WOP,ABD|BHM|BRI|CDF|EDB|GCR|GLC|LDS|NCL|NOT|OXF|PGN|SSD|WOP|WOS
WOR,AVN|BPW|BRI|BWE|CDF|CFN|EXD|EXM|NQY|PAD|PLY|PNZ|SVB|TAU|WSM
WOS,BHM|BRI|BSW|CDF|DDG|DID|GMV|HFD|LMS|OXF|PAD|SAV|WOF|WOS
WPE,BAK|CYP|DLJ|SQE|WCY|WWR|XHZ
WPH,DID|GMV|HFD|PAD|WOF|WOS|WPH
WPK,BSK|QRB
WPL,EAD|FRM|GLD|HSL|NEM|PMH|PMS|SOU|WOK
WRB,CBG|COL|HWC|LST|MNG
WRE,BHI|BIB|CDF|CMN|CRE|CTR|FGH|MAN|MFH|PMD|SHR
WRH,BAL|BOG|BTN|CCH|HAV|HHE|HOV|LIT|PMH|PMS|SOU|WRH|WSW|WWO|XSU
WRK,CLE|LCN|LDS|NOT|RET|SHF|WRK
WRL,CAR|HPL|MBR|NCL
WRM,BMH|CFC|NEM|SGE|SOU|WEY|WOK|WRM
WRN,NRW|SHM
WRP,BAN|BMO|BSW|LMS|MYB|SBJ|WOF
WRS,BDT|HUL|KGX|LDS|YRK
WRT,NRW|SHM
WRU,AYS|BAN|BCS|BMO|BSW|GER|HWY|MYB|OXF|PRR|SBJ|WRU
WRW,BAN|BMO|BSW|LMS|MYB|SAV|SBJ|WOF
WRX,BHI|BHM|BID|CDF|CRE|CTR|EUS|HHD|LIV|LLJ|MAN|SHR|WRX|WXC
WRY,QRB|SNS|WNR
WSA,LIV|MAN|MCO|WAC
WSB,BRI|BTH|CDF|CNM|EXD|FRO|GCR|PAD|PGN|PLY|PMH|PMS|PNZ|SAL|SOU|SWI|WEY|WMN|WOF|WSB|YVJ|YVP
WSE,AFK|EBN|HGS
WSF,BHM|BPN|CRE|EDB|EUS|GLC|HAN|INV|LIV|NOT|PRE|STG|XOA
WSH,CRS|EDB|EUS|GLC|GRS|LIV|LNK|MIA|MTH
WSL,BHI|BHM|EUS|RGL|WSL|WVH
WSM,AVN|BPW|BRI|BWE|CDF|CFN|EDB|EXD|EXM|MAN|NQY|PAD|PGN|PLY|PNZ|SVB|TAU|WSM
WSR,BUX|CLE|HAZ|LIV|MAN|SHF
WST,CHI|LST
WSU,BDM|SAC|SUO
WSW,BAK|ECR|EGR|EPD|EPS|GTW|ORE|PMH|REI|SRH|SRS|SUO|TBD|WRH|WSW|XSU
WTA,EDB|GLC|MTH
WTB,MBR|NCL|WTB|XPK
WTC,BHI|CDF|CMN|CRE|CTR|FGH|MAN|MFH|PMD|SHR
WTE,BMO|BSW|KID|SAV|WOS|WTE
WTG,DOW|KGX|KLN
WTH,CAR|CKL|MLM|SEL|WKG|WTH
WTI,QRB|RDZ|SNS
WTL,CDF|CMN|FGH|MAN|MFH|PMD|TEN
WTM,BTR|CET|CLT|COL|HPQ|HWC|IPS|LST|NRW|SNF|WTM|XFD
WTN,ASN|HOU|QRB|SNS|TWI|WNR
WTO,ABD|BHM|BMH|BRI|CBG|CDF|EDB|GCR|GLC|LDS|LEI|NCL|NOT|PLY|PNZ|RDG|SSD|YRK
WTR,BAL|GLM|PDW|SOO|TON
WTS,CLE|DBY|LCN|MAT|NOT
WTT,BHM|RGL|WSL|WVH
WTY,FRM|GLD|HSL|NEM|PMH|PMS|PTR|SOU|WOK
WVF,BAK|BAL|BDM|BTN|CBG|EBN|HGS|HHE|LIT|LWS|ORE|WRH|WSW|XSU
WVH,AYW|BHI|BHM|BMH|BRI|CRE|CTR|EDB|EUS|GLC|HHD|LIV|LLJ|MAN|PGN|RDG|RGL|SHR|SOU|WSL|WVH
WWA,CHX|CST|DFD|GLM|KTN|LUT|RAI|WHP|XKE
WWC,ABX|HAF|HAY|HWV|MAI|PDX|RDG
WWD,CHX|CST|DFD|GLM|LUT|RAI|XKE
WWI,CHX|HYS|LEW|NWX
WWL,NOT|WRK
WWO,BAL|BOG|BTN|CCH|HAV|HHE|HOV|LIT|PMH|PMS|SOU|WSW|WWO|XSU
WWR,BAK|DLJ|WWR|XHZ
WWW,KID|SAV|WOS
WXC,BID|WXC
WYB,AHT|AON|BMH|BSK|EAD|GLD|NEM|PMH|QRB|SOU|WOK|WYB
WYE,AFK|CBW|CHX|GLM|MAR|RAM|SPX|TON|XSI|XVJ
WYL,BHM|BMV|FOK|LIC|LIF|LOB|RDC
WYM,CAR|HEX|HPL|LGK|MBR|MPT|NCL|NNT|PRU
WYT,BSW|KID|SAV|WOS
XAA,BWK|XAA
XAD,LUB|XAD
XAJ,ABD|BHM|BRI|CDF|CLE|DBY|EDB|GLC|LCN|LDS|LLD|MAT|NCL|NOT|PLY|PNZ|RDG|SHF|STP|YRK
XAN,BAN|BHM|BMH|BMO|BSW|DID|MAN|MYB|NCL|OXF|PAD|RDG|SBJ|SOU|YRK
XAY,ABD|BHM|BRI|CDF|EDB|GCR|GLC|GMV|LDS|MAN|NCL|NOT|PAD|PGN|PLY|PNZ|SSD|WOF|WOS
XAZ,OKE|XAZ
XBJ,BHM|BMH|BRI|CRE|EDB|EUS|GLC|HHD|INV|LIV|MAN|PGN|RDG|SOU
XBV,TAU|XBV
XBW,TAU
XCB,ABA
XCF,RIA|XCF
XCI,BPW|CDF|CMN|FGH|MAN|MFH|PAD|PMD|SHR
XCN,EDB|HNW|XCN
XCO,BPN|CRE|CTR|EUS|GLC|HAN|HHD|LIV|MAN|NMP|NOT|PRE|RUG|STA|STG|WRX|XFB|XOA
XCV,OKE|XCV
XDY,TAU|XBV
XEE,BUA
XES,GOO|HUL|KNO|LCN|LDS|LIV|MAN|MIA|NCL|NOT|RCC|SCA|SHF|YRK
XEW,BHM|BMH|BSK|HOV|MAN|NCL|NEM|PMH|POO|SOU|STA|WEY|WIN|WOK|XFB
XFB,STA|XFB
XFC,BAN|BHM|BMH|BMO|BSW|MAN|MYB|NCL|RDG|SBJ|SOU|YRK
XFD,XFD
XGJ,AYW|BHI|BHM|BMH|BRI|CDF|CRE|CTR|EDB|EUS|GLC|HHD|LIV|LLJ|MAN|PGN|RDG|RGL|SHR|SOU|WSL|WVH
XGM,ABD|DBL|DEE|EDB|EUS|GLQ|INV|KGX
XGN,ABD|BDI|BDQ|BEV|BTN|CBG|DON|EDB|ELY|GLQ|HGT|HRH|HUL|INV|KGX|KLN|LCN|LDS|LET|MBR|NCL|PBO|RYS|SKI|SUN|YRK
XGQ,BHI|BHM|BMH|CRE|EUS|LIV|MAN|RGL|SHR|WSL|WVH
XGS,CAR|CRE|DMF|EDB|EUS|GLC|INV|LIV|MIA|STG
XGU,BAK|BAL|DLJ|EPD|EPS|HRH|SRS|SUO|WCY|XHZ|XSU
XGY,BAN|HWY|MYB|OXF|STA|XFB
XGZ,WTB|XPK
XHK,BHM|BRI|GMV|HFD|PAD|WOS
XHN,BHM|BPN|CRE|CTR|EDB|EUS|GLC|HAN|HHD|INV|LIV|MAN|MKC|NMP|PRE|STA|STG|WRX|WSL|WVH|XFB|XOA
XHO,ABD|BDI|BDQ|BEV|DON|EDB|GLQ|HGT|HUL|INV|LCN|LDS|MBR|NCL|PBO|SKI|SUN|YRK
XHZ,CYP|SQE|WCY|WWR|XHZ
XIC,CYP|SQE|WCY|WWR|XHZ
XIE,AMS|BXS|PBN|SPX
XIL,AFK|BAK|BAL|BTN|EBN|HGS|HHE|ORE|PLG|WSW|XSU
XIM,BPN|CRE|CTR|EUS|GLC|HAN|HHD|LIV|MAN|NMP|NOT|PRE|RUG|STA|STG|WRX|XFB|XOA
XIR,BHM|BRI|CDF|KNN|MAN|NCL|PGN|RDG|WOF|YRK
XIT,CRE|EDB|EUS|GLC|INV|LGK|LIV|MIA|STG
XIW,AFK|AMS|BXS|DVP|MAR|PBN|RAM|SPX
XJB,EDB|GLC|HNW|XCN
XJC,CMD|IMW|KWG|SRA|STA|WJH|WJL|XFD
XJF,BRI|OXF|SLO|SWA
XJR,BGV|GPO
XJS,BAK|BAL|BDM|BOG|BTN|CBG|CCH|EBN|GTW|HGS|HRH|LIT|LUT|ORE|PBO|PMH|PMS|REI|TBD|WRH|WSW|XSU
XJV,BAN|BCS|BMO|BSW|HWY|MYB|OXF|SBJ
XKB,ABD|BDI|BDQ|BEV|BTN|CBG|DON|EDB|ELY|FPK|GLQ|HFN|HGT|HRH|HUL|INV|KGX|KLN|LCN|LDS|LET|MBR|NCL|PBO|RYS|SEV|SKI|SUN|SVG|WGC|YRK
XKE,AFK|CST|DFD|DVP|GLM|GRV|HGS|KTN|LUT|ORP|RAI|RAM|RTR|TBW|TON|WHP|XKE
XKG,IMW|KWG|SRA|WJH|WJL
XKI,ABD|BHM|BMH|BRI|CDF|EDB|GCR|GLC|LDS|NCL|NOT|PLY|PNZ|RDG|YRK
XKM,BAK|BAL|BDM|BOG|BTN|CBG|EBN|HGS|HHE|LIT|ORE|WRH|WSW|XSU
XLA,WTB|XPK
XLB,LDS|XLB
XLJ,BAK|BDM|BOG|BTN|CAT|CBG|EBN|ECR|EGR|EPS|GTW|HRH|LIT|LUT|OXT|PBO|SRH|SUO|TBD|UCK|WHP|XSU
XLK,BIF|BPN|EDB|GLC|MAN|MCO|MCV|MIA|OXN|SOP|WDM|WGN|WGW
XLS,BBN|BPN|CNE|LDS|PRE|YRK
XLV,BKQ|CTR|ELP|NBN|WKI|XLV
XLX,ABD|BHM|BMH|BRI|CBG|CDF|EDB|GCR|GLC|LDS|LEI|NCL|NOT|PLY|PNZ|RDG|SSD|YRK
XLY,AFK|BFR|CBW|CHX|DVP|FAV|FKW|FPK|GLM|KTN|LUT|MDE|ORP|RAM|RTR|SEV|TBW|WGC|WHP|XVJ
XMB,CHY|ECR|IMW|SFR|SRA|WFJ|WJH
XMD,AYW|BHI|BHM|CTR|HHD|LLJ|MAN|SHR|STA
XMF,AFK|CBW|CHX|FAV|GLM|MAR|RAM|SPX|TON|XVJ
XMI,BIS|CBG|CMB|ELY|HFE|LST|SRA|SSD
XMJ,BHM|CBG|DBY|KET|MMO|NOT|NRW|SPO|SSD|STP
XMK,BDM|BTN|CBG|EGR|GLM|GTW|HRH|KTN|LUT|PBO|RAI|TBD|WHP
XMN,BHM|HFD|PAD|WOS
XMR,HBL|HNX|LVC|OMS|SDL|SOP
XMU,AFK|BFR|CBW|CHX|CST|DVP|FAV|FKW|FPK|GLM|MDE|RAM|RTR|SEV|WGC|XVJ
XNJ,AVP|AYS|BAN|BCS|BMO|BSW|GER|HWY|MYB|OXF|PRR|SBJ|WCX|WRU
XNK,ABD|BDI|BDQ|BEV|CLE|CRE|DON|EDB|GLQ|GMB|HGT|HUL|INV|KGX|LCN|LDS|MAT|MBR|NCL|NOT|SKI|STP|SUN|YRK
XOA,BIF|CKL|CNF|CRE|EDB|EUS|GLC|HAN|INV|LAN|LDS|LGK|LIV|MCM|MIA|MLM|NOT|OXN|PRE|SKI|STG|WDM|XOA
XOD,BHM|BLY|BPN|CRE|CTR|EDB|EUS|GLC|HAN|HHD|INV|LIV|MAN|MKC|NMP|PRE|STA|STG|WRX|WSL|WVH|XOA
XOE,BHM|BLY|BPN|CRE|CTR|EDB|EUS|GLC|HAN|HHD|INV|LIV|MAN|MKC|NMP|PRE|STA|STG|TRI|WRX|WSL|WVH|XOA
XOH,BAN|BMO|BSW|DDG|KID|LMS|MAN|MYB|NCL|RDG|SAV|SBJ|WOF|WOS|WTE|XOH|YRK
XOI,BPN|CRE|CTR|EUS|GLC|HAN|HHD|LIV|MAN|NMP|NOT|PRE|RUG|STA|STG|WRX|XFB|XOA
XON,BHM|BRI|CDF|KNN|MAN|NCL|PGN|RDG|WOF|YRK
XOP,AFK|BAK|BAL|BTN|CHX|CST|EBN|HGS|HHE|ORE|PLG|TON
XOS,AYW|BHI|BHM|BMH|BRI|CDF|CRE|CTR|EDB|EUS|GLC|HHD|LIV|LLJ|MAN|PGN|RDG|RGL|SHR|SOU|WSL|WVH
XOT,AFK|BFR|CHX|FKW|FPK|GLM|MDE|RAM|SEV|WGC|XVJ
XOU,BIF|BPN|CKL|CRE|EDB|EUS|GLC|HAN|INV|LAN|LIV|MAN|MIA|NOT|OXN|PRE|STG|WDM|XOA
XOW,BTR|CET|CLT|COL|GDP|HPQ|HWC|IPS|LST|NRW|SMN|SNF|SOV|WTM
XOZ,ABD|AYW|BHI|BHM|BMH|BMV|BRI|CBG|CDF|COV|CRE|CTR|EDB|EUS|FOK|GCR|GLC|HHD|KNN|LDS|LEI|LIC|LIF|LIV|LLJ|LOB|MAN|MKC|NCL|NMP|NOT|PGN|PLY|PNZ|RDC|RDG|RGL|SHR|SOU|SSD|WOF|WSL|WVH|YRK
XPE,AFK|BFR|CBW|CHX|CST|DVP|HGS|KTN|LUT|ORP|RAM|SEV|TBW|TON|WHP|XVJ
XPJ,BHM|CRE|EUS|INV|LIV|SHR|WVH
XPK,WTB|XPK
XPR,XBV
XPY,AFK|BFR|CBW|CHX|CST|DFD|DVP|GLM|GRV|HGS|HYS|MDE|ORP|RAM|SEV|TBW|TON
XQW,BHM|CBG|GCR|LDS|LEI|NOT|SSD
XRA,BHI|BHM|CRE|EUS|INV|LIV|RGL|SHR|WSL|WVH
XRH,BAK|BAL|BTN|EBN|HGS|HHE|NVH|ORE|SEF|WSW|XSU
XRJ,BFR|CBW|CST|DFD|DVP|FAV|FKW|GLM|KTN|LUT|MAR|PDW|RAI|RAM|RTR|SPX|TON|WHP|XVJ
XRL,CAR|HPL|LGK|MBR|NCL
XRO,CLE|LCN|LDS|SHF
XRT,CHX|CST|DFD|GLM|GRV|KTN|LUT|MDW|RAI|RTR|WHP|XKE|XVJ
XSC,TOT|XSC
XSG,CHN|ENF|LST|SSD
XSI,AFK|CBW|CHX|CST|DVP|FKE|FKW|RAM|SPX|XSI|XVJ
XSL,XSL
XSP,BHM|BIS|BTN|CBG|CMB|ELY|KGX|KLN|LST|LWT|NRW|SRA|SSD
XSR,CHX|CST|DFD|FAV|GLM|GRV|KTN|LUT|MAR|MDW|RAI|RAM|RTR|SPX|WHP|XVJ
XSU,BAK|BDM|BIK|BOG|BTN|CAT|EBN|ECR|EGR|EPS|HRH|LIT|NWD|OXT|PBO|SRH|SRS|SUO|TBD|UCK|XSU
XSW,ABD|BHM|BRI|CDF|EDB|GCR|GLC|GMV|HFD|LDS|MAN|NCL|NOT|PGN|PLY|PNZ|SSD|WOF|WOS
XSY,AYW|BHI|BHM|CTR|HHD|LLJ|MAN|SHR|STA
XTA,BIS|HFE|MRW|SRA
XTG,DBY|LCN|LEI|NOT|NRW|SHF|SPO|STP
XTR,BHM|BMH|CDF|CLE|CRE|DBY|GCR|LCN|LEI|MAT|NOT|NRW|STP
XUK,AFK|CHX|DVP|FAV|FKW|RAM|SPX|XVJ
XUP,RMF|XUP
XUS,BNP|CMA|LCP|LLP
XVJ,AFK|BAK|BTH|CBW|DFD|DLJ|DVP|FAV|FKW|GLM|GRV|HOV|MDW|ORP|RAM|WWR|XHZ|XVJ
XWE,ABD|BHM|BMH|BRI|CDF|EDB|GCR|GLC|LDS|NCL|NOT|PLY|PNZ|RDG|YRK
XWH,BCC|CBG|GYM|LWT|NRW|SHM|SPO|XFD
XWI,BHM|BLY|BPN|CHY|CRE|CTR|ECR|EDB|EUS|GLC|HHD|IMW|INV|LIV|MAN|MKC|NMP|PRE|SAA|STA|STG|TRI|WFJ|WRX|WSL|WVH
XWK,BFR|CBW|CST|DVP|FAV|FKW|GLM|RAM|RTR|XVJ
XWS,SFR
XWZ,BHM|BPN|CRE|CTR|EDB|EUS|GLC|HHD|INV|LIV|MAN|PRE|STA|STG|WRX|WVH
XXA,BAL|BOG|BTN|CCH|GTW|HAV|HHE|HOV|HRH|LIT|PMH|PMS|SOU|WSW|XSU
XXG,AFK|AMS|BXS|DVP|MAR|PBN|RAM|SPX
XXH,AFK|AMS|BXS|DVP|FAV|MAR|MDW|PBN|RAM|SPX
XXI,AFK|AMS|BXS|DVP|MAR|PBN|RAM|SPX
XXJ,AFK|AMS|BXS|DVP|FAV|MAR|MDW|PBN|RAM|SPX
XXK,AFK|AMS|BXS|DVP|MAR|PBN|RAM|SPX
XXL,AFK|AMS|BXS|DVP|MAR|PBN|RAM|SPX
XXO,AFK|AMS|BXS|DVP|MAR|PBN|RAM|SPX
XXQ,AFK|AMS|BXS|DVP|FAV|MAR|MDW|PBN|RAM|SPX
XXR,AFK|AMS|BXS|DVP|FAV|MAR|MDW|PBN|RAM|SPX
XXU,AFK|AMS|BXS|DVP|FAV|MAR|MDW|PBN|RAM|SPX
XXW,ECR|HAN|IMW|WFJ|XOA
XXX,AMS|BXS|PBN|SPX
XXY,AFK|AMS|BXS|DVP|FAV|MAR|MDW|PBN|RAM|SPX
XYA,SPO|XFD
XYE,BHM|CBG|COL|DBY|ELY|IPS|KGX|KLN|LIV|LWT|MAN|NRW|PBO|SHF|SSD
XYJ,BHM|BPN|CRE|EDB|EUS|GLC|HAN|INV|LIV|NOT|PRE|STG|XOA
YAE,ABD|BHM|BRI|EDB|EXD|FRO|GCR|GLC|GMV|LDS|MAN|NCL|PGN|PLY|PNZ|SSD|WEY|WOF|WOS|WSB
YAL,GLM|PDW|SOO|TON
YAT,AVN|BPW|BRI|CDF|CFN|EXD|EXM|NQY|PAD|PLY|PNZ|SVB|TAU|WSM
YEO,AXM|BNP|EXC|EXD|EXM|PGN
YET,BRI|GCR|WEY|WSB
YMH,LYP|YMH
YNW,CDF|TRB
YOK,BHC|CRS|CUB|DMR|EDB|GLQ|HLC|MTH|OBN|RUT|SPR|WFF
YRD,BSW|KID|SAV|WOS|WTE
YRK,ABD|BBN|BDT|BHM|BPN|BRI|CDF|DAR|DON|EDB|GLC|HUL|INV|KGX|LDS|LIV|MAN|MBR|MIA|NCL|PLY|PNZ|RCC|RDG|SBY|SCA|SHF|SLB|SUN|WKK|YRK
YRM,KGX|LDS|LLD|MAN|MBR|RCC|SLB|SUN|YRK
YRT,BHI|CDF|CRE|CTR|FGH|MAN|MFH|SHR
YSM,BGD|BGN|BYI|CDF|PEN|RHY|YSM
YSR,CDF|TRB
YST,BEO|NTH|YST
YVB,YVJ|YVP
YVJ,EXD|NEM|PAD|SAL|WSB|YVJ|YVP
YVP,BRI|GCR|NEM|PAD|SAL|WEY|WSB|YVJ|YVP
ZCW,BAK|CYP|DLJ|SQE|WCY|WWR|XHZ
ZDE,ZDE|ZUM
ZEL,KNT|SBP|ZEL
ZET,ZUM
ZFD,BDM|BFR|BTN|CBG|EGR|EPH|FPK|GLM|GTW|HNH|HRH|KTN|LUT|ORP|PBO|RAI|SAC|SEV|SUO|TBD|WGC|WHP
ZHA,ZHA
ZHS,ZHS|ZTH|ZUM
ZKB,ZKB|ZUM
ZLW,BAK|CYP|DLJ|SQE|WCY|WWR|XHZ
ZPU,BSK|QRB
ZTH,ZHS|ZTH|ZUM
ZTU,KWG|ZDE|ZHA|ZHS|ZKB|ZTH|ZUM
ZUM,KWG|ZDE|ZHA|ZHS|ZKB|ZTH|ZUM
