word,count
Park,62
&,58
Road,50
West,39
St,36
Hill,33
Bridge,32
Central,32
Street,31
Green,28
North,28
South,28
East,26
Parkway,23
New,22
Town,21
Junction,18
London,17
Wood,13
Heath,13
Cross,12
Lane,12
High,10
Airport,10
Kings,9
Bay,9
End,8
Mill,8
Great,7
International,7
Sutton,7
Port,7
Hall,6
Manchester,6
Vale,6
Newton,6
Grove,6
Castle,6
Ferry,5
Market,5
of,5
Upper,5
for,5
City,5
Abbey,4
Water,4
Cardiff,4
Harbour,4
Village,4
Lea,4
Queens,4
Gate,4
Thornton,4
Victoria,4
Liverpool,4
Spa,4
Langley,4
Barry,4
Hampstead,4
Mills,4
James,4
Common,4
House,4
Southend,4
Birkenhead,4
Birmingham,4
Bank,4
Manor,4
Acton,4
Arms,4
Beach,4
Watford,3
Whitchurch,3
Wandsworth,3
Warrington,3
Burnley,3
Cambridge,3
Church,3
Charing,3
Wick,3
Ash,3
Pontefract,3
Portsmouth,3
Rye,3
Hackney,3
Glasgow,3
Oak,3
Ryde,3
Oaks,3
Exeter,3
Stratford,3
Enfield,3
Downs,3
Ardrossan,3
Reading,3
Dorking,3
Dalston,3
Bootle,3
Stoke,3
Clapham,3
Dulwich,3
Croydon,3
Drayton,3
Southampton,3
Tottenham,3
Blackpool,3
Worthing,3
Edinburgh,3
Hamilton,3
Square,3
Moor,3
Queen,3
Streatham,3
Sudbury,3
Docks,3
Beckenham,3
Hyde,3
Harrow,3
Bentley,3
Paisley,3
Old,3
Wembley,3
Hatfield,3
Heathrow,3
Forest,3
Rail,3
Johns,3
Hampton,3
Kirkby,3
Milton,3
Milford,3
Oxford,3
Valley,3
Waterloo,3
Maidstone,3
Sydenham,3
Lostock,3
Preston,3
Long,3
Bromley,3
Broad,3
Woolwich,3
Worcester,3
Pensarn,2
Adlington,2
Main,2
Ystrad,2
Winnersh,2
Eton,2
Windsor,2
Wimbledon,2
Wigan,2
Whyteleafe,2
Brundall,2
Bristol,2
Brighton,2
Brondesbury,2
Rake,2
Bromborough,2
Brockley,2
Yeovil,2
Wrexham,2
Lympstone,2
Pier,2
Lymington,2
Luton,2
Riverside,2
Barking,2
Lower,2
Loughborough,2
Merthyr,2
Meols,2
Aylesbury,2
Melton,2
Matlock,2
Marple,2
Woodhouse,2
Mansfield,2
Malden,2
Maghull,2
Maesteg,2
Haven,2
Barrow,2
Barnes,2
Loch,2
Llanrwst,2
Llandudno,2
Livingston,2
Little,2
Trent,2
Lichfield,2
Garden,2
Lelant,2
Bath,2
Whaley,2
-,2
Lake,2
Kiveton,2
Kirby,2
Norton,2
Kew,2
Newport,2
Newington,2
Newhaven,2
Newbury,2
Newark,2
Newtown,2
Mount,2
Mossley,2
Moreton,2
Risborough,2
Mitcham,2
Millbrook,2
Kenton,2
Kentish,2
Kensal,2
Beaulieu,2
University,2
Inverness,2
Ince,2
Hythe,2
in,2
Hope,2
Hillington,2
Hertford,2
Herne,2
Helensburgh,2
Bedford,2
Chapel,2
Terminal,2
Low,2
Level,2
Hayes,2
Hawarden,2
Peckham,2
Morden,2
Kent,2
Ashurst,2
Down,2
Ashley,2
Surrey,2
Oulton,2
Orrell,2
Norwood,2
Hatton,2
Harwich,2
Ferrers,2
Bere,2
Harringay,2
Harlow,2
Harlington,2
Court,2
Ham,2
Hale,2
Corner,2
Purley,2
Ashford,2
Ashfield,2
Prestwick,2
Pollokshields,2
Pollokshaws,2
Pevensey,2
Penge,2
Pembroke,2
Grimsby,2
Stadium,2
Berwick,2
Brow,2
Greenock,2
Greenford,2
Malvern,2
Gillingham,2
Garth,2
Runcorn,2
Rugeley,2
Rose,2
Reedham,2
Reddish,2
Redcar,2
Rainham,2
Gainsborough,2
Bicester,2
Fort,2
Folkestone,2
Fishguard,2
Farnborough,2
Falmouth,2
Falkirk,2
Ewell,2
Epsom,2
Chase,2
Elton,2
Eltham,2
Edenbridge,2
Eccles,2
Ebbw,2
Helens,2
Budeaux,2
Albans,2
Quay,2
Ruislip,2
Smethwick,2
Well,2
Shepherds,2
Severn,2
Seven,2
Seaton,2
Salford,2
Tilbury,2
Malling,2
Kilbride,2
Garforth,2
Earlswood,2
Broadway,2
Ealing,2
Dunfermline,2
Dumbarton,2
Dudley,2
Dorchester,2
Regis,2
Bloxwich,2
Dockyard,2
Rhondda,2
Dinas,2
Marsh,2
Derby,2
Club,2
Golf,2
Denham,2
Dawlish,2
Dock,2
Coventry,2
Coulsdon,2
Bow,2
Conwy,2
Colchester,2
Coatbridge,2
Clifton,2
Thameslink,2
Hospital,2
Chester,2
Trefforest,2
Three,2
Thorpe,2
Thorne,2
The,2
Swinton,2
Stratford-upon-Avon,2
Stourbridge,2
Stone,2
Stansted,2
Stamford,2
Margarets,2
Leonards,2
Chessington,2
Brampton,2
Bramley,2
Braintree,2
Bradford,2
Colne,2
Ford,2
Catford,2
Castleton,2
Bar,2
Carshalton,2
White,2
Palace,2
Alexandra,2
Edge,2
Wickham,2
Welwyn,2
Warwick,2
Walthamstow,2
Wallasey,2
Wakefield,2
Tyndrum,2
Ty,2
Canterbury,2
Wharf,2
Byfleet,2
Bush,2
Burscough,2
Barracks,2
Burnham,2
Gardens,2
Wymondham,1
Mynach,1
Aber,1
Abercynon,1
Aberdare,1
Wythall,1
Wawen,1
Wootton,1
Arsenal,1
Adisham,1
Addlestone,1
Addiewell,1
Adderley,1
Line,1
Aberdour,1
Yorton,1
York,1
Yoker,1
Ynyswen,1
Woolston,1
Wool,1
Woodsmoor,1
Brough,1
Brora,1
Broomfleet,1
Broome,1
Brookwood,1
Brookmans,1
Bromsgrove,1
Whins,1
Brockholes,1
Brockenhurst,1
Broadstairs,1
Wressle,1
Wrenbury,1
Wraysbury,1
Wrabness,1
Worstead,1
Brunstane,1
Bruce,1
Broxbourne,1
Broughty,1
Broadbottom,1
Brixton,1
Briton,1
Brithdir,1
Meads,1
Temple,1
Brinnington,1
Brimsdown,1
Brighouse,1
Brigg,1
Brierfield,1
Bridlington,1
Burneside,1
Burnage,1
Burley-In-Wharfedale,1
Burley,1
Burgess,1
Bures,1
Bulwell,1
Builth,1
Bugle,1
Buckshaw,1
Bucknell,1
Buckley,1
Buckenham,1
Bryn,1
Bruton,1
Brunswick,1
Bynea,1
Haw,1
Buxton,1
Buxted,1
Butlers,1
Bushey,1
Busby,1
Edmunds,1
Bury,1
Burton-On-Trent,1
Joyce,1
Burton,1
Bursledon,1
Burntisland,1
Burnside,1
Burnham-On-Crouch,1
Camelon,1
Camden,1
Cambuslang,1
Camborne,1
Camberley,1
Dursley,1
Cam,1
Calstock,1
Barnsbury,1
Caledonian,1
Caldicot,1
Caldercruix,1
Caersws,1
Caerphilly,1
Caergwrle,1
Cadoxton,1
Canada,1
Cameron,1
Bridgwater,1
Bridgeton,1
Bridgend,1
Orchy,1
Allan,1
Bricket,1
Brentwood,1
Brentford,1
Brent,1
Breich,1
Bredbury,1
Braystones,1
Branksome,1
Brandon,1
Carmarthen,1
Carluke,1
Carlton,1
Carlisle,1
Cark,1
Carfin,1
Cardross,1
Cardonald,1
Cardenden,1
Carbis,1
Capenhurst,1
Cantley,1
Canonbury,1
Cannock,1
Canley,1
Canary,1
Causeland,1
Cattal,1
Cathcart,1
Cathays,1
Caterham,1
Castleford,1
Cary,1
Cartsdyke,1
Carstairs,1
Beeches,1
Carrbridge,1
Carpenders,1
Carntyne,1
Carnoustie,1
Carnforth,1
Carmyle,1
Chartham,1
Charlton,1
Charlbury,1
Wakes,1
Chappel,1
Chapleton,1
Chapeltown,1
Chapel-En-Le-Frith,1
Chandlers,1
Chalkwell,1
Latimer,1
Chalfont,1
Hundred,1
Chafford,1
Chadwell,1
Cefn-Y-Bedd,1
Bowes,1
Tree,1
Cherry,1
Chepstow,1
Cheltenham,1
Chelsfield,1
Chelmsford,1
Chelford,1
Cheddington,1
Cheam,1
Hulme,1
Cheadle,1
Chathill,1
Chatham,1
Chatelherault,1
Chassen,1
Chestfield,1
Chesterfield,1
Chester-Le-Street,1
Cheshunt,1
Chertsey,1
Branchton,1
Bramhall,1
Freeport,1
Brading,1
Bradford-On-Avon,1
Interchange,1
Forster,1
Bracknell,1
Westhumble,1
Box,1
Bowling,1
Christchurch,1
Chorleywood,1
Chorley,1
Cholsey,1
Chiswick,1
Chislehurst,1
Chirk,1
Chipstead,1
Chippenham,1
Chinley,1
Chingford,1
Chilworth,1
Chilham,1
Chichester,1
Chetnole,1
Swalecliffe,1
Clock,1
Clitheroe,1
Cleland,1
Cleethorpes,1
Claygate,1
Claverdon,1
Clarkston,1
Clarbeston,1
Clapton,1
Clandon,1
Clacton-On-Sea,1
Cilmeri,1
Stretton,1
Fenton,1
Oswaldtwistle,1
Christs,1
Congleton,1
Commondale,1
Combe,1
Colwyn,1
Colwall,1
Collington,1
Collingham,1
Coleshill,1
Cogan,1
Codsall,1
Dabernon,1
Cobham,1
Coatdyke,1
Sunnyside,1
Clydebank,1
Clunderwen,1
Bordesley,1
Oriel,1
Strand,1
Corkerhill,1
Corby,1
Corbridge,1
Copplestone,1
Coombe,1
Cooksbridge,1
Cookham,1
Cooden,1
Conway,1
Cononley,1
Conon,1
Connel,1
Conisbrough,1
Coseley,1
Coryton,1
Corrour,1
Corpach,1
Corkickle,1
Brickhill,1
Bournville,1
Bournemouth,1
Bourne,1
Bottesford,1
Botley,1
Boston,1
Bosham,1
Borth,1
Wrotham,1
Borough,1
Cressing,1
Crediton,1
Crayford,1
Crawley,1
Craven,1
Cranbrook,1
Cramlington,1
Craigendoran,1
Cradley,1
Cowdenbeath,1
Cowden,1
Arena,1
Cottingley,1
Cottingham,1
Cosham,1
Cosford,1
Crosshill,1
Crossflatts,1
Gates,1
Crookston,1
Cromford,1
Cromer,1
Crofton,1
Croftfoot,1
Cricklewood,1
Criccieth,1
Crianlarich,1
Crews,1
Crewkerne,1
Crewe,1
Creswell,1
Cressington,1
Cupar,1
Cumbernauld,1
Culrain,1
Culham,1
Cuffley,1
Cuddington,1
Crystal,1
Croy,1
Crowthorne,1
Crowle,1
Crowhurst,1
Crowborough,1
Crouch,1
Croston,1
Crossmyloof,1
Crosskeys,1
Kingsland,1
Dalry,1
Dalreoch,1
Dalmuir,1
Dalmeny,1
Dalmarnock,1
Dalmally,1
Dalgety,1
Daisy,1
Dagenham,1
Cynghordy,1
Cwmbran,1
Cwmbach,1
Cuxton,1
Custom,1
Curriehill,1
Deal,1
Warren,1
Davenport,1
Datchet,1
Darwen,1
Darton,1
Dartford,1
Darsham,1
Darnall,1
Darlington,1
Darlaston,1
Danzey,1
Danescourt,1
Danby,1
Dalwhinnie,1
Dalton,1
Sowton,1
Digby,1
Didcot,1
Dewsbury,1
Devonport,1
Deptford,1
Denton,1
Dent,1
Denmark,1
Dale,1
Denby,1
Delamere,1
Deighton,1
Deganwy,1
Deansgate,1
Dean,1
Bleasby,1
Blaydon,1
Doncaster,1
Dolwyddelan,1
Dolgarrog,1
Doleham,1
Dolau,1
Dodworth,1
Diss,1
Disley,1
Dinting,1
Dinsdale,1
Dingwall,1
Dingle,1
Powys,1
Dilton,1
Dormans,1
Deepdene,1
Totley,1
Dore,1
Bookham,1
Bond,1
Bolton-On-Dearne,1
Bolton,1
Bogston,1
Bognor,1
Bodorgan,1
Bodmin,1
Blythe,1
Crosby,1
Blundellsands,1
Bletchley,1
Drumgelloch,1
Drumfrochar,1
Drumchapel,1
Dronfield,1
Droitwich,1
Drigg,1
Driffield,1
Drem,1
Downham,1
Dovey,1
Dovercourt,1
Priory,1
Dover,1
Holes,1
Dove,1
Dorridge,1
Birnam,1
Dunkeld,1
Margaret,1
Dundee,1
Duncraig,1
Dunblane,1
Dunbar,1
Dumpton,1
Dumfries,1
Dumbreck,1
Dullingham,1
Duke,1
Duirinish,1
Duffield,1
Duddeston,1
Drumry,1
Blackburn,1
Didsbury,1
Boldon,1
Earlsfield,1
Earley,1
Earlestown,1
Eaglescliffe,1
Ardudwy,1
Dyffryn,1
Dyce,1
Durrington-On-Sea,1
Durham,1
Dunton,1
Dunston,1
Dunrobin,1
Dunlop,1
Grinstead,1
Farleigh,1
Blantyre,1
Blakedown,1
Blake,1
Blairhill,1
Atholl,1
Blair,1
Ffestiniog,1
Blaenau,1
Blackwater,1
Blackrod,1
Blackridge,1
Pleasure,1
Blackhorse,1
Blackheath,1
Effingham,1
Edmonton,1
Waverley,1
Gateway,1
Eden,1
Edale,1
Eccleston,1
Ebbsfleet,1
Eastrington,1
Eastleigh,1
Eastham,1
Easterhouse,1
Eastbrook,1
Eastbourne,1
Midlands,1
Linton,1
Ely,1
Orston,1
Borehamwood,1
Elstree,1
Elsenham,1
Elsecar,1
Elmswell,1
Woods,1
Elmstead,1
Elmers,1
Ellesmere,1
Elgin,1
Elephant,1
Egton,1
Egham,1
Eggesford,1
Lock,1
Churchill,1
Bitterne,1
Bishopton,1
Bishopstone,1
Stortford,1
Bishops,1
Bishopbriggs,1
Auckland,1
Bishop,1
Snow,1
Birkdale,1
Birkbeck,1
Energlyn,1
Emsworth,1
Emerson,1
Exmouth,1
Centre,1
Exhibition,1
Thomas,1
Davids,1
Evesham,1
Balshaw,1
Euxton,1
Etchingham,1
Essex,1
Eskbank,1
Esher,1
Erith,1
Eridge,1
Erdington,1
Entwistle,1
Farnworth,1
Farningham,1
Farnham,1
Farncombe,1
Fareham,1
Falmer,1
Cruachan,1
Falls,1
Grahamston,1
Falconwood,1
Fairwater,1
Fairlie,1
Fairfield,1
Fairbourne,1
Eynsford,1
Exton,1
Filey,1
Ffairfach,1
Ferryside,1
Ferriby,1
Fernhill,1
Fenny,1
Feniton,1
Feltham,1
Felixstowe,1
Featherstone,1
Fearn,1
Fazakerley,1
Faygate,1
Faversham,1
Fauldhouse,1
Farringdon,1
Flitwick,1
Flint,1
Flimby,1
Fleet,1
Ways,1
Five,1
Fitzwilliam,1
Fiskerton,1
Goodwick,1
Fishersgate,1
Fishbourne,1
Finstock,1
Finsbury,1
Frognal,1
Finchley,1
Filton,1
Bexleyheath,1
Freshford,1
Freshfield,1
Fratton,1
Frant,1
Foxton,1
Foxfield,1
Four,1
William,1
Matilda,1
Forsinard,1
Forres,1
Formby,1
Field,1
Flowery,1
Flixton,1
Frodsham,1
Frizinghall,1
Frinton-On-Sea,1
Frimley,1
Birchwood,1
Birchington-On-Sea,1
Birchgrove,1
Bingley,1
Bingham,1
Billingshurst,1
Billingham,1
Billericay,1
Bilbrook,1
Biggleswade,1
Bidston,1
Bickley,1
Gathurst,1
Garve,1
Gartcosh,1
Garswood,1
Garston,1
Garsdale,1
Garscadden,1
Garrowhill,1
Gargrave,1
Garelochhead,1
Galashiels,1
Platt,1
Furze,1
Furness,1
Fulwell,1
Frome,1
Glasshoughton,1
Glan,1
Glaisdale,1
Girvan,1
Gipsy,1
Gilshochill,1
Fargoed,1
Gilfach,1
Gilberdyke,1
Giggleswick,1
Giffnock,1
Gidea,1
Gerrards,1
Georgemas,1
Gatwick,1
Gatley,1
Gomshall,1
Golspie,1
Goldthorpe,1
Godstone,1
Godley,1
Godalming,1
Gobowen,1
Glynde,1
Gloucester,1
Glossop,1
with,1
Glenrothes,1
Glengarnock,1
Glenfinnan,1
Gleneagles,1
Glazebrook,1
Grangetown,1
Grange-Over-Sands,1
Grange,1
Goxhill,1
Gowerton,1
Gourock,1
Gospel,1
Gorton,1
Goring-By-Sea,1
Streatley,1
Goring,1
Gorebridge,1
Gordon,1
Goostrey,1
Goole,1
Goodmayes,1
Greenwich,1
Bluewater,1
Greenhithe,1
Greenfield,1
Greenfaulds,1
Greenbank,1
Yarmouth,1
Missenden,1
Coates,1
Chesterford,1
Ayton,1
Grays,1
Gravesend,1
Gravelly,1
Grateley,1
Grantham,1
Guide,1
Grosmont,1
Grindleford,1
Gretna,1
Bexley,1
Bexhill,1
Beverley,1
Betws-Y-Coed,1
Bethnal,1
Betchworth,1
Bescot,1
Bescar,1
Berwick-Upon-Tweed,1
Berrylands,1
Berry,1
Berney,1
Fold,1
Hag,1
Hadley,1
Hadfield,1
Haddiscoe,1
Thame,1
Haddenham,1
Hackbridge,1
Habrough,1
Gypsy,1
Gwersyllt,1
Gunton,1
Gunnislake,1
Gunnersbury,1
Guiseley,1
Guildford,1
Hamworthy,1
Hamstead,1
Hampton-In-Arden,1
Hampden,1
Hammerton,1
Hamble,1
Haltwhistle,1
Halling,1
th',1
i',1
Halifax,1
Halewood,1
Halesworth,1
Hairmyres,1
Hagley,1
Haggerston,1
Hartford,1
Harrow-on-the-Hill,1
Wealdstone,1
Harrogate,1
Harrington,1
Lanes,1
Harrietsham,1
Harpenden,1
Harold,1
Harling,1
Harlesden,1
Harlech,1
Hapton,1
Hanwell,1
Handforth,1
Hanborough,1
Hartwood,1
Hartlepool,1
Hartlebury,1
Bermuda,1
Berkswell,1
Berkhamsted,1
Alston,1
Bentham,1
Benfleet,1
Rhydding,1
Ben,1
Bempton,1
Belvedere,1
Beltring,1
Belper,1
Belmont,1
Haymarket,1
Hayle,1
Haydons,1
Haydon,1
Hawkhead,1
Haverfordwest,1
Havenhouse,1
Havant,1
Hattersley,1
Hathersage,1
Peverel,1
Stainforth,1
Hatch,1
Hastings,1
Hassocks,1
Haslemere,1
Hedge,1
Heckington,1
Hebden,1
Heaton,1
1-2-3,1
Terminals,1
5,1
4,1
Healing,1
Heald,1
Headstone,1
Headingley,1
Headcorn,1
Headbolt,1
Hazel,1
Haywards,1
Helmsdale,1
Hellifield,1
Bellshill,1
Bellingham,1
Bellgrove,1
Vue,1
Belle,1
Bekesbourne,1
Beeston,1
Bedwyn,1
Bedworth,1
Bedminster,1
Bedlington,1
Bedhampton,1
Heighington,1
Hednesford,1
Heyford,1
Hexham,1
Heworth,1
Hever,1
Heswall,1
Hessle,1
Hersham,1
Hereford,1
Hensall,1
Henley-On-Thames,1
Henley-In-Arden,1
Hengoed,1
Hendon,1
Hempstead,1
Hemel,1
Helsby,1
Hindley,1
Hinckley,1
Hinchley,1
Hilsea,1
Hillside,1
Hillfoot,1
Hildenborough,1
Hightown,1
Islington,1
Highbury,1
Highbridge,1
Highams,1
Higham,1
Wycombe,1
Brooms,1
Heysham,1
Honor,1
Honley,1
Honiton,1
Honeybourne,1
Homerton,1
Holytown,1
Holyhead,1
Holton,1
Holmwood,1
Holmes,1
Hollingbourne,1
Hockley,1
Hither,1
Hitchin,1
Admiral,1
Hinton,1
Hounslow,1
Hough,1
Hoscar,1
Horwich,1
Ribblesdale,1
Horton,1
Horsley,1
Horsham,1
Horsforth,1
Hornsey,1
Hornbeam,1
Horley,1
Horden,1
Hopton,1
Hooton,1
Hook,1
Hunmanby,1
Hungerford,1
Huncoat,1
Humphrey,1
Hull,1
Huddersfield,1
Hucknall,1
Hubberts,1
Hoylake,1
Hoxton,1
Howwood,1
Howden,1
How,1
Wroxham,1
Hoveton,1
Hove,1
Insch,1
Ingatestone,1
Imperial,1
Ilkley,1
Ilkeston,1
Ilford,1
Ifield,1
Hyndland,1
Hykeham,1
Huyton,1
Cranswick,1
Hutton,1
Hurst,1
Hunts,1
Huntly,1
Huntingdon,1
Quarter,1
Jewellery,1
Cook,1
Ivybridge,1
Iver,1
Islip,1
Isleworth,1
Irvine,1
Irlam,1
Ipswich,1
Inverurie,1
Invershin,1
Inverkip,1
Inverkeithing,1
Invergowrie,1
Invergordon,1
Kendal,1
Kemsley,1
Kemsing,1
Kempton,1
Hardwick,1
Kempston,1
Kemble,1
Kelvindale,1
Kelvedon,1
Keith,1
Keighley,1
Kearsney,1
Kearsley,1
Jordanhill,1
Johnstone,1
Johnston,1
Kennishead,1
Kennett,1
Kenley,1
Beccles,1
Bebington,1
Beauly,1
Beasdale,1
Bearsted,1
Bearsden,1
Bearley,1
Beaconsfield,1
Bayford,1
Battlesbridge,1
Battle,1
Battersea,1
Kenilworth,1
Kilmarnock,1
Kilgetty,1
Kildonan,1
Kildale,1
Kilburn,1
Kidwelly,1
Kidsgrove,1
Kidderminster,1
Kidbrooke,1
Keynsham,1
Keyham,1
Kettering,1
Kents,1
Olympia,1
Kensington,1
Rise,1
Sandall,1
Kirk,1
Kintore,1
Kintbury,1
Kingussie,1
Kingswood,1
Kingston,1
Kingsknowe,1
Nympton,1
Lynn,1
Kinghorn,1
Kingham,1
Kinbrace,1
Kilwinning,1
Kilpatrick,1
Kilmaurs,1
Knebworth,1
Knaresborough,1
Lindsey,1
Kirton,1
Kirkwood,1
Forge,1
Kirkstall,1
Kirknewton,1
Kirkhill,1
Wesham,1
Kirkham,1
Kirkdale,1
Kirkconnel,1
Kirkcaldy,1
Kirkby-In-Furness,1
Stephen,1
Lancing,1
Lancaster,1
Lanark,1
Lamphey,1
Lakenheath,1
Lairg,1
Laindon,1
Ladywell,1
Ladybank,1
Lochalsh,1
Kyle,1
Knutsford,1
Knucklas,1
Knottingley,1
Knockholt,1
Knighton,1
Soar,1
Layton,1
Lawrence,1
Laurencekirk,1
Larkhall,1
Largs,1
Larbert,1
Lapworth,1
Lapford,1
Thorns,1
Langwith,1
Langwathby,1
Langside,1
Langho,1
Langbank,1
Landywood,1
Leamington,1
Lealholm,1
Leagrave,1
Kirkoswald,1
Lazonby,1
Battersby,1
Batley,1
Bathgate,1
Ball,1
Bat,1
Basingstoke,1
Basildon,1
Barton-On-Humber,1
Links,1
Island,1
Barrow-In-Furness,1
Leuchars,1
Letchworth,1
Leominster,1
Lenzie,1
Lenham,1
Saltings,1
Buzzard,1
Leighton,1
Leigh-on-Sea,1
Leigh,1
Leicester,1
Leeds,1
Lee,1
Ledbury,1
Leatherhead,1
Leasowe,1
Liskeard,1
Liphook,1
Linlithgow,1
Lingwood,1
Lingfield,1
Lincoln,1
Limehouse,1
Lidlington,1
Leytonstone,1
Midland,1
Leyton,1
Leyland,1
Lewisham,1
Lewes,1
Levenshulme,1
Leven,1
Llandecwyn,1
Llandanwg,1
Llandaf,1
Llanbradach,1
Llanbister,1
Llanbedr,1
Llanaber,1
Lime,1
Littleport,1
Littlehaven,1
Littlehampton,1
Littleborough,1
Kimble,1
Thornhill,1
Lisvane,1
Liss,1
Llantwit,1
Llansamlet,1
Llanishen,1
Llanhilleth,1
Llanharan,1
Llangynllo,1
Llangennech,1
Llangammarch,1
Llangadog,1
Llanfairpwll,1
Llanfairfechan,1
Llanelli,1
Llandybie,1
Llandrindod,1
Llandovery,1
Llandeilo,1
Lockwood,1
Lockerbie,1
Lochwinnoch,1
Lochluichart,1
Lochgelly,1
Locheilside,1
Lochailort,1
Bound,1
Outward,1
Eil,1
Awe,1
Llwynypia,1
Llwyngwril,1
Llanwrtyd,1
Llanwrda,1
Major,1
Euston,1
Cannon,1
Blackfriars,1
Upon,1
Barrhill,1
Barrhead,1
Barnt,1
Barnstaple,1
Barnsley,1
Barnhill,1
Barnham,1
Barnetby,1
Barnehurst,1
Barmouth,1
Barming,1
Barlaston,1
Gralam,1
Looe,1
Longton,1
Longport,1
Longniddry,1
Longfield,1
Longcross,1
Longbridge,1
Longbeck,1
Eaton,1
Buckby,1
Pancras,1
Paddington,1
Marylebone,1
Fields,1
Fenchurch,1
Lydney,1
Luxulyan,1
Bargoed,1
Bargeddie,1
Bare,1
Bardon,1
Barassie,1
Banstead,1
Bangor,1
Banbury,1
Banavie,1
Bamford,1
Ludlow,1
Lowestoft,1
Lowdham,1
Lostwithiel,1
Manorbier,1
Manningtree,1
Manea,1
Football,1
United,1
Piccadilly,1
Link,1
Malton,1
Mallaig,1
Maidenhead,1
Maiden,1
Machynlleth,1
Macclesfield,1
Lytham,1
Commando,1
Lye,1
Martins,1
Martin,1
Marston,1
Marske,1
Barton,1
Marsden,1
Marlow,1
Tey,1
Marks,1
Markinch,1
Rasen,1
Harborough,1
Margate,1
Marden,1
March,1
Manors,1
Aylesham,1
Aylesford,1
Menheniot,1
Mowbray,1
Melksham,1
Meldreth,1
Meadowhall,1
Maze,1
Maybole,1
Maxwell,1
Mauldeth,1
Maryport,1
Maryland,1
Maryhill,1
Marton,1
Heron,1
Meridian,1
Meopham,1
Cop,1
Menston,1
Bamber,1
Balmossie,1
Balloch,1
Balham,1
Baldock,1
Balcombe,1
Baillieston,1
Baildon,1
Bagshot,1
Baglan,1
Bache,1
Ayr,1
Minffordd,1
Keynes,1
Milngavie,1
Millom,1
Milliken,1
Midgham,1
Middlewood,1
Middlesbrough,1
Micklefield,1
Micheldever,1
Mexborough,1
Metrocentre,1
Metheringham,1
Tydfil,1
Merstham,1
Merryton,1
Morecambe,1
Morchard,1
Morar,1
Moorthorpe,1
Moorside,1
Moorgate,1
Moorfields,1
Montrose,1
Montpelier,1
Monks,1
Monifieth,1
Mobberley,1
Eastfields,1
Mistley,1
Mirfield,1
Minster,1
Mottingham,1
Motspur,1
Motherwell,1
Moston,1
Mosspark,1
Side,1
Moss,1
Moseley,1
Moses,1
Mortlake,1
Mortimer,1
Morpeth,1
Morley,1
Mawddach,1
Morfa,1
Moreton-In-Marsh,1
Nairn,1
Backwell,1
Nailsea,1
Nafferton,1
Mytholmroyd,1
Musselburgh,1
Muirend,1
Ord,1
Muir,1
Mountain,1
Vernon,1
Florida,1
Moulsecoomb,1
Mouldsworth,1
Dunbridge,1
Mottisfont,1
Holland,1
Cumnock,1
Clee,1
Barnet,1
Netley,1
Nethertown,1
Netherfield,1
Neston,1
Nelson,1
Neilston,1
Needham,1
Neath,1
Navigation,1
Narborough,1
Narberth,1
Nantwich,1
Pudsey,1
Axminster,1
Avonmouth,1
Avoncliff,1
Aviemore,1
Aughton,1
Audley,1
Auchinleck,1
Attleborough,1
Attenborough,1
Attadale,1
Atherton,1
Atherstone,1
Aston,1
Guise,1
Aspley,1
Newton-On-Ayr,1
Newton-Le-Willows,1
Cyres,1
Aycliffe,1
Abbot,1
Newstead,1
Newsham,1
Newquay,1
Newmarket,1
Newcraighall,1
Newcourt,1
Newcastle,1
Racecourse,1
Newbridge,1
Northgate,1
Southgate,1
Northfield,1
Northampton,1
Northallerton,1
Walsham,1
Sheen,1
Queensferry,1
Fambridge,1
Camp,1
Normanton,1
Normans,1
Norbury,1
Norbiton,1
Nitshill,1
Ninian,1
Newtonmore,1
Newtongrange,1
Oban,1
Oakleigh,1
Oakham,1
Oakengates,1
Nutfield,1
Nutbourne,1
Nunthorpe,1
Nunhead,1
Nuneaton,1
Nottingham,1
Norwich,1
Northwich,1
Northumberland,1
Northolt,1
Cooper,1
Northfleet,1
Oxshott,1
District,1
Oxenholme,1
Overton,1
Overpool,1
Outwood,1
Otford,1
Orpington,1
Ormskirk,1
Ore,1
Olton,1
Oldfield,1
Roan,1
Okehampton,1
Ockley,1
Ockendon,1
Parton,1
Partick,1
Parson,1
Parkstone,1
Parbold,1
Par,1
Pantyffynnon,1
Pannal,1
Pangbourne,1
Palmers,1
Gilmour,1
Canal,1
Paignton,1
Padgate,1
Paddock,1
Oxted,1
Pen-Y-Bont,1
Burry,1
Pembrey,1
Pemberton,1
Pegswood,1
Aspatria,1
Aslockton,1
Askam,1
Ashwell,1
Ashton-Under-Lyne,1
Ashtead,1
Ashington,1
Peartree,1
Patterton,1
Patricroft,1
Patchway,1
Penychain,1
Pentre-Bach,1
Penshurst,1
Penryn,1
Penrith,1
Penrhyndeudraeth,1
Penrhiwceiber,1
Penmere,1
Penmaenmawr,1
Penkridge,1
Penistone,1
Penhelig,1
Pengam,1
Pencoed,1
Penarth,1
Penally,1
Pitlochry,1
Pinhoe,1
Pineapple,1
Pilning,1
Pewsey,1
Westham,1
Petts,1
Petersfield,1
Peterborough,1
Perth,1
Pershore,1
Barr,1
Perry,1
Perranwell,1
Penzance,1
Penyffordd,1
Pontarddulais,1
Pont-Y-Pant,1
Ponders,1
Polsloe,1
Polmont,1
Polesworth,1
Polegate,1
Pokesdown,1
Plymouth,1
Plumstead,1
Plumpton,1
Plumley,1
Pluckley,1
Plockton,1
Pleasington,1
Pitsea,1
Porthmadog,1
Porth,1
Portchester,1
Talbot,1
Sunlight,1
Poppleton,1
Poole,1
Pontypridd,1
Inn,1
and,1
Pontypool,1
Pontyclun,1
Pontlottyn,1
Tanshelf,1
Monkhill,1
Baghill,1
Priesthill,1
Prestonpans,1
Prestbury,1
Prestatyn,1
Prescot,1
Prees,1
Poynton,1
Poulton-Le-Fylde,1
Potters,1
Parkhouse,1
Possilpark,1
Ride,1
Portway,1
Southsea,1
Portslade,1
Portlethen,1
Pulborough,1
Prudhoe,1
Prittlewell,1
Princes,1
Tewkesbury,1
Ashchurch,1
Ashburys,1
Ascott-Under-Wychwood,1
Ascot,1
Arundel,1
Tarbet,1
Arrochar,1
Arram,1
Arnside,1
Armathwaite,1
Darnley,1
Rainhill,1
Rainford,1
Radyr,1
Radley,1
Radlett,1
Radcliffe,1
Quintrell,1
Queenstown,1
Queenborough,1
Yard,1
Quakers,1
Pyle,1
Pye,1
Pwllheli,1
Putney,1
Purfleet,1
Redhill,1
Redditch,1
Redbridge,1
Rectory,1
Raynes,1
Rayleigh,1
Rawcliffe,1
Ravensthorpe,1
Ravensbourne,1
Eskdale,1
Ravenglass,1
Rauceby,1
Rannoch,1
Wilpshire,1
Ramsgreave,1
Ramsgate,1
Riddlesdown,1
Rickmansworth,1
Richmond,1
Rice,1
Ribblehead,1
Rhymney,1
Rhyl,1
Rhosneigr,1
Rhoose,1
Rhiwbina,1
Retford,1
Reston,1
Renton,1
Reigate,1
Redruth,1
Redland,1
Rolleston,1
Rogerstone,1
Rogart,1
Rock,1
Rochford,1
Rochester,1
Roche,1
Rochdale,1
Roby,1
Robroyston,1
Robertsbridge,1
Rishton,1
Pontymister,1
Risca,1
Riding,1
Ridgmont,1
Rufford,1
Ruabon,1
Royston,1
Roydon,1
Roy,1
Rowley,1
Rowlands,1
Roughton,1
Rotherhithe,1
Rotherham,1
Rosyth,1
Roose,1
Romsey,1
Romiley,1
Romford,1
Roman,1
Head,1
Esplanade,1
Rutherglen,1
Ruswarp,1
Ruskington,1
Armadale,1
Arlesey,1
Arisaig,1
Argyle,1
Ardwick,1
Ardlui,1
Ardgay,1
Arbroath,1
Apsley,1
Appley,1
Rugby,1
Sandhills,1
Sanderstead,1
Sandbach,1
Agbrigg,1
Sandal,1
Salwick,1
Saltmarshe,1
Saltcoats,1
Saltburn,1
Saltash,1
Saltaire,1
Salisbury,1
Salhouse,1
Salfords,1
Crescent,1
Ryder,1
Saxmundham,1
Saxilby,1
Sawbridgeworth,1
Saunderton,1
Saundersfoot,1
Sarn,1
Sanquhar,1
Penketh,1
Sankey,1
Sandy,1
Sandwich,1
Sandwell,1
Sandplace,1
Sandown,1
Sandling,1
Sandhurst,1
Jordans,1
Seer,1
Delaval,1
Carew,1
Seascale,1
Seamer,1
Seaham,1
Litherland,1
Seaforth,1
Seaford,1
Seaburn,1
Sea,1
Scunthorpe,1
Scotstounhill,1
Scotscalder,1
Scarborough,1
Sheerness-On-Sea,1
Shawlands,1
Shawford,1
Shawfair,1
Shanklin,1
Shalford,1
Shadwell,1
Tunnel,1
Sevenoaks,1
Sisters,1
Settle,1
Selly,1
Selling,1
Sellafield,1
Selhurst,1
Selby,1
Shipley,1
Shiplake,1
Shildon,1
Shifnal,1
Shieldmuir,1
Shettleston,1
Sheringham,1
Sherburn-In-Elmet,1
Sherborne,1
Shepreth,1
Shepperton,1
Shepley,1
Shenstone,1
Shenfield,1
Shelford,1
Sheffield,1
Sidcup,1
Shrewsbury,1
Shotts,1
Shotton,1
Shortlands,1
Shoreham-By-Sea,1
Shoreham,1
Shoreditch,1
Sholing,1
Shoeburyness,1
Shirley,1
Shireoaks,1
Shirehampton,1
Shirebrook,1
Shipton,1
Shippea,1
Slough,1
Sleights,1
Sleaford,1
Slateford,1
Slaithwaite,1
Slade,1
Skipton,1
Skewen,1
Skegness,1
Sittingbourne,1
Singer,1
Silverdale,1
Silver,1
Silkstone,1
Silecroft,1
Sileby,1
Merton,1
Gyle,1
Elmsall,1
Bermondsey,1
Somerleyton,1
Solihull,1
Sole,1
Soham,1
Snowdown,1
Snodland,1
Snaith,1
Smithy,1
Rolfe,1
Galton,1
Smallbrook,1
Small,1
Row,1
Spooner,1
Spondon,1
Spital,1
Spean,1
Spalding,1
Sowerby,1
Southwick,1
Southport,1
Southminster,1
Southease,1
Southbury,1
Southbourne,1
Southall,1
Woodham,1
Wigston,1
Anderston,1
Ancaster,1
Ammanford,1
Amersham,1
Amberley,1
Erth,1
Denys,1
Columb,1
Bees,1
Austell,1
Annes-On-The-Sea,1
Andrews,1
Squires,1
Springfield,1
Springburn,1
Spring,1
Keyne,1
James',1
Ives,1
Helier,1
Germans,1
Appleford,1
Appledore,1
Appleby,1
Apperley,1
Fairhaven,1
Ansdell,1
Anniesland,1
Annan,1
Angmering,1
Anerley,1
Andover,1
Starbeck,1
Stapleton,1
Staplehurst,1
Mountfitchet,1
Stanlow,1
Stanford-Le-Hope,1
Stalybridge,1
Stallingborough,1
Staines,1
Stafford,1
Peters,1
Neots,1
Michaels,1
Cray,1
Mary,1
Warrior,1
Mandeville,1
Stockton,1
Stocksmoor,1
Stocksfield,1
Stockport,1
Stirling,1
Stewarton,1
Stewartby,1
Stevenston,1
Stevenage,1
Stepps,1
Silsden,1
Steeton,1
Stechford,1
Staveley,1
Starcross,1
Strood,1
Stromeferry,1
Strines,1
Streethouse,1
Strawberry,1
Strathcarron,1
Stranraer,1
Stowmarket,1
Stow,1
Stoneleigh,1
Stonehouse,1
Stonehaven,1
Stonegate,1
Stonebridge,1
Crossing,1
Stoke-On-Trent,1
Swale,1
Coldfield,1
Quays,1
Surbiton,1
Sunnymeads,1
Sunningdale,1
Sundridge,1
Sunderland,1
Sunbury,1
Summerston,1
Loaf,1
Sugar,1
Suffolk,1
Styal,1
Sturry,1
Stroud,1
Taffs,1
Tadworth,1
Tackley,1
Syston,1
Syon,1
Swineshead,1
Swindon,1
Swinderby,1
Swaythling,1
Sway,1
Swanwick,1
Swansea,1
Dragon,1
George,1
Swanscombe-,1
Swanley,1
Tenby,1
Templecombe,1
Telford,1
Teignmouth,1
Teesside,1
Teddington,1
Taynuilt,1
Taunton,1
Tattenham,1
Taplow,1
Tamworth,1
Tame,1
Talybont,1
Talsarnau,1
Tal-Y-Cafn,1
Tain,1
Thorntonhall,1
Thornliebank,1
Thornford,1
Thornaby,1
Thirsk,1
Thetford,1
Theobalds,1
Theale,1
Lakes,1
Hawthorns,1
Thatto,1
Thatcham,1
Thanet,1
Ditton,1
Thames,1
Teynham,1
Ton,1
Tolworth,1
Todmorden,1
Tiverton,1
Tisbury,1
Tir-Phil,1
Tipton,1
Tilehurst,1
Tile,1
Thurston,1
Thurso,1
Thurnscoe,1
Thurgarton,1
Bridges,1
Thorpe-Le-Soken,1
Culvert,1
Alloa,1
Allens,1
Alfreton,1
Alexandria,1
Trafford,1
Totton,1
Totnes,1
Torre,1
Torquay,1
Topsham,1
Tooting,1
Tonypandy,1
Tonfanau,1
Tondu,1
Tonbridge,1
Pentre,1
Trimley,1
Treorchy,1
Treherbert,1
Trehafod,1
Estate,1
Ambergate,1
Alvechurch,1
Altrincham,1
Alton,1
Altnabreac,1
Althorpe,1
Althorne,1
Alsager,1
Alresford,1
Alnmouth,1
Alness,1
Glas,1
Croes,1
Twyford,1
Twickenham,1
Tweedbank,1
Tutbury,1
Turkey,1
Wells,1
Tunbridge,1
Tulse,1
Tulloch,1
Truro,1
Trowbridge,1
Troon,1
Troed-Y-Rhiw,1
Tring,1
Upton,1
Warlingham,1
Holloway,1
Halliford,1
Upminster,1
Upholland,1
Uphall,1
Umberleigh,1
Ulverston,1
Ulleskelf,1
Ulceby,1
Uddingston,1
Uckfield,1
Tywyn,1
Tyseley,1
Tygwyn,1
Walsden,1
Walsall,1
Walmer,1
Wallyford,1
Wallington,1
Walkden,1
Westgate,1
Kirkgate,1
Wainfleet,1
Wadhurst,1
Waddon,1
Virginia,1
Vauxhall,1
Uttoxeter,1
Urmston,1
Upwey,1
Wateringbury,1
Waterbeach,1
Orton,1
Warnham,1
Warminster,1
Wargrave,1
Wareham,1
Ware,1
Warblington,1
Wapping,1
Wanstead,1
Wanborough,1
Walton-On-The-Naze,1
Walton-On-Thames,1
Walton,1
Waltham,1
Wendover,1
Wemyss,1
Wem,1
Welshpool,1
Wellington,1
Wellingborough,1
Welling,1
Welham,1
Weeton,1
Weeley,1
Wedgwood,1
Technology,1
Wavertree,1
Waun-Gron,1
Watton-At-Stone,1
Watlington,1
Adwick,1
Westgate-On-Sea,1
Westerton,1
Westerfield,1
Hailes,1
Wester,1
Westenhanger,1
Westcombe,1
Westcliff,1
Westbury,1
Runton,1
Horndon,1
Calder,1
Brompton,1
Allerton,1
Wennington,1
Wetheral,1
Weston-Super-Mare,1
Weston,1
Westhoughton,1
Parade,1
Aldrington,1
Aldershot,1
Aldermaston,1
Alderley,1
Albrighton,1
Albany,1
Airdrie,1
Airbles,1
Aintree,1
Ainsdale,1
Aigburth,1
Whitley,1
Whitland,1
Whitehaven,1
Whitecraigs,1
Whitechapel,1
Notley,1
Hart,1
Whitby,1
Whiston,1
Whinhill,1
Whimple,1
Whifflet,1
Whatstandwell,1
Whalley,1
Weymouth,1
Weybridge,1
Williamwood,1
Willesden,1
Wildmill,1
Wigton,1
Wallgate,1
Western,1
Widney,1
Widnes,1
Widdrington,1
Wickford,1
Whitwell,1
Whitton,1
Whittlesford,1
Whittlesea,1
Whitstable,1
Whitlocks,1
Witton,1
Witley,1
Witham,1
Willenhall,1
Wishaw,1
Winsford,1
Triangle,1
Windermere,1
Winchmore,1
Winchfield,1
Winchester,1
Winchelsea,1
Wilnecote,1
Wilmslow,1
Wilmcote,1
Willington,1
Woodmansterne,1
Woodley,1
Woodlesford,1
Woodhall,1
Woodgrange,1
Woodbridge,1
Wombwell,1
Wolverton,1
Wolverhampton,1
Woldingham,1
Wokingham,1
Woking,1
Sands,1
Woburn,1
Wivenhoe,1
Wivelsfield,1
Yalding,1
Wylde,1
Wylam,1
Wye,1
General,1
Aberdovey,1
Achnasheen,1
Achanalt,1
Accrington,1
Aberystwyth,1
Abergele,1
Abergavenny,1
Abererch,1
Aberdeen,1
Shrub,1
Foregate,1
Worplesdon,1
Worle,1
Worksop,1
Workington,1
Worcestershire,1
Acocks,1
Acle,1
Acklington,1
Achnashellach,1
Yetminster,1
Pen,1
Yeoford,1
Yatton,1
Yate,1
Yarm,1
Yardley,1
