station_id,route_id,station_name,crs,operator,route,county,region,latitude,longitude,is_interchange,major_interchange,is_terminus1,branch_junction,is_junction,canonical_time_to_...,time_band,distance_from_..._km,distance_band,time_band,accessibility_score,difficulty_score,word_count_band,is_branch_line,is_mainline,is_coastal,route_station_id,canonical_time_to_london,time_group,is_high_speed,distance_band,nearest_landmark,nearest_landmark_km,nearest_castle,nearest_castle_km,nearest_cathedral,nearest_cathedral_km,nearest_museum,nearest_museum_km,nearest_country_house,nearest_country_house_km,nearest_nature_reserve,nearest_nature_reserve_km
SC_0024,SC_R0024,Arisaig,ARG,Scotrail,West Highland Line,,,56.912617,-5.839141,,,FALSE,,,,,,,,,,single,FALSE,TRUE,TRUE,SCR024,,,FALSE,regional,,,,,,,,,,,,
SC_0026,SC_R0026,Arrochar & Tarbet,ART,Scotrail,West Highland Line,,,56.204021,-4.722822,,,FALSE,,,,,,,,,,multiple,FALSE,TRUE,TRUE,SCR026,,,FALSE,regional,,,,,,,,,,,,
SC_0035,SC_R0035,Banavie,BNV,Scotrail,West Highland Line,,,56.84338,-5.095477,,,FALSE,,,,,,,,,,single,FALSE,TRUE,TRUE,SCR035,,,FALSE,regional,,,,,,,,,,,,
SC_0044,SC_R0044,Beasdale,BSL,Scotrail,West Highland Line,,,56.899624,-5.763864,,,FALSE,,,,,,,,,,single,FALSE,TRUE,TRUE,SCR044,,,FALSE,regional,,,,,,,,,,,,
SC_0059,SC_R0059,Bridge of Orchy,BRO,Scotrail,West Highland Line,,,56.515926,-4.763048,,,FALSE,,,,,,,,,,multiple,FALSE,TRUE,TRUE,SCR059,,,FALSE,regional,,,,,,,,,,,,
SC_0094,SC_R0094,Corpach,CPA,Scotrail,West Highland Line,,,56.842724,-5.121662,,,FALSE,,,,,,,,,,single,FALSE,TRUE,TRUE,SCR094,,,FALSE,regional,,,,,,,,,,,,
SC_0095,SC_R0095,Corrour,CRR,Scotrail,West Highland Line,,,56.760181,-4.690966,,,FALSE,,,,,,,,,,single,FALSE,TRUE,TRUE,SCR095,,,FALSE,regional,,,,,,,,,,,,
SC_0098,SC_R0098,Crianlarich,CNR,Scotrail,West Highland Line,,,56.389652,-4.617778,,,TRUE,,,,,,,,,,single,TRUE,FALSE,TRUE,SCR098,,,FALSE,regional,,,,,,,,,,,,
SC_0156,SC_R0156,Fort William,FTW,Scotrail,West Highland Line,,,56.820625,-5.106721,,,TRUE,,,,,,,,,,multiple,FALSE,TRUE,TRUE,SCR156,,,FALSE,regional,,,,,,,,,,,,
SC_0170,SC_R0170,Glenfinnan,GLF,Scotrail,West Highland Line,,,56.872753,-5.449219,,,FALSE,,,,,,,,,,single,FALSE,TRUE,TRUE,SCR170,,,FALSE,regional,,,,,,,,,,,,
SC_0188,SC_R0188,Helensburgh Upper,HLU,Scotrail,West Highland Line,,,56.013268,-4.73184,,,FALSE,,,,,,,,,,multiple,FALSE,TRUE,TRUE,SCR188,,,FALSE,regional,,,,,,,,,,,,
SC_0246,SC_R0246,Loch Eil Outward Bound,LHE,Scotrail,West Highland Line,,,56.855343,-5.191638,,,FALSE,,,,,,,,,,multiple,FALSE,TRUE,TRUE,SCR246,,,FALSE,regional,,,,,,,,,,,,
SC_0247,SC_R0247,Lochailort,LCL,Scotrail,West Highland Line,,,56.881035,-5.663456,,,FALSE,,,,,,,,,,single,FALSE,TRUE,TRUE,SCR247,,,FALSE,regional,,,,,,,,,,,,
SC_0248,SC_R0248,Locheilside,LCS,Scotrail,West Highland Line,,,56.855473,-5.290086,,,FALSE,,,,,,,,,,single,FALSE,TRUE,TRUE,SCR248,,,FALSE,regional,,,,,,,,,,,,
SC_0254,SC_R0254,Mallaig,MLG,Scotrail,West Highland Line,,,57.005497,-5.8306,,,TRUE,,,,,,,,,,single,FALSE,TRUE,TRUE,SCR254,,,FALSE,regional,,,,,,,,,,,,
SC_0264,SC_R0264,Morar,MRR,Scotrail,West Highland Line,,,56.969788,-5.821991,,,FALSE,,,,,,,,,,single,FALSE,TRUE,TRUE,SCR264,,,FALSE,regional,,,,,,,,,,,,
SC_0305,SC_R0305,Rannoch,RAN,Scotrail,West Highland Line,,,56.685318,-4.576208,,,FALSE,,,,,,,,,,single,FALSE,TRUE,TRUE,SCR305,,,FALSE,regional,,,,,,,,,,,,
SC_0311,SC_R0311,Roy Bridge,RYB,Scotrail,West Highland Line,,,56.888184,-4.83645,,,FALSE,,,,,,,,,,multiple,FALSE,TRUE,TRUE,SCR311,,,FALSE,regional,,,,,,,,,,,,
SC_0325,SC_R0325,Spean Bridge,SBR,Scotrail,West Highland Line,,,56.889839,-4.920321,,,TRUE,,,,,,,,,,multiple,FALSE,TRUE,TRUE,SCR325,,,FALSE,regional,,,,,,,,,,,,
SC_0344,SC_R0344,Tulloch,TUL,Scotrail,West Highland Line,,,56.883984,-4.701509,,,FALSE,,,,,,,,,,single,FALSE,TRUE,TRUE,SCR344,,,FALSE,regional,,,,,,,,,,,,
SC_0056,SC_R0056,Branchton,BCN,Scotrail,Wemyss Bay Branch,,,55.940647,-4.803598,,,FALSE,,,,,,,,,,single,FALSE,TRUE,FALSE,SCR056,,,FALSE,regional,,,,,,,,,,,,
SC_0202,SC_R0202,Inverkip,INP,Scotrail,Wemyss Bay Branch,,,55.905781,-4.873089,,,FALSE,,,,,,,,,,single,FALSE,TRUE,FALSE,SCR202,,,FALSE,regional,,,,,,,,,,,,
SC_0351,SC_R0351,Wemyss Bay,WMS,Scotrail,Wemyss Bay Branch,,,55.876656,-4.888525,,,TRUE,,,,,,,,,,multiple,FALSE,TRUE,FALSE,SCR351,,,FALSE,regional,,,,,,,,,,,,
SC_0040,SC_R0040,Barrhill,BRL,Scotrail,Stranraer Line,,,55.097031,-4.781834,,,FALSE,,,,,,,,,,single,FALSE,TRUE,FALSE,SCR040,,,FALSE,regional,,,,,,,,,,,,
SC_0166,SC_R0166,Girvan,GIR,Scotrail,Stranraer Line,,,55.246517,-4.848927,,,TRUE,,,,,,,,,,single,FALSE,TRUE,FALSE,SCR166,,,FALSE,regional,,,,,,,,,,,,
SC_0258,SC_R0258,Maybole,MAY,Scotrail,Stranraer Line,,,55.354485,-4.686269,,,FALSE,,,,,,,,,,single,FALSE,TRUE,FALSE,SCR258,,,FALSE,regional,,,,,,,,,,,,
SC_0334,SC_R0334,Stranraer,STR,Scotrail,Stranraer Line,,,54.909626,-5.024806,,,TRUE,,,,,,,,,,single,FALSE,TRUE,FALSE,SCR334,,,FALSE,regional,,,,,,,,,,,,
SC_0047,SC_R0047,Bellshill,BLH,Scotrail,Shotts Line,,,55.816605,-4.025222,,,FALSE,,,,,,,,,,single,FALSE,TRUE,FALSE,SCR047,,,FALSE,regional,,,,,,,,,,,,
SC_0167,SC_R0167,Glasgow Central,GLC,Scotrail,Shotts Line,,,55.860157,-4.259208,,,TRUE,,,,,,,,,,multiple,TRUE,FALSE,TRUE,SCR167,,,FALSE,regional,,,,,,,,,,,,
SC_0244,SC_R0244,Livingston South,LVG,Scotrail,Shotts Line,,,55.871712,-3.503823,,,FALSE,,,,,,,,,,multiple,FALSE,TRUE,FALSE,SCR244,,,FALSE,regional,,,,,,,,,,,,
SC_0321,SC_R0321,Shotts,SHS,Scotrail,Shotts Line,,,55.818302,-3.80024,,,TRUE,,,,,,,,,,single,FALSE,TRUE,FALSE,SCR321,,,FALSE,regional,,,,,,,,,,,,
SC_0352,SC_R0352,West Calder,WCL,Scotrail,Shotts Line,,,55.853848,-3.567045,,,FALSE,,,,,,,,,,multiple,FALSE,TRUE,FALSE,SCR352,,,FALSE,regional,,,,,,,,,,,,
SC_0091,SC_R0091,Connel Ferry,CON,Scotrail,Oban Branch,,,56.451981,-5.384973,,,FALSE,,,,,,,,,,multiple,TRUE,FALSE,FALSE,SCR091,,,FALSE,regional,,,,,,,,,,,,
SC_0109,SC_R0109,Dalmally,DAL,Scotrail,Oban Branch,,,56.400272,-4.9832,,,TRUE,,,,,,,,,,single,TRUE,FALSE,FALSE,SCR109,,,FALSE,regional,,,,,,,,,,,,
SC_0150,SC_R0150,Falls of Cruachan,FOC,Scotrail,Oban Branch,,,56.386242,-5.114992,,,FALSE,,,,,,,,,,multiple,TRUE,FALSE,FALSE,SCR150,,,FALSE,regional,,,,,,,,,,,,
SC_0245,SC_R0245,Loch Awe,LHA,Scotrail,Oban Branch,,,56.402481,-5.040117,,,FALSE,,,,,,,,,,multiple,TRUE,FALSE,FALSE,SCR245,,,FALSE,regional,,,,,,,,,,,,
SC_0283,SC_R0283,Oban,OBN,Scotrail,Oban Branch,,,56.411758,-5.473841,,,TRUE,,,,,,,,,,single,TRUE,FALSE,FALSE,SCR283,,,FALSE,regional,,,,,,,,,,,,
SC_0339,SC_R0339,Taynuilt,TAY,Scotrail,Oban Branch,,,56.430714,-5.23868,,,FALSE,,,,,,,,,,single,TRUE,FALSE,FALSE,SCR339,,,FALSE,regional,,,,,,,,,,,,
SC_0346,SC_R0346,Tyndrum Lower,TYL,Scotrail,Oban Branch,,,56.433407,-4.714873,,,FALSE,,,,,,,,,,multiple,TRUE,FALSE,FALSE,SCR346,,,FALSE,regional,,,,,,,,,,,,
SC_0039,SC_R0039,Barrhead,BRR,Scotrail,Neilston Line,,,55.804535,-4.396411,,,TRUE,,,,,,,,,,single,TRUE,FALSE,FALSE,SCR039,,,FALSE,regional,,,,,,,,,,,,
SC_0212,SC_R0212,Kennishead,KNS,Scotrail,Neilston Line,,,55.813099,-4.325119,,,FALSE,,,,,,,,,,single,TRUE,FALSE,FALSE,SCR212,,,FALSE,regional,,,,,,,,,,,,
SC_0273,SC_R0273,Neilston,NEI,Scotrail,Neilston Line,,,55.782364,-4.426945,,,TRUE,,,,,,,,,,single,TRUE,FALSE,FALSE,SCR273,,,FALSE,regional,,,,,,,,,,,,
SC_0280,SC_R0280,Nitshill,NIT,Scotrail,Neilston Line,,,55.811531,-4.360126,,,FALSE,,,,,,,,,,single,TRUE,FALSE,FALSE,SCR280,,,FALSE,regional,,,,,,,,,,,,
SC_0295,SC_R0295,Pollokshields West,PLW,Scotrail,Neilston Line,,,55.83736,-4.277043,,,FALSE,,,,,,,,,,multiple,TRUE,FALSE,FALSE,SCR295,,,FALSE,regional,,,,,,,,,,,,
SC_0303,SC_R0303,Priesthill & Darnley,PTL,Scotrail,Neilston Line,,,55.812737,-4.344246,,,FALSE,,,,,,,,,,multiple,TRUE,FALSE,FALSE,SCR303,,,FALSE,regional,,,,,,,,,,,,
SC_0021,SC_R0021,Ardrossan South Beach,ASB,Scotrail,Largs Branch,,,55.640495,-4.799593,,,TRUE,,,,,,,,,,multiple,TRUE,FALSE,TRUE,SCR021,,,FALSE,regional,,,,,,,,,,,,
SC_0147,SC_R0147,Fairlie,FRL,Scotrail,Largs Branch,,,55.752514,-4.853834,,,FALSE,,,,,,,,,,single,TRUE,FALSE,TRUE,SCR147,,,FALSE,regional,,,,,,,,,,,,
SC_0236,SC_R0236,Largs,LAR,Scotrail,Largs Branch,,,55.792637,-4.867942,,,TRUE,,,,,,,,,,single,TRUE,FALSE,TRUE,SCR236,,,FALSE,regional,,,,,,,,,,,,
SC_0313,SC_R0313,Saltcoats,SLT,Scotrail,Largs Branch,,,55.633648,-4.784804,,,FALSE,,,,,,,,,,single,TRUE,FALSE,TRUE,SCR313,,,FALSE,regional,,,,,,,,,,,,
SC_0329,SC_R0329,Stevenston,STV,Scotrail,Largs Branch,,,55.633533,-4.749829,,,FALSE,,,,,,,,,,single,TRUE,FALSE,TRUE,SCR329,,,FALSE,regional,,,,,,,,,,,,
SC_0353,SC_R0353,West Kilbride,WKB,Scotrail,Largs Branch,,,55.696842,-4.851365,,,FALSE,,,,,,,,,,multiple,TRUE,FALSE,TRUE,SCR353,,,FALSE,regional,,,,,,,,,,,,
SC_0007,SC_R0007,Airbles,AIR,Scotrail,Lanark Line,,,55.782504,-3.994447,,,FALSE,,,,,,,,,,single,TRUE,FALSE,FALSE,SCR007,,,FALSE,regional,,,,,,,,,,,,
SC_0075,SC_R0075,Carluke,CLU,Scotrail,Lanark Line,,,55.730408,-3.848761,,,FALSE,,,,,,,,,,single,TRUE,FALSE,FALSE,SCR075,,,FALSE,regional,,,,,,,,,,,,
SC_0232,SC_R0232,Lanark,LNK,Scotrail,Lanark Line,,,55.673119,-3.772901,,,TRUE,,,,,,,,,,single,TRUE,FALSE,FALSE,SCR232,,,FALSE,regional,,,,,,,,,,,,
SC_0320,SC_R0320,Shieldmuir,SDM,Scotrail,Lanark Line,,,55.775532,-3.952944,,,FALSE,,,,,,,,,,single,TRUE,FALSE,FALSE,SCR320,,,FALSE,regional,,,,,,,,,,,,
SC_0361,SC_R0361,Wishaw,WSH,Scotrail,Lanark Line,,,55.772346,-3.927267,,,FALSE,,,,,,,,,,single,TRUE,FALSE,FALSE,SCR361,,,FALSE,regional,,,,,,,,,,,,
SC_0004,SC_R0004,Achnasheen,ACN,Scotrail,Kyle Line,,,57.579205,-5.072421,,,FALSE,,,,,,,,,,single,TRUE,FALSE,TRUE,SCR004,,,FALSE,regional,,,,,,,,,,,,
SC_0005,SC_R0005,Achnashellach,ACH,Scotrail,Kyle Line,,,57.482697,-5.333001,,,FALSE,,,,,,,,,,single,TRUE,FALSE,TRUE,SCR005,,,FALSE,regional,,,,,,,,,,,,
SC_0028,SC_R0028,Attadale,ATT,Scotrail,Kyle Line,,,57.394871,-5.456549,,,FALSE,,,,,,,,,,single,TRUE,FALSE,TRUE,SCR028,,,FALSE,regional,,,,,,,,,,,,
SC_0116,SC_R0116,Dingwall,DIN,Scotrail,Kyle Line,,,57.594238,-4.422611,,,TRUE,,,,,,,,,,single,TRUE,FALSE,TRUE,SCR116,,,FALSE,regional,,,,,,,,,,,,
SC_0122,SC_R0122,Duirinish,DRN,Scotrail,Kyle Line,,,57.319847,-5.692103,,,FALSE,,,,,,,,,,single,TRUE,FALSE,TRUE,SCR122,,,FALSE,regional,,,,,,,,,,,,
SC_0130,SC_R0130,Duncraig,DCG,Scotrail,Kyle Line,,,57.336727,-5.637282,,,FALSE,,,,,,,,,,single,TRUE,FALSE,TRUE,SCR130,,,FALSE,regional,,,,,,,,,,,,
SC_0162,SC_R0162,Garve,GVE,Scotrail,Kyle Line,,,57.613129,-4.688429,,,FALSE,,,,,,,,,,single,TRUE,FALSE,TRUE,SCR162,,,FALSE,regional,,,,,,,,,,,,
SC_0229,SC_R0229,Kyle of Lochalsh,KYL,Scotrail,Kyle Line,,,57.280567,-5.713067,,,TRUE,,,,,,,,,,multiple,TRUE,FALSE,TRUE,SCR229,,,FALSE,regional,,,,,,,,,,,,
SC_0291,SC_R0291,Plockton,PLK,Scotrail,Kyle Line,,,57.333172,-5.666848,,,FALSE,,,,,,,,,,single,TRUE,FALSE,TRUE,SCR291,,,FALSE,regional,,,,,,,,,,,,
SC_0335,SC_R0335,Strathcarron,STC,Scotrail,Kyle Line,,,57.422585,-5.429166,,,FALSE,,,,,,,,,,single,TRUE,FALSE,TRUE,SCR335,,,FALSE,regional,,,,,,,,,,,,
SC_0336,SC_R0336,Stromeferry,STF,Scotrail,Kyle Line,,,57.352688,-5.550702,,,FALSE,,,,,,,,,,single,TRUE,FALSE,TRUE,SCR336,,,FALSE,regional,,,,,,,,,,,,
SC_0049,SC_R0049,Bishopton,BPT,Scotrail,Inverclyde Line,,,55.902206,-4.501637,,,FALSE,,,,,,,,,,single,FALSE,TRUE,TRUE,SCR049,,,FALSE,regional,,,,,,,,,,,,
SC_0054,SC_R0054,Bogston,BGS,Scotrail,Inverclyde Line,,,55.937267,-4.713676,,,FALSE,,,,,,,,,,single,FALSE,TRUE,TRUE,SCR054,,,FALSE,regional,,,,,,,,,,,,
SC_0081,SC_R0081,Cartsdyke,CDY,Scotrail,Inverclyde Line,,,55.942261,-4.731633,,,FALSE,,,,,,,,,,single,FALSE,TRUE,TRUE,SCR081,,,FALSE,regional,,,,,,,,,,,,
SC_0176,SC_R0176,Gourock,GRK,Scotrail,Inverclyde Line,,,55.962788,-4.818021,,,TRUE,,,,,,,,,,single,FALSE,TRUE,TRUE,SCR176,,,FALSE,regional,,,,,,,,,,,,
SC_0178,SC_R0178,Greenock Central,GKC,Scotrail,Inverclyde Line,,,55.945385,-4.752692,,,FALSE,,,,,,,,,,multiple,FALSE,TRUE,TRUE,SCR178,,,FALSE,regional,,,,,,,,,,,,
SC_0179,SC_R0179,Greenock West,GKW,Scotrail,Inverclyde Line,,,55.94772,-4.768866,,,FALSE,,,,,,,,,,multiple,FALSE,TRUE,TRUE,SCR179,,,FALSE,regional,,,,,,,,,,,,
SC_0297,SC_R0297,Port Glasgow,PTG,Scotrail,Inverclyde Line,,,55.9342,-4.689432,,,FALSE,,,,,,,,,,multiple,FALSE,TRUE,TRUE,SCR297,,,FALSE,regional,,,,,,,,,,,,
SC_0362,SC_R0362,Woodhall,WDL,Scotrail,Inverclyde Line,,,55.931339,-4.655614,,,FALSE,,,,,,,,,,single,FALSE,TRUE,TRUE,SCR362,,,FALSE,regional,,,,,,,,,,,,
SC_0030,SC_R0030,Aviemore,AVM,Scotrail,Highland Main Line,,,57.18914,-3.828348,,,TRUE,,,,,,,,,,single,FALSE,TRUE,FALSE,SCR030,,,FALSE,regional,,,,,,,,,,,,
SC_0051,SC_R0051,Blair Atholl,BLA,Scotrail,Highland Main Line,,,56.765614,-3.85025,,,FALSE,,,,,,,,,,multiple,FALSE,TRUE,FALSE,SCR051,,,FALSE,regional,,,,,,,,,,,,
SC_0079,SC_R0079,Carrbridge,CAG,Scotrail,Highland Main Line,,,57.279873,-3.829541,,,TRUE,,,,,,,,,,single,FALSE,TRUE,FALSE,SCR079,,,FALSE,regional,,,,,,,,,,,,
SC_0115,SC_R0115,Dalwhinnie,DLW,Scotrail,Highland Main Line,,,56.934334,-4.246498,,,TRUE,,,,,,,,,,single,FALSE,TRUE,FALSE,SCR115,,,FALSE,regional,,,,,,,,,,,,
SC_0203,SC_R0203,Inverness,INV,Scotrail,Highland Main Line,,,57.480194,-4.223199,,,TRUE,,,,,,,,,,single,TRUE,FALSE,TRUE,SCR203,,,FALSE,regional,,,,,,,,,,,,
SC_0222,SC_R0222,Kingussie,KIN,Scotrail,Highland Main Line,,,57.07785,-4.052227,,,TRUE,,,,,,,,,,single,FALSE,TRUE,FALSE,SCR222,,,FALSE,regional,,,,,,,,,,,,
SC_0289,SC_R0289,Perth,PTH,Scotrail,Highland Main Line,,,56.39275,-3.440068,,,TRUE,,,,,,,,,,single,FALSE,TRUE,FALSE,SCR289,,,FALSE,regional,,,,,,,,,,,,
SC_0290,SC_R0290,Pitlochry,PIT,Scotrail,Highland Main Line,,,56.70256,-3.736085,,,FALSE,,,,,,,,,,single,FALSE,TRUE,FALSE,SCR290,,,FALSE,regional,,,,,,,,,,,,
SC_0096,SC_R0096,Cowdenbeath,COW,Scotrail,Fife Circle,,,56.111679,-3.344314,,,TRUE,,,,,,,,,,single,FALSE,TRUE,FALSE,SCR096,,,FALSE,regional,,,,,,,,,,,,
SC_0132,SC_R0132,Dunfermline City,DFE,Scotrail,Fife Circle,,,56.068233,-3.452033,,,FALSE,,,,,,,,,,multiple,FALSE,TRUE,FALSE,SCR132,,,FALSE,regional,,,,,,,,,,,,
SC_0201,SC_R0201,Inverkeithing,INK,Scotrail,Fife Circle,,,56.034725,-3.39621,,,TRUE,,,,,,,,,,single,FALSE,TRUE,FALSE,SCR201,,,FALSE,regional,,,,,,,,,,,,
SC_0224,SC_R0224,Kirkcaldy,KDY,Scotrail,Fife Circle,,,56.112579,-3.167445,,,FALSE,,,,,,,,,,single,FALSE,TRUE,FALSE,SCR224,,,FALSE,regional,,,,,,,,,,,,
SC_0230,SC_R0230,Ladybank,LDY,Scotrail,Fife Circle,,,56.273834,-3.122284,,,FALSE,,,,,,,,,,single,FALSE,TRUE,FALSE,SCR230,,,FALSE,regional,,,,,,,,,,,,
SC_0255,SC_R0255,Markinch,MNC,Scotrail,Fife Circle,,,56.200069,-3.131414,,,FALSE,,,,,,,,,,single,FALSE,TRUE,FALSE,SCR255,,,FALSE,regional,,,,,,,,,,,,
SC_0310,SC_R0310,Rosyth,ROS,Scotrail,Fife Circle,,,56.046055,-3.427114,,,FALSE,,,,,,,,,,single,FALSE,TRUE,FALSE,SCR310,,,FALSE,regional,,,,,,,,,,,,
SC_0012,SC_R0012,Alness,ASS,Scotrail,Far North Line,,,57.694477,-4.249743,,,FALSE,,,,,,,,,,single,TRUE,FALSE,TRUE,SCR012,,,FALSE,regional,,,,,,,,,,,,
SC_0013,SC_R0013,Altnabreac,ABC,Scotrail,Far North Line,,,58.388439,-3.705279,,,FALSE,,,,,,,,,,single,TRUE,FALSE,TRUE,SCR013,,,FALSE,regional,,,,,,,,,,,,
SC_0018,SC_R0018,Ardgay,ARD,Scotrail,Far North Line,,,57.881119,-4.362604,,,TRUE,,,,,,,,,,single,TRUE,FALSE,TRUE,SCR018,,,FALSE,regional,,,,,,,,,,,,
SC_0061,SC_R0061,Brora,BRA,Scotrail,Far North Line,,,58.012657,-3.853251,,,FALSE,,,,,,,,,,single,TRUE,FALSE,TRUE,SCR061,,,FALSE,regional,,,,,,,,,,,,
SC_0136,SC_R0136,Dunrobin Castle,DNO,Scotrail,Far North Line,,,57.986111,-3.946595,,,FALSE,,,,,,,,,,multiple,TRUE,FALSE,TRUE,SCR136,,,FALSE,regional,,,,,,,,,,,,
SC_0152,SC_R0152,Fearn,FRN,Scotrail,Far North Line,,,57.777828,-3.994245,,,FALSE,,,,,,,,,,single,TRUE,FALSE,TRUE,SCR152,,,FALSE,regional,,,,,,,,,,,,
SC_0154,SC_R0154,Forsinard,FRS,Scotrail,Far North Line,,,58.356998,-3.896903,,,FALSE,,,,,,,,,,single,TRUE,FALSE,TRUE,SCR154,,,FALSE,regional,,,,,,,,,,,,
SC_0163,SC_R0163,Georgemas Junction,GGJ,Scotrail,Far North Line,,,58.513721,-3.45212,,,FALSE,,,,,,,,,,multiple,TRUE,FALSE,TRUE,SCR163,,,FALSE,regional,,,,,,,,,,,,
SC_0174,SC_R0174,Golspie,GOL,Scotrail,Far North Line,,,57.971092,-3.98806,,,FALSE,,,,,,,,,,single,TRUE,FALSE,TRUE,SCR174,,,FALSE,regional,,,,,,,,,,,,
SC_0189,SC_R0189,Helmsdale,HMS,Scotrail,Far North Line,,,58.117737,-3.660068,,,FALSE,,,,,,,,,,single,TRUE,FALSE,TRUE,SCR189,,,FALSE,regional,,,,,,,,,,,,
SC_0199,SC_R0199,Invergordon,IGD,Scotrail,Far North Line,,,57.688587,-4.175563,,,TRUE,,,,,,,,,,single,TRUE,FALSE,TRUE,SCR199,,,FALSE,regional,,,,,,,,,,,,
SC_0213,SC_R0213,Kildonan,KIL,Scotrail,Far North Line,,,58.171432,-3.869993,,,FALSE,,,,,,,,,,single,TRUE,FALSE,TRUE,SCR213,,,FALSE,regional,,,,,,,,,,,,
SC_0218,SC_R0218,Kinbrace,KBC,Scotrail,Far North Line,,,58.258408,-3.941063,,,FALSE,,,,,,,,,,single,TRUE,FALSE,TRUE,SCR218,,,FALSE,regional,,,,,,,,,,,,
SC_0231,SC_R0231,Lairg,LRG,Scotrail,Far North Line,,,58.001701,-4.401,,,TRUE,,,,,,,,,,single,TRUE,FALSE,TRUE,SCR231,,,FALSE,regional,,,,,,,,,,,,
SC_0309,SC_R0309,Rogart,ROG,Scotrail,Far North Line,,,57.988979,-4.158224,,,FALSE,,,,,,,,,,single,TRUE,FALSE,TRUE,SCR309,,,FALSE,regional,,,,,,,,,,,,
SC_0315,SC_R0315,Scotscalder,SCT,Scotrail,Far North Line,,,58.482891,-3.553764,,,FALSE,,,,,,,,,,single,TRUE,FALSE,TRUE,SCR315,,,FALSE,regional,,,,,,,,,,,,
SC_0338,SC_R0338,Tain,TAI,Scotrail,Far North Line,,,57.814651,-4.051826,,,TRUE,,,,,,,,,,single,TRUE,FALSE,TRUE,SCR338,,,FALSE,regional,,,,,,,,,,,,
SC_0342,SC_R0342,Thurso,THS,Scotrail,Far North Line,,,58.590092,-3.527548,,,FALSE,,,,,,,,,,single,TRUE,FALSE,TRUE,SCR342,,,FALSE,regional,,,,,,,,,,,,
SC_0359,SC_R0359,Wick,WCK,Scotrail,Far North Line,,,58.441788,-3.097965,,,TRUE,,,,,,,,,,single,TRUE,FALSE,TRUE,SCR359,,,FALSE,regional,,,,,,,,,,,,
SC_0103,SC_R0103,Croy,CRO,Scotrail,Edinburgh–Glasgow Main Line,,,55.955734,-4.035697,,,FALSE,,,,,,,,,,single,FALSE,TRUE,FALSE,SCR103,,,FALSE,regional,,,,,,,,,,,,
SC_0143,SC_R0143,Edinburgh Waverley,EDB,Scotrail,Edinburgh–Glasgow Main Line,,,55.952442,-3.188236,,,TRUE,,,,,,,,,,multiple,TRUE,FALSE,FALSE,SCR143,,,FALSE,regional,,,,,,,,,,,,
SC_0149,SC_R0149,Falkirk High,FKK,Scotrail,Edinburgh–Glasgow Main Line,,,55.991863,-3.792276,,,FALSE,,,,,,,,,,multiple,FALSE,TRUE,FALSE,SCR149,,,FALSE,regional,,,,,,,,,,,,
SC_0168,SC_R0168,Glasgow Queen Street,GLQ,Scotrail,Edinburgh–Glasgow Main Line,,,55.863003,-4.251385,,,TRUE,,,,,,,,,,multiple,FALSE,TRUE,TRUE,SCR168,,,FALSE,regional,,,,,,,,,,,,
SC_0186,SC_R0186,Haymarket,HYM,Scotrail,Edinburgh–Glasgow Main Line,,,55.945854,-3.218458,,,TRUE,,,,,,,,,,single,FALSE,TRUE,FALSE,SCR186,,,FALSE,regional,,,,,,,,,,,,
SC_0239,SC_R0239,Lenzie,LNZ,Scotrail,Edinburgh–Glasgow Main Line,,,55.921364,-4.153932,,,FALSE,,,,,,,,,,single,FALSE,TRUE,FALSE,SCR239,,,FALSE,regional,,,,,,,,,,,,
SC_0242,SC_R0242,Linlithgow,LIN,Scotrail,Edinburgh–Glasgow Main Line,,,55.975689,-3.596,,,FALSE,,,,,,,,,,single,FALSE,TRUE,FALSE,SCR242,,,FALSE,regional,,,,,,,,,,,,
SC_0296,SC_R0296,Polmont,PMT,Scotrail,Edinburgh–Glasgow Main Line,,,55.984856,-3.716614,,,FALSE,,,,,,,,,,single,FALSE,TRUE,FALSE,SCR296,,,FALSE,regional,,,,,,,,,,,,
SC_0064,SC_R0064,Burnside,BUI,Scotrail,East Kilbride Line,,,55.817123,-4.204029,,,FALSE,,,,,,,,,,single,FALSE,TRUE,FALSE,SCR064,,,FALSE,regional,,,,,,,,,,,,
SC_0099,SC_R0099,Croftfoot,CFF,Scotrail,East Kilbride Line,,,55.818455,-4.229643,,,FALSE,,,,,,,,,,single,FALSE,TRUE,FALSE,SCR099,,,FALSE,regional,,,,,,,,,,,,
SC_0101,SC_R0101,Crosshill,COI,Scotrail,East Kilbride Line,,,55.833225,-4.257648,,,FALSE,,,,,,,,,,single,FALSE,TRUE,FALSE,SCR101,,,FALSE,regional,,,,,,,,,,,,
SC_0138,SC_R0138,East Kilbride,EKL,Scotrail,East Kilbride Line,,,55.765388,-4.18199,,,TRUE,,,,,,,,,,multiple,FALSE,TRUE,FALSE,SCR138,,,FALSE,regional,,,,,,,,,,,,
SC_0181,SC_R0181,Hairmyres,HMY,Scotrail,East Kilbride Line,,,55.762012,-4.220047,,,FALSE,,,,,,,,,,single,FALSE,TRUE,FALSE,SCR181,,,FALSE,regional,,,,,,,,,,,,
SC_0220,SC_R0220,Kings Park,KGP,Scotrail,East Kilbride Line,,,55.819935,-4.247294,,,FALSE,,,,,,,,,,multiple,FALSE,TRUE,FALSE,SCR220,,,FALSE,regional,,,,,,,,,,,,
SC_0226,SC_R0226,Kirkhill,KKH,Scotrail,East Kilbride Line,,,55.814156,-4.168751,,,FALSE,,,,,,,,,,single,FALSE,TRUE,FALSE,SCR226,,,FALSE,regional,,,,,,,,,,,,
SC_0276,SC_R0276,Newton,NTN,Scotrail,East Kilbride Line,,,55.819256,-4.133907,,,TRUE,,,,,,,,,,single,FALSE,TRUE,FALSE,SCR276,,,FALSE,regional,,,,,,,,,,,,
SC_0341,SC_R0341,Thorntonhall,THT,Scotrail,East Kilbride Line,,,55.767746,-4.250674,,,FALSE,,,,,,,,,,single,FALSE,TRUE,FALSE,SCR341,,,FALSE,regional,,,,,,,,,,,,
SC_0082,SC_R0082,Cathcart,CCT,Scotrail,Cathcart Circle,,,55.817879,-4.261552,,,FALSE,,,,,,,,,,single,FALSE,TRUE,FALSE,SCR082,,,FALSE,regional,,,,,,,,,,,,
SC_0102,SC_R0102,Crossmyloof,CMY,Scotrail,Cathcart Circle,,,55.833626,-4.284813,,,FALSE,,,,,,,,,,single,FALSE,TRUE,FALSE,SCR102,,,FALSE,regional,,,,,,,,,,,,
SC_0234,SC_R0234,Langside,LGS,Scotrail,Cathcart Circle,,,55.821175,-4.277696,,,FALSE,,,,,,,,,,single,FALSE,TRUE,FALSE,SCR234,,,FALSE,regional,,,,,,,,,,,,
SC_0267,SC_R0267,Mount Florida,MFL,Scotrail,Cathcart Circle,,,55.826859,-4.262067,,,FALSE,,,,,,,,,,multiple,FALSE,TRUE,FALSE,SCR267,,,FALSE,regional,,,,,,,,,,,,
SC_0292,SC_R0292,Pollokshaws East,PWE,Scotrail,Cathcart Circle,,,55.824589,-4.287476,,,FALSE,,,,,,,,,,multiple,FALSE,TRUE,FALSE,SCR292,,,FALSE,regional,,,,,,,,,,,,
SC_0294,SC_R0294,Pollokshields East,PLE,Scotrail,Cathcart Circle,,,55.841103,-4.269287,,,FALSE,,,,,,,,,,multiple,FALSE,TRUE,FALSE,SCR294,,,FALSE,regional,,,,,,,,,,,,
SC_0304,SC_R0304,Queens Park (Glasgow),QPK,Scotrail,Cathcart Circle,,,55.835747,-4.267368,,,FALSE,,,,,,,,,,multiple,FALSE,TRUE,FALSE,SCR304,,,FALSE,regional,,,,,,,,,,,,
SC_0080,SC_R0080,Carstairs,CRS,Scotrail,Carstairs Corridor,,,55.69075,-3.668696,,,TRUE,,,,,,,,,,single,FALSE,TRUE,FALSE,SCR080,,,FALSE,regional,,,,,,,,,,,,
SC_0266,SC_R0266,Motherwell,MTH,Scotrail,Carstairs Corridor,,,55.791927,-3.995234,,,TRUE,,,,,,,,,,single,TRUE,FALSE,FALSE,SCR266,,,FALSE,regional,,,,,,,,,,,,
SC_0063,SC_R0063,Brunstane,BSU,Scotrail,Borders Railway,,,55.94143,-3.10064,,,FALSE,,,,,,,,,,single,TRUE,FALSE,FALSE,SCR063,,,FALSE,regional,,,,,,,,,,,,
SC_0145,SC_R0145,Eskbank,EKB,Scotrail,Borders Railway,,,55.88956,-3.07845,,,FALSE,,,,,,,,,,single,TRUE,FALSE,FALSE,SCR145,,,FALSE,regional,,,,,,,,,,,,
SC_0157,SC_R0157,Galashiels,GAL,Scotrail,Borders Railway,,,55.610426,-2.809693,,,FALSE,,,,,,,,,,single,TRUE,FALSE,FALSE,SCR157,,,FALSE,regional,,,,,,,,,,,,
SC_0175,SC_R0175,Gorebridge,GBG,Scotrail,Borders Railway,,,55.836732,-3.046099,,,FALSE,,,,,,,,,,single,TRUE,FALSE,FALSE,SCR175,,,FALSE,regional,,,,,,,,,,,,
SC_0275,SC_R0275,Newcraighall,NEW,Scotrail,Borders Railway,,,55.932619,-3.091582,,,FALSE,,,,,,,,,,single,TRUE,FALSE,FALSE,SCR275,,,FALSE,regional,,,,,,,,,,,,
SC_0278,SC_R0278,Newtongrange,NEG,Scotrail,Borders Railway,,,55.865652,-3.066151,,,FALSE,,,,,,,,,,single,TRUE,FALSE,FALSE,SCR278,,,FALSE,regional,,,,,,,,,,,,
SC_0317,SC_R0317,Shawfair,SFI,Scotrail,Borders Railway,,,55.91993,-3.07872,,,FALSE,,,,,,,,,,single,TRUE,FALSE,FALSE,SCR317,,,FALSE,regional,,,,,,,,,,,,
SC_0333,SC_R0333,Stow,SOI,Scotrail,Borders Railway,,,55.691398,-2.857782,,,FALSE,,,,,,,,,,single,TRUE,FALSE,FALSE,SCR333,,,FALSE,regional,,,,,,,,,,,,
SC_0345,SC_R0345,Tweedbank,TWB,Scotrail,Borders Railway,,,55.604394,-2.764936,,,TRUE,,,,,,,,,,single,TRUE,FALSE,FALSE,SCR345,,,FALSE,regional,,,,,,,,,,,,
SC_0031,SC_R0031,Ayr,AYR,Scotrail,Ayrshire Coast,,,55.458248,-4.626878,,,TRUE,,,,,,,,,,single,FALSE,TRUE,TRUE,SCR031,,,FALSE,regional,,,,,,,,,,,,
SC_0207,SC_R0207,Irvine,IRV,Scotrail,Ayrshire Coast,,,55.610916,-4.675196,,,FALSE,,,,,,,,,,single,FALSE,TRUE,TRUE,SCR207,,,FALSE,regional,,,,,,,,,,,,
SC_0208,SC_R0208,Johnstone,JHN,Scotrail,Ayrshire Coast,,,55.834759,-4.50369,,,FALSE,,,,,,,,,,single,FALSE,TRUE,TRUE,SCR208,,,FALSE,regional,,,,,,,,,,,,
SC_0217,SC_R0217,Kilwinning,KWN,Scotrail,Ayrshire Coast,,,55.655994,-4.710071,,,FALSE,,,,,,,,,,single,TRUE,FALSE,TRUE,SCR217,,,FALSE,regional,,,,,,,,,,,,
SC_0285,SC_R0285,Paisley Gilmour Street,PYG,Scotrail,Ayrshire Coast,,,55.848026,-4.424646,,,FALSE,,,,,,,,,,multiple,FALSE,TRUE,TRUE,SCR285,,,FALSE,regional,,,,,,,,,,,,
SC_0301,SC_R0301,Prestwick International Airport,PRA,Scotrail,Ayrshire Coast,,,55.511513,-4.616166,,,FALSE,,,,,,,,,,multiple,FALSE,TRUE,TRUE,SCR301,,,FALSE,regional,,,,,,,,,,,,
SC_0302,SC_R0302,Prestwick Town,PTW,Scotrail,Ayrshire Coast,,,55.501675,-4.613935,,,FALSE,,,,,,,,,,multiple,FALSE,TRUE,TRUE,SCR302,,,FALSE,regional,,,,,,,,,,,,
SC_0343,SC_R0343,Troon,TRN,Scotrail,Ayrshire Coast,,,55.543045,-4.654731,,,TRUE,,,,,,,,,,single,FALSE,TRUE,TRUE,SCR343,,,FALSE,regional,,,,,,,,,,,,
SC_0014,SC_R0014,Anderston,AND,Scotrail,Argyle Line,,,55.859924,-4.271969,,,TRUE,,,,,,,,,,single,FALSE,TRUE,FALSE,SCR014,,,FALSE,regional,,,,,,,,,,,,
SC_0016,SC_R0016,Anniesland,ANL,Scotrail,Argyle Line,,,55.889553,-4.321684,,,TRUE,,,,,,,,,,single,FALSE,TRUE,FALSE,SCR016,,,FALSE,regional,,,,,,,,,,,,
SC_0023,SC_R0023,Argyle Street,AGS,Scotrail,Argyle Line,,,55.855938,-4.244574,,,FALSE,,,,,,,,,,multiple,FALSE,TRUE,FALSE,SCR023,,,FALSE,regional,,,,,,,,,,,,
SC_0043,SC_R0043,Bearsden,BRN,Scotrail,Argyle Line,,,55.917202,-4.332945,,,FALSE,,,,,,,,,,single,FALSE,TRUE,FALSE,SCR043,,,FALSE,regional,,,,,,,,,,,,
SC_0053,SC_R0053,Blantyre,BLT,Scotrail,Argyle Line,,,55.7976,-4.086466,,,FALSE,,,,,,,,,,single,FALSE,TRUE,FALSE,SCR053,,,FALSE,regional,,,,,,,,,,,,
SC_0068,SC_R0068,Cambuslang,CBL,Scotrail,Argyle Line,,,55.819458,-4.173839,,,FALSE,,,,,,,,,,single,FALSE,TRUE,FALSE,SCR068,,,FALSE,regional,,,,,,,,,,,,
SC_0110,SC_R0110,Dalmarnock,DAK,Scotrail,Argyle Line,,,55.839371,-4.21647,,,FALSE,,,,,,,,,,single,FALSE,TRUE,FALSE,SCR110,,,FALSE,regional,,,,,,,,,,,,
SC_0146,SC_R0146,Exhibition Centre,EXG,Scotrail,Argyle Line,,,55.860619,-4.283207,,,FALSE,,,,,,,,,,multiple,FALSE,TRUE,FALSE,SCR146,,,FALSE,regional,,,,,,,,,,,,
SC_0182,SC_R0182,Hamilton Central,HNC,Scotrail,Argyle Line,,,55.773239,-4.038928,,,FALSE,,,,,,,,,,multiple,FALSE,TRUE,FALSE,SCR182,,,FALSE,regional,,,,,,,,,,,,
SC_0191,SC_R0191,Hillfoot,HLF,Scotrail,Argyle Line,,,55.920143,-4.32032,,,FALSE,,,,,,,,,,single,FALSE,TRUE,FALSE,SCR191,,,FALSE,regional,,,,,,,,,,,,
SC_0261,SC_R0261,Milngavie,MLN,Scotrail,Argyle Line,,,55.94091,-4.315152,,,TRUE,,,,,,,,,,single,FALSE,TRUE,FALSE,SCR261,,,FALSE,regional,,,,,,,,,,,,
SC_0287,SC_R0287,Partick,PTK,Scotrail,Argyle Line,,,55.869987,-4.310921,,,FALSE,,,,,,,,,,single,FALSE,TRUE,FALSE,SCR287,,,FALSE,regional,,,,,,,,,,,,
SC_0355,SC_R0355,Westerton,WES,Scotrail,Argyle Line,,,55.905479,-4.335444,,,FALSE,,,,,,,,,,single,FALSE,TRUE,FALSE,SCR355,,,FALSE,regional,,,,,,,,,,,,
SC_0020,SC_R0020,Ardrossan Harbour,ADS,Scotrail,Ardrossan Branch,,,55.640854,-4.823461,,,TRUE,,,,,,,,,,multiple,TRUE,FALSE,TRUE,SCR020,,,FALSE,regional,,,,,,,,,,,,
SC_0022,SC_R0022,Ardrossan Town,ADN,Scotrail,Ardrossan Branch,,,55.639313,-4.812212,,,TRUE,,,,,,,,,,multiple,TRUE,FALSE,TRUE,SCR022,,,FALSE,regional,,,,,,,,,,,,
SC_0001,SC_R0001,Aberdeen,ABD,Scotrail,Aberdeen Line,,,57.143127,-2.097464,,,TRUE,,,,,,,,,,single,FALSE,TRUE,FALSE,SCR001,,,FALSE,regional,,,,,,,,,,,,
SC_0017,SC_R0017,Arbroath,ARB,Scotrail,Aberdeen Line,,,56.559628,-2.588928,,,TRUE,,,,,,,,,,single,FALSE,TRUE,FALSE,SCR017,,,FALSE,regional,,,,,,,,,,,,
SC_0131,SC_R0131,Dundee,DEE,Scotrail,Aberdeen Line,,,56.456669,-2.970576,,,TRUE,,,,,,,,,,single,FALSE,TRUE,FALSE,SCR131,,,FALSE,regional,,,,,,,,,,,,
SC_0240,SC_R0240,Leuchars,LEU,Scotrail,Aberdeen Line,,,56.375427,-2.893734,,,TRUE,,,,,,,,,,single,FALSE,TRUE,FALSE,SCR240,,,FALSE,regional,,,,,,,,,,,,
SC_0263,SC_R0263,Montrose,MTS,Scotrail,Aberdeen Line,,,56.71286,-2.47207,,,TRUE,,,,,,,,,,single,FALSE,TRUE,FALSE,SCR263,,,FALSE,regional,,,,,,,,,,,,
SC_0332,SC_R0332,Stonehaven,STN,Scotrail,Aberdeen Line,,,56.966888,-2.225286,,,FALSE,,,,,,,,,,single,FALSE,TRUE,FALSE,SCR332,,,FALSE,regional,,,,,,,,,,,,
SC_0002,SC_R0002,Aberdour,AUR,Scotrail,,,,56.054646,-3.300575,,,FALSE,,,,,,,,,,single,FALSE,TRUE,FALSE,SCR002,,,FALSE,regional,,,,,,,,,,,,
SC_0003,SC_R0003,Achanalt,AAT,Scotrail,,,,57.609921,-4.914243,,,FALSE,,,,,,,,,,single,FALSE,TRUE,FALSE,SCR003,,,FALSE,regional,,,,,,,,,,,,
SC_0006,SC_R0006,Addiewell,ADW,Scotrail,,,,55.843449,-3.60655,,,FALSE,,,,,,,,,,single,FALSE,TRUE,FALSE,SCR006,,,FALSE,regional,,,,,,,,,,,,
SC_0008,SC_R0008,Airdrie,ADR,Scotrail,,,,55.864029,-3.982952,,,TRUE,,,,,,,,,,single,FALSE,TRUE,FALSE,SCR008,,,FALSE,regional,,,,,,,,,,,,
SC_0009,SC_R0009,Alexandra Parade,AXP,Scotrail,,,,55.863724,-4.211465,,,FALSE,,,,,,,,,,multiple,FALSE,TRUE,FALSE,SCR009,,,FALSE,regional,,,,,,,,,,,,
SC_0010,SC_R0010,Alexandria,ALX,Scotrail,,,,55.98513,-4.577534,,,FALSE,,,,,,,,,,single,FALSE,TRUE,FALSE,SCR010,,,FALSE,regional,,,,,,,,,,,,
SC_0011,SC_R0011,Alloa,ALO,Scotrail,,,,56.1179,-3.7872,,,TRUE,,,,,,,,,,single,FALSE,TRUE,FALSE,SCR011,,,FALSE,regional,,,,,,,,,,,,
SC_0015,SC_R0015,Annan,ANN,Scotrail,,,,54.98386,-3.262603,,,FALSE,,,,,,,,,,single,FALSE,TRUE,FALSE,SCR015,,,FALSE,regional,,,,,,,,,,,,
SC_0019,SC_R0019,Ardlui,AUI,Scotrail,,,,56.302025,-4.721712,,,FALSE,,,,,,,,,,single,FALSE,TRUE,FALSE,SCR019,,,FALSE,regional,,,,,,,,,,,,
SC_0025,SC_R0025,Armadale,ARM,Scotrail,,,,55.88639,-3.68504,,,FALSE,,,,,,,,,,single,FALSE,TRUE,FALSE,SCR025,,,FALSE,regional,,,,,,,,,,,,
SC_0027,SC_R0027,Ashfield,ASF,Scotrail,,,,55.889214,-4.2433,,,FALSE,,,,,,,,,,single,FALSE,TRUE,FALSE,SCR027,,,FALSE,regional,,,,,,,,,,,,
SC_0029,SC_R0029,Auchinleck,AUK,Scotrail,,,,55.47031,-4.295389,,,TRUE,,,,,,,,,,single,FALSE,TRUE,FALSE,SCR029,,,FALSE,regional,,,,,,,,,,,,
SC_0032,SC_R0032,Baillieston,BIO,Scotrail,,,,55.844761,-4.11454,,,FALSE,,,,,,,,,,single,FALSE,TRUE,FALSE,SCR032,,,FALSE,regional,,,,,,,,,,,,
SC_0033,SC_R0033,Balloch Central,BHC,Scotrail,,,,56.002983,-4.583539,,,TRUE,,,,,,,,,,multiple,FALSE,TRUE,FALSE,SCR033,,,FALSE,regional,,,,,,,,,,,,
SC_0034,SC_R0034,Balmossie,BSI,Scotrail,,,,56.475548,-2.83764,,,FALSE,,,,,,,,,,single,FALSE,TRUE,FALSE,SCR034,,,FALSE,regional,,,,,,,,,,,,
SC_0036,SC_R0036,Barassie,BSS,Scotrail,,,,55.5611,-4.651181,,,FALSE,,,,,,,,,,single,FALSE,TRUE,FALSE,SCR036,,,FALSE,regional,,,,,,,,,,,,
SC_0037,SC_R0037,Bargeddie,BGI,Scotrail,,,,55.851776,-4.071789,,,FALSE,,,,,,,,,,single,FALSE,TRUE,FALSE,SCR037,,,FALSE,regional,,,,,,,,,,,,
SC_0038,SC_R0038,Barnhill,BNL,Scotrail,,,,55.877895,-4.223463,,,FALSE,,,,,,,,,,single,FALSE,TRUE,FALSE,SCR038,,,FALSE,regional,,,,,,,,,,,,
SC_0041,SC_R0041,Barry Links,BYL,Scotrail,,,,56.493206,-2.745444,,,FALSE,,,,,,,,,,multiple,FALSE,TRUE,FALSE,SCR041,,,FALSE,regional,,,,,,,,,,,,
SC_0042,SC_R0042,Bathgate,BHG,Scotrail,,,,55.898678,-3.644019,,,TRUE,,,,,,,,,,single,FALSE,TRUE,FALSE,SCR042,,,FALSE,regional,,,,,,,,,,,,
SC_0045,SC_R0045,Beauly,BEL,Scotrail,,,,57.478,-4.4698,,,FALSE,,,,,,,,,,single,FALSE,TRUE,FALSE,SCR045,,,FALSE,regional,,,,,,,,,,,,
SC_0046,SC_R0046,Bellgrove,BLG,Scotrail,,,,55.857182,-4.22547,,,FALSE,,,,,,,,,,single,FALSE,TRUE,FALSE,SCR046,,,FALSE,regional,,,,,,,,,,,,
SC_0048,SC_R0048,Bishopbriggs,BBG,Scotrail,,,,55.903927,-4.224958,,,FALSE,,,,,,,,,,single,FALSE,TRUE,FALSE,SCR048,,,FALSE,regional,,,,,,,,,,,,
SC_0050,SC_R0050,Blackridge,BKR,Scotrail,,,,55.88368,-3.75047,,,FALSE,,,,,,,,,,single,FALSE,TRUE,FALSE,SCR050,,,FALSE,regional,,,,,,,,,,,,
SC_0052,SC_R0052,Blairhill,BAI,Scotrail,,,,55.866653,-4.04221,,,FALSE,,,,,,,,,,single,FALSE,TRUE,FALSE,SCR052,,,FALSE,regional,,,,,,,,,,,,
SC_0055,SC_R0055,Bowling,BWG,Scotrail,,,,55.931129,-4.493879,,,FALSE,,,,,,,,,,single,FALSE,TRUE,FALSE,SCR055,,,FALSE,regional,,,,,,,,,,,,
SC_0057,SC_R0057,Breich,BRC,Scotrail,,,,55.827351,-3.668147,,,FALSE,,,,,,,,,,single,FALSE,TRUE,FALSE,SCR057,,,FALSE,regional,,,,,,,,,,,,
SC_0058,SC_R0058,Bridge of Allan,BEA,Scotrail,,,,56.157429,-3.956166,,,FALSE,,,,,,,,,,multiple,FALSE,TRUE,FALSE,SCR058,,,FALSE,regional,,,,,,,,,,,,
SC_0060,SC_R0060,Bridgeton,BDG,Scotrail,,,,55.849968,-4.226668,,,FALSE,,,,,,,,,,single,FALSE,TRUE,FALSE,SCR060,,,FALSE,regional,,,,,,,,,,,,
SC_0062,SC_R0062,Broughty Ferry,BYF,Scotrail,,,,56.467213,-2.873153,,,FALSE,,,,,,,,,,multiple,FALSE,TRUE,FALSE,SCR062,,,FALSE,regional,,,,,,,,,,,,
SC_0065,SC_R0065,Burntisland,BTS,Scotrail,,,,56.057133,-3.233214,,,FALSE,,,,,,,,,,single,FALSE,TRUE,FALSE,SCR065,,,FALSE,regional,,,,,,,,,,,,
SC_0066,SC_R0066,Busby,BUS,Scotrail,,,,55.780109,-4.262551,,,FALSE,,,,,,,,,,single,FALSE,TRUE,FALSE,SCR066,,,FALSE,regional,,,,,,,,,,,,
SC_0067,SC_R0067,Caldercruix,CAC,Scotrail,,,,55.88791,-3.88978,,,FALSE,,,,,,,,,,single,FALSE,TRUE,FALSE,SCR067,,,FALSE,regional,,,,,,,,,,,,
SC_0069,SC_R0069,Camelon,CMO,Scotrail,,,,56.006775,-3.817015,,,FALSE,,,,,,,,,,single,FALSE,TRUE,FALSE,SCR069,,,FALSE,regional,,,,,,,,,,,,
SC_0070,SC_R0070,Cameron Bridge,CBX,Scotrail,,,,56.189693,-3.046855,,,FALSE,,,,,,,,,,multiple,FALSE,TRUE,FALSE,SCR070,,,FALSE,regional,,,,,,,,,,,,
SC_0071,SC_R0071,Cardenden,CDD,Scotrail,,,,56.141308,-3.261651,,,FALSE,,,,,,,,,,single,FALSE,TRUE,FALSE,SCR071,,,FALSE,regional,,,,,,,,,,,,
SC_0072,SC_R0072,Cardonald,CDO,Scotrail,,,,55.853252,-4.340297,,,FALSE,,,,,,,,,,single,FALSE,TRUE,FALSE,SCR072,,,FALSE,regional,,,,,,,,,,,,
SC_0073,SC_R0073,Cardross,CDR,Scotrail,,,,55.960163,-4.652782,,,FALSE,,,,,,,,,,single,FALSE,TRUE,FALSE,SCR073,,,FALSE,regional,,,,,,,,,,,,
SC_0074,SC_R0074,Carfin,CRF,Scotrail,,,,55.806938,-3.956112,,,FALSE,,,,,,,,,,single,FALSE,TRUE,FALSE,SCR074,,,FALSE,regional,,,,,,,,,,,,
SC_0076,SC_R0076,Carmyle,CML,Scotrail,,,,55.834053,-4.161873,,,FALSE,,,,,,,,,,single,FALSE,TRUE,FALSE,SCR076,,,FALSE,regional,,,,,,,,,,,,
SC_0077,SC_R0077,Carnoustie,CAN,Scotrail,,,,56.500618,-2.7066,,,FALSE,,,,,,,,,,single,FALSE,TRUE,FALSE,SCR077,,,FALSE,regional,,,,,,,,,,,,
SC_0078,SC_R0078,Carntyne,CAY,Scotrail,,,,55.854412,-4.17898,,,FALSE,,,,,,,,,,single,FALSE,TRUE,FALSE,SCR078,,,FALSE,regional,,,,,,,,,,,,
SC_0083,SC_R0083,Charing Cross (Glasgow),CHC,Scotrail,,,,55.865345,-4.270689,,,FALSE,,,,,,,,,,multiple,FALSE,TRUE,FALSE,SCR083,,,FALSE,regional,,,,,,,,,,,,
SC_0084,SC_R0084,Chatelherault,CTE,Scotrail,,,,55.76521,-4.00466,,,FALSE,,,,,,,,,,single,FALSE,TRUE,FALSE,SCR084,,,FALSE,regional,,,,,,,,,,,,
SC_0085,SC_R0085,Clarkston,CKS,Scotrail,,,,55.789753,-4.275865,,,FALSE,,,,,,,,,,single,FALSE,TRUE,FALSE,SCR085,,,FALSE,regional,,,,,,,,,,,,
SC_0086,SC_R0086,Cleland,CEA,Scotrail,,,,55.804073,-3.909695,,,FALSE,,,,,,,,,,single,FALSE,TRUE,FALSE,SCR086,,,FALSE,regional,,,,,,,,,,,,
SC_0087,SC_R0087,Clydebank,CYK,Scotrail,,,,55.900562,-4.403927,,,FALSE,,,,,,,,,,single,FALSE,TRUE,FALSE,SCR087,,,FALSE,regional,,,,,,,,,,,,
SC_0088,SC_R0088,Coatbridge Central,CBC,Scotrail,,,,55.863213,-4.032443,,,FALSE,,,,,,,,,,multiple,FALSE,TRUE,FALSE,SCR088,,,FALSE,regional,,,,,,,,,,,,
SC_0089,SC_R0089,Coatbridge Sunnyside,CBS,Scotrail,,,,55.866886,-4.027847,,,FALSE,,,,,,,,,,multiple,FALSE,TRUE,FALSE,SCR089,,,FALSE,regional,,,,,,,,,,,,
SC_0090,SC_R0090,Coatdyke,COA,Scotrail,,,,55.864567,-4.005343,,,FALSE,,,,,,,,,,single,FALSE,TRUE,FALSE,SCR090,,,FALSE,regional,,,,,,,,,,,,
SC_0092,SC_R0092,Conon Bridge,CBD,Scotrail,,,,57.5617,-4.4404,,,FALSE,,,,,,,,,,multiple,FALSE,TRUE,FALSE,SCR092,,,FALSE,regional,,,,,,,,,,,,
SC_0093,SC_R0093,Corkerhill,CKH,Scotrail,,,,55.836494,-4.323322,,,FALSE,,,,,,,,,,single,FALSE,TRUE,FALSE,SCR093,,,FALSE,regional,,,,,,,,,,,,
SC_0097,SC_R0097,Craigendoran,CGD,Scotrail,,,,55.99485,-4.711291,,,FALSE,,,,,,,,,,single,FALSE,TRUE,FALSE,SCR097,,,FALSE,regional,,,,,,,,,,,,
SC_0100,SC_R0100,Crookston,CKT,Scotrail,,,,55.84388,-4.36049,,,FALSE,,,,,,,,,,single,FALSE,TRUE,FALSE,SCR100,,,FALSE,regional,,,,,,,,,,,,
SC_0104,SC_R0104,Culrain,CUA,Scotrail,,,,57.919842,-4.405676,,,FALSE,,,,,,,,,,single,FALSE,TRUE,FALSE,SCR104,,,FALSE,regional,,,,,,,,,,,,
SC_0105,SC_R0105,Cumbernauld,CUB,Scotrail,,,,55.941326,-3.982089,,,TRUE,,,,,,,,,,single,FALSE,TRUE,FALSE,SCR105,,,FALSE,regional,,,,,,,,,,,,
SC_0106,SC_R0106,Cupar,CUP,Scotrail,,,,56.317043,-3.008772,,,FALSE,,,,,,,,,,single,FALSE,TRUE,FALSE,SCR106,,,FALSE,regional,,,,,,,,,,,,
SC_0107,SC_R0107,Curriehill,CUH,Scotrail,,,,55.901703,-3.317849,,,FALSE,,,,,,,,,,single,FALSE,TRUE,FALSE,SCR107,,,FALSE,regional,,,,,,,,,,,,
SC_0108,SC_R0108,Dalgety Bay,DAG,Scotrail,,,,56.044178,-3.354809,,,FALSE,,,,,,,,,,multiple,FALSE,TRUE,FALSE,SCR108,,,FALSE,regional,,,,,,,,,,,,
SC_0111,SC_R0111,Dalmeny,DAM,Scotrail,,,,55.986362,-3.381645,,,FALSE,,,,,,,,,,single,FALSE,TRUE,FALSE,SCR111,,,FALSE,regional,,,,,,,,,,,,
SC_0112,SC_R0112,Dalmuir,DMR,Scotrail,,,,55.911793,-4.427038,,,TRUE,,,,,,,,,,single,FALSE,TRUE,FALSE,SCR112,,,FALSE,regional,,,,,,,,,,,,
SC_0113,SC_R0113,Dalreoch,DLR,Scotrail,,,,55.947365,-4.578226,,,FALSE,,,,,,,,,,single,FALSE,TRUE,FALSE,SCR113,,,FALSE,regional,,,,,,,,,,,,
SC_0114,SC_R0114,Dalry,DLY,Scotrail,,,,55.705395,-4.711899,,,FALSE,,,,,,,,,,single,FALSE,TRUE,FALSE,SCR114,,,FALSE,regional,,,,,,,,,,,,
SC_0117,SC_R0117,Drem,DRM,Scotrail,,,,56.005981,-2.785752,,,FALSE,,,,,,,,,,single,FALSE,TRUE,FALSE,SCR117,,,FALSE,regional,,,,,,,,,,,,
SC_0118,SC_R0118,Drumchapel,DMC,Scotrail,,,,55.904926,-4.364204,,,FALSE,,,,,,,,,,single,FALSE,TRUE,FALSE,SCR118,,,FALSE,regional,,,,,,,,,,,,
SC_0119,SC_R0119,Drumfrochar,DFR,Scotrail,,,,55.941292,-4.774822,,,FALSE,,,,,,,,,,single,FALSE,TRUE,FALSE,SCR119,,,FALSE,regional,,,,,,,,,,,,
SC_0120,SC_R0120,Drumgelloch,DRU,Scotrail,,,,55.867233,-3.95114,,,FALSE,,,,,,,,,,single,FALSE,TRUE,FALSE,SCR120,,,FALSE,regional,,,,,,,,,,,,
SC_0121,SC_R0121,Drumry,DMY,Scotrail,,,,55.904495,-4.386583,,,FALSE,,,,,,,,,,single,FALSE,TRUE,FALSE,SCR121,,,FALSE,regional,,,,,,,,,,,,
SC_0123,SC_R0123,Duke Street,DST,Scotrail,,,,55.859207,-4.212814,,,FALSE,,,,,,,,,,multiple,FALSE,TRUE,FALSE,SCR123,,,FALSE,regional,,,,,,,,,,,,
SC_0124,SC_R0124,Dumbarton Central,DBC,Scotrail,,,,55.946705,-4.56697,,,FALSE,,,,,,,,,,multiple,FALSE,TRUE,FALSE,SCR124,,,FALSE,regional,,,,,,,,,,,,
SC_0125,SC_R0125,Dumbarton East,DBE,Scotrail,,,,55.942478,-4.55387,,,FALSE,,,,,,,,,,multiple,FALSE,TRUE,FALSE,SCR125,,,FALSE,regional,,,,,,,,,,,,
SC_0126,SC_R0126,Dumbreck,DUM,Scotrail,,,,55.841255,-4.309216,,,TRUE,,,,,,,,,,single,FALSE,TRUE,FALSE,SCR126,,,FALSE,regional,,,,,,,,,,,,
SC_0127,SC_R0127,Dumfries,DMF,Scotrail,,,,55.072395,-3.605261,,,TRUE,,,,,,,,,,single,FALSE,TRUE,FALSE,SCR127,,,FALSE,regional,,,,,,,,,,,,
SC_0128,SC_R0128,Dunbar,DUN,Scotrail,,,,55.998428,-2.514625,,,TRUE,,,,,,,,,,single,FALSE,TRUE,FALSE,SCR128,,,FALSE,regional,,,,,,,,,,,,
SC_0129,SC_R0129,Dunblane,DBL,Scotrail,,,,56.186001,-3.967296,,,TRUE,,,,,,,,,,single,FALSE,TRUE,FALSE,SCR129,,,FALSE,regional,,,,,,,,,,,,
SC_0133,SC_R0133,Dunfermline Queen Margaret,DFL,Scotrail,,,,56.080706,-3.42164,,,FALSE,,,,,,,,,,multiple,FALSE,TRUE,FALSE,SCR133,,,FALSE,regional,,,,,,,,,,,,
SC_0134,SC_R0134,Dunkeld & Birnam,DKD,Scotrail,,,,56.557301,-3.578097,,,FALSE,,,,,,,,,,multiple,FALSE,TRUE,FALSE,SCR134,,,FALSE,regional,,,,,,,,,,,,
SC_0135,SC_R0135,Dunlop,DNL,Scotrail,,,,55.711926,-4.532435,,,FALSE,,,,,,,,,,single,FALSE,TRUE,FALSE,SCR135,,,FALSE,regional,,,,,,,,,,,,
SC_0137,SC_R0137,Dyce,DYC,Scotrail,,,,57.205002,-2.191978,,,FALSE,,,,,,,,,,single,FALSE,TRUE,FALSE,SCR137,,,FALSE,regional,,,,,,,,,,,,
SC_0139,SC_R0139,East Linton,ELT,Scotrail,,,,55.9856,-2.6579,,,FALSE,,,,,,,,,,multiple,FALSE,TRUE,FALSE,SCR139,,,FALSE,regional,,,,,,,,,,,,
SC_0140,SC_R0140,Easterhouse,EST,Scotrail,,,,55.860157,-4.107389,,,FALSE,,,,,,,,,,single,FALSE,TRUE,FALSE,SCR140,,,FALSE,regional,,,,,,,,,,,,
SC_0141,SC_R0141,Edinburgh Gateway,EGY,Scotrail,,,,55.941,-3.32,,,FALSE,,,,,,,,,,multiple,FALSE,TRUE,FALSE,SCR141,,,FALSE,regional,,,,,,,,,,,,
SC_0142,SC_R0142,Edinburgh Park,EDP,Scotrail,,,,55.927615,-3.307829,,,FALSE,,,,,,,,,,multiple,FALSE,TRUE,FALSE,SCR142,,,FALSE,regional,,,,,,,,,,,,
SC_0144,SC_R0144,Elgin,ELG,Scotrail,,,,57.64299,-3.31163,,,TRUE,,,,,,,,,,single,FALSE,TRUE,FALSE,SCR144,,,FALSE,regional,,,,,,,,,,,,
SC_0148,SC_R0148,Falkirk Grahamston,FKG,Scotrail,,,,56.002735,-3.786359,,,TRUE,,,,,,,,,,multiple,FALSE,TRUE,FALSE,SCR148,,,FALSE,regional,,,,,,,,,,,,
SC_0151,SC_R0151,Fauldhouse,FLD,Scotrail,,,,55.822163,-3.719006,,,FALSE,,,,,,,,,,single,FALSE,TRUE,FALSE,SCR151,,,FALSE,regional,,,,,,,,,,,,
SC_0153,SC_R0153,Forres,FOR,Scotrail,,,,57.609661,-3.62847,,,FALSE,,,,,,,,,,single,FALSE,TRUE,FALSE,SCR153,,,FALSE,regional,,,,,,,,,,,,
SC_0155,SC_R0155,Fort Matilda,FTM,Scotrail,,,,55.958809,-4.7953,,,FALSE,,,,,,,,,,multiple,FALSE,TRUE,FALSE,SCR155,,,FALSE,regional,,,,,,,,,,,,
SC_0158,SC_R0158,Garelochhead,GCH,Scotrail,,,,56.079449,-4.826544,,,FALSE,,,,,,,,,,single,FALSE,TRUE,FALSE,SCR158,,,FALSE,regional,,,,,,,,,,,,
SC_0159,SC_R0159,Garrowhill,GAR,Scotrail,,,,55.855286,-4.129497,,,FALSE,,,,,,,,,,single,FALSE,TRUE,FALSE,SCR159,,,FALSE,regional,,,,,,,,,,,,
SC_0160,SC_R0160,Garscadden,GRS,Scotrail,,,,55.88784,-4.364757,,,TRUE,,,,,,,,,,single,FALSE,TRUE,FALSE,SCR160,,,FALSE,regional,,,,,,,,,,,,
SC_0161,SC_R0161,Gartcosh,GRH,Scotrail,,,,55.885,-4.078,,,FALSE,,,,,,,,,,single,FALSE,TRUE,FALSE,SCR161,,,FALSE,regional,,,,,,,,,,,,
SC_0164,SC_R0164,Giffnock,GFN,Scotrail,,,,55.804688,-4.294289,,,FALSE,,,,,,,,,,single,FALSE,TRUE,FALSE,SCR164,,,FALSE,regional,,,,,,,,,,,,
SC_0165,SC_R0165,Gilshochill,GSC,Scotrail,,,,55.897295,-4.28201,,,FALSE,,,,,,,,,,single,FALSE,TRUE,FALSE,SCR165,,,FALSE,regional,,,,,,,,,,,,
SC_0169,SC_R0169,Gleneagles,GLE,Scotrail,,,,56.274902,-3.7312,,,FALSE,,,,,,,,,,single,FALSE,TRUE,FALSE,SCR169,,,FALSE,regional,,,,,,,,,,,,
SC_0171,SC_R0171,Glengarnock,GLG,Scotrail,,,,55.738579,-4.674364,,,FALSE,,,,,,,,,,single,FALSE,TRUE,FALSE,SCR171,,,FALSE,regional,,,,,,,,,,,,
SC_0172,SC_R0172,Glenrothes with Thornton,GLT,Scotrail,,,,56.162224,-3.143189,,,TRUE,,,,,,,,,,multiple,FALSE,TRUE,FALSE,SCR172,,,FALSE,regional,,,,,,,,,,,,
SC_0173,SC_R0173,Golf Street,GOF,Scotrail,,,,56.497852,-2.719541,,,FALSE,,,,,,,,,,multiple,FALSE,TRUE,FALSE,SCR173,,,FALSE,regional,,,,,,,,,,,,
SC_0177,SC_R0177,Greenfaulds,GRL,Scotrail,,,,55.932064,-3.999232,,,FALSE,,,,,,,,,,single,FALSE,TRUE,FALSE,SCR177,,,FALSE,regional,,,,,,,,,,,,
SC_0180,SC_R0180,Gretna Green,GEA,Scotrail,,,,55.001934,-3.064608,,,FALSE,,,,,,,,,,multiple,FALSE,TRUE,FALSE,SCR180,,,FALSE,regional,,,,,,,,,,,,
SC_0183,SC_R0183,Hamilton West,HNW,Scotrail,,,,55.779232,-4.056781,,,TRUE,,,,,,,,,,multiple,FALSE,TRUE,FALSE,SCR183,,,FALSE,regional,,,,,,,,,,,,
SC_0184,SC_R0184,Hartwood,HTW,Scotrail,,,,55.810532,-3.839792,,,FALSE,,,,,,,,,,single,FALSE,TRUE,FALSE,SCR184,,,FALSE,regional,,,,,,,,,,,,
SC_0185,SC_R0185,Hawkhead,HKH,Scotrail,,,,55.843136,-4.398792,,,FALSE,,,,,,,,,,single,FALSE,TRUE,FALSE,SCR185,,,FALSE,regional,,,,,,,,,,,,
SC_0187,SC_R0187,Helensburgh Central,HLC,Scotrail,,,,56.004261,-4.732803,,,TRUE,,,,,,,,,,multiple,FALSE,TRUE,FALSE,SCR187,,,FALSE,regional,,,,,,,,,,,,
SC_0190,SC_R0190,High Street,HST,Scotrail,,,,55.858719,-4.239953,,,FALSE,,,,,,,,,,multiple,FALSE,TRUE,FALSE,SCR190,,,FALSE,regional,,,,,,,,,,,,
SC_0192,SC_R0192,Hillington East,HLE,Scotrail,,,,55.854778,-4.354768,,,FALSE,,,,,,,,,,multiple,FALSE,TRUE,FALSE,SCR192,,,FALSE,regional,,,,,,,,,,,,
SC_0193,SC_R0193,Hillington West,HLW,Scotrail,,,,55.85537,-4.370778,,,FALSE,,,,,,,,,,multiple,FALSE,TRUE,FALSE,SCR193,,,FALSE,regional,,,,,,,,,,,,
SC_0194,SC_R0194,Holytown,HLY,Scotrail,,,,55.812943,-3.973967,,,FALSE,,,,,,,,,,single,FALSE,TRUE,FALSE,SCR194,,,FALSE,regional,,,,,,,,,,,,
SC_0195,SC_R0195,Howwood,HOZ,Scotrail,,,,55.811,-4.56,,,FALSE,,,,,,,,,,single,FALSE,TRUE,FALSE,SCR195,,,FALSE,regional,,,,,,,,,,,,
SC_0196,SC_R0196,Huntly,HNT,Scotrail,,,,57.444401,-2.776354,,,TRUE,,,,,,,,,,single,FALSE,TRUE,FALSE,SCR196,,,FALSE,regional,,,,,,,,,,,,
SC_0197,SC_R0197,Hyndland,HYN,Scotrail,,,,55.879803,-4.314715,,,TRUE,,,,,,,,,,single,FALSE,TRUE,FALSE,SCR197,,,FALSE,regional,,,,,,,,,,,,
SC_0198,SC_R0198,Insch,INS,Scotrail,,,,57.33749,-2.616279,,,FALSE,,,,,,,,,,single,FALSE,TRUE,FALSE,SCR198,,,FALSE,regional,,,,,,,,,,,,
SC_0200,SC_R0200,Invergowrie,ING,Scotrail,,,,56.456795,-3.057897,,,FALSE,,,,,,,,,,single,FALSE,TRUE,FALSE,SCR200,,,FALSE,regional,,,,,,,,,,,,
SC_0204,SC_R0204,Inverness Airport,IVA,Scotrail,,,,57.5335,-4.0552,,,TRUE,,,,,,,,,,multiple,FALSE,TRUE,FALSE,SCR204,,,FALSE,regional,,,,,,,,,,,,
SC_0205,SC_R0205,Invershin,INH,Scotrail,,,,57.925362,-4.399288,,,FALSE,,,,,,,,,,single,FALSE,TRUE,FALSE,SCR205,,,FALSE,regional,,,,,,,,,,,,
SC_0206,SC_R0206,Inverurie,INR,Scotrail,,,,57.286343,-2.373224,,,TRUE,,,,,,,,,,single,FALSE,TRUE,FALSE,SCR206,,,FALSE,regional,,,,,,,,,,,,
SC_0209,SC_R0209,Jordanhill,JOR,Scotrail,,,,55.882282,-4.326053,,,FALSE,,,,,,,,,,single,FALSE,TRUE,FALSE,SCR209,,,FALSE,regional,,,,,,,,,,,,
SC_0210,SC_R0210,Keith,KEH,Scotrail,,,,57.550976,-2.954062,,,FALSE,,,,,,,,,,single,FALSE,TRUE,FALSE,SCR210,,,FALSE,regional,,,,,,,,,,,,
SC_0211,SC_R0211,Kelvindale,KVD,Scotrail,,,,55.8933,-4.3106,,,FALSE,,,,,,,,,,single,FALSE,TRUE,FALSE,SCR211,,,FALSE,regional,,,,,,,,,,,,
SC_0214,SC_R0214,Kilmarnock,KMK,Scotrail,,,,55.612835,-4.499048,,,TRUE,,,,,,,,,,single,FALSE,TRUE,FALSE,SCR214,,,FALSE,regional,,,,,,,,,,,,
SC_0215,SC_R0215,Kilmaurs,KLM,Scotrail,,,,55.636425,-4.532331,,,FALSE,,,,,,,,,,single,FALSE,TRUE,FALSE,SCR215,,,FALSE,regional,,,,,,,,,,,,
SC_0216,SC_R0216,Kilpatrick,KPT,Scotrail,,,,55.924755,-4.453454,,,FALSE,,,,,,,,,,single,FALSE,TRUE,FALSE,SCR216,,,FALSE,regional,,,,,,,,,,,,
SC_0219,SC_R0219,Kinghorn,KGH,Scotrail,,,,56.069389,-3.174161,,,FALSE,,,,,,,,,,single,FALSE,TRUE,FALSE,SCR219,,,FALSE,regional,,,,,,,,,,,,
SC_0221,SC_R0221,Kingsknowe,KGE,Scotrail,,,,55.919323,-3.265634,,,FALSE,,,,,,,,,,single,FALSE,TRUE,FALSE,SCR221,,,FALSE,regional,,,,,,,,,,,,
SC_0223,SC_R0223,Kintore,KTR,Scotrail,,,,57.243611,-2.350278,,,FALSE,,,,,,,,,,single,FALSE,TRUE,FALSE,SCR223,,,FALSE,regional,,,,,,,,,,,,
SC_0225,SC_R0225,Kirkconnel,KRK,Scotrail,,,,55.38834,-3.998533,,,FALSE,,,,,,,,,,single,FALSE,TRUE,FALSE,SCR225,,,FALSE,regional,,,,,,,,,,,,
SC_0227,SC_R0227,Kirknewton,KKN,Scotrail,,,,55.888744,-3.432526,,,FALSE,,,,,,,,,,single,FALSE,TRUE,FALSE,SCR227,,,FALSE,regional,,,,,,,,,,,,
SC_0228,SC_R0228,Kirkwood,KWD,Scotrail,,,,55.85577,-4.048037,,,FALSE,,,,,,,,,,single,FALSE,TRUE,FALSE,SCR228,,,FALSE,regional,,,,,,,,,,,,
SC_0233,SC_R0233,Langbank,LGB,Scotrail,,,,55.924725,-4.586326,,,FALSE,,,,,,,,,,single,FALSE,TRUE,FALSE,SCR233,,,FALSE,regional,,,,,,,,,,,,
SC_0235,SC_R0235,Larbert,LBT,Scotrail,,,,56.022751,-3.830604,,,FALSE,,,,,,,,,,single,FALSE,TRUE,FALSE,SCR235,,,FALSE,regional,,,,,,,,,,,,
SC_0237,SC_R0237,Larkhall,LRH,Scotrail,,,,55.739258,-3.974445,,,TRUE,,,,,,,,,,single,FALSE,TRUE,FALSE,SCR237,,,FALSE,regional,,,,,,,,,,,,
SC_0238,SC_R0238,Laurencekirk,LAU,Scotrail,,,,56.835945,-2.466345,,,FALSE,,,,,,,,,,single,FALSE,TRUE,FALSE,SCR238,,,FALSE,regional,,,,,,,,,,,,
SC_0241,SC_R0241,Leven,LEV,Scotrail,,,,56.1923,-3.002,,,TRUE,,,,,,,,,,single,FALSE,TRUE,FALSE,SCR241,,,FALSE,regional,,,,,,,,,,,,
SC_0243,SC_R0243,Livingston North,LSN,Scotrail,,,,55.901736,-3.543357,,,FALSE,,,,,,,,,,multiple,FALSE,TRUE,FALSE,SCR243,,,FALSE,regional,,,,,,,,,,,,
SC_0249,SC_R0249,Lochgelly,LCG,Scotrail,,,,56.13538,-3.312958,,,FALSE,,,,,,,,,,single,FALSE,TRUE,FALSE,SCR249,,,FALSE,regional,,,,,,,,,,,,
SC_0250,SC_R0250,Lochluichart,LCC,Scotrail,,,,57.621277,-4.809628,,,FALSE,,,,,,,,,,single,FALSE,TRUE,FALSE,SCR250,,,FALSE,regional,,,,,,,,,,,,
SC_0251,SC_R0251,Lochwinnoch,LHW,Scotrail,,,,55.786549,-4.617038,,,FALSE,,,,,,,,,,single,FALSE,TRUE,FALSE,SCR251,,,FALSE,regional,,,,,,,,,,,,
SC_0252,SC_R0252,Lockerbie,LOC,Scotrail,,,,55.123085,-3.353242,,,FALSE,,,,,,,,,,single,FALSE,TRUE,FALSE,SCR252,,,FALSE,regional,,,,,,,,,,,,
SC_0253,SC_R0253,Longniddry,LND,Scotrail,,,,55.976524,-2.889308,,,FALSE,,,,,,,,,,single,FALSE,TRUE,FALSE,SCR253,,,FALSE,regional,,,,,,,,,,,,
SC_0256,SC_R0256,Maryhill,MYH,Scotrail,,,,55.898026,-4.301396,,,FALSE,,,,,,,,,,single,FALSE,TRUE,FALSE,SCR256,,,FALSE,regional,,,,,,,,,,,,
SC_0257,SC_R0257,Maxwell Park,MAX,Scotrail,,,,55.837124,-4.289813,,,FALSE,,,,,,,,,,multiple,FALSE,TRUE,FALSE,SCR257,,,FALSE,regional,,,,,,,,,,,,
SC_0259,SC_R0259,Merryton,MEY,Scotrail,,,,55.749013,-3.978667,,,FALSE,,,,,,,,,,single,FALSE,TRUE,FALSE,SCR259,,,FALSE,regional,,,,,,,,,,,,
SC_0260,SC_R0260,Milliken Park,MIN,Scotrail,,,,55.825157,-4.533405,,,FALSE,,,,,,,,,,multiple,FALSE,TRUE,FALSE,SCR260,,,FALSE,regional,,,,,,,,,,,,
SC_0262,SC_R0262,Monifieth,MON,Scotrail,,,,56.480167,-2.818249,,,FALSE,,,,,,,,,,single,FALSE,TRUE,FALSE,SCR262,,,FALSE,regional,,,,,,,,,,,,
SC_0265,SC_R0265,Mosspark,MPK,Scotrail,,,,55.838947,-4.336232,,,FALSE,,,,,,,,,,single,FALSE,TRUE,FALSE,SCR265,,,FALSE,regional,,,,,,,,,,,,
SC_0268,SC_R0268,Mount Vernon,MTV,Scotrail,,,,55.839882,-4.136638,,,FALSE,,,,,,,,,,multiple,FALSE,TRUE,FALSE,SCR268,,,FALSE,regional,,,,,,,,,,,,
SC_0269,SC_R0269,Muir of Ord,MOO,Scotrail,,,,57.518017,-4.460981,,,FALSE,,,,,,,,,,multiple,FALSE,TRUE,FALSE,SCR269,,,FALSE,regional,,,,,,,,,,,,
SC_0270,SC_R0270,Muirend,MUI,Scotrail,,,,55.810459,-4.273888,,,FALSE,,,,,,,,,,single,FALSE,TRUE,FALSE,SCR270,,,FALSE,regional,,,,,,,,,,,,
SC_0271,SC_R0271,Musselburgh,MUB,Scotrail,,,,55.930225,-3.062719,,,FALSE,,,,,,,,,,single,FALSE,TRUE,FALSE,SCR271,,,FALSE,regional,,,,,,,,,,,,
SC_0272,SC_R0272,Nairn,NRN,Scotrail,,,,57.580227,-3.873024,,,FALSE,,,,,,,,,,single,FALSE,TRUE,FALSE,SCR272,,,FALSE,regional,,,,,,,,,,,,
SC_0274,SC_R0274,New Cumnock,NCK,Scotrail,,,,55.402271,-4.182457,,,FALSE,,,,,,,,,,multiple,FALSE,TRUE,FALSE,SCR274,,,FALSE,regional,,,,,,,,,,,,
SC_0277,SC_R0277,Newton-On-Ayr,NOA,Scotrail,,,,55.473541,-4.62632,,,FALSE,,,,,,,,,,single,FALSE,TRUE,FALSE,SCR277,,,FALSE,regional,,,,,,,,,,,,
SC_0279,SC_R0279,Newtonmore,NWR,Scotrail,,,,57.059673,-4.118831,,,FALSE,,,,,,,,,,single,FALSE,TRUE,FALSE,SCR279,,,FALSE,regional,,,,,,,,,,,,
SC_0281,SC_R0281,North Berwick,NBW,Scotrail,,,,56.057545,-2.728989,,,TRUE,,,,,,,,,,multiple,FALSE,TRUE,FALSE,SCR281,,,FALSE,regional,,,,,,,,,,,,
SC_0282,SC_R0282,North Queensferry,NQU,Scotrail,,,,56.013168,-3.395426,,,FALSE,,,,,,,,,,multiple,FALSE,TRUE,FALSE,SCR282,,,FALSE,regional,,,,,,,,,,,,
SC_0284,SC_R0284,Paisley Canal,PCN,Scotrail,,,,55.840878,-4.422606,,,TRUE,,,,,,,,,,multiple,FALSE,TRUE,FALSE,SCR284,,,FALSE,regional,,,,,,,,,,,,
SC_0286,SC_R0286,Paisley St James,PYJ,Scotrail,,,,55.852165,-4.442486,,,FALSE,,,,,,,,,,multiple,FALSE,TRUE,FALSE,SCR286,,,FALSE,regional,,,,,,,,,,,,
SC_0288,SC_R0288,Patterton,PTT,Scotrail,,,,55.790443,-4.334935,,,FALSE,,,,,,,,,,single,FALSE,TRUE,FALSE,SCR288,,,FALSE,regional,,,,,,,,,,,,
SC_0293,SC_R0293,Pollokshaws West,PWW,Scotrail,,,,55.824318,-4.301826,,,FALSE,,,,,,,,,,multiple,FALSE,TRUE,FALSE,SCR293,,,FALSE,regional,,,,,,,,,,,,
SC_0298,SC_R0298,Portlethen,PLN,Scotrail,,,,57.060455,-2.128577,,,FALSE,,,,,,,,,,single,FALSE,TRUE,FALSE,SCR298,,,FALSE,regional,,,,,,,,,,,,
SC_0299,SC_R0299,Possilpark & Parkhouse,PPK,Scotrail,,,,55.890717,-4.259381,,,FALSE,,,,,,,,,,multiple,FALSE,TRUE,FALSE,SCR299,,,FALSE,regional,,,,,,,,,,,,
SC_0300,SC_R0300,Prestonpans,PST,Scotrail,,,,55.953426,-2.973665,,,FALSE,,,,,,,,,,single,FALSE,TRUE,FALSE,SCR300,,,FALSE,regional,,,,,,,,,,,,
SC_0306,SC_R0306,Renton,RTN,Scotrail,,,,55.970566,-4.586181,,,FALSE,,,,,,,,,,single,FALSE,TRUE,FALSE,SCR306,,,FALSE,regional,,,,,,,,,,,,
SC_0307,SC_R0307,Reston,RSN,Scotrail,,,,55.8506,-2.1972,,,FALSE,,,,,,,,,,single,FALSE,TRUE,FALSE,SCR307,,,FALSE,regional,,,,,,,,,,,,
SC_0308,SC_R0308,Robroyston,RRN,Scotrail,,,,55.887581,-4.172291,,,FALSE,,,,,,,,,,single,FALSE,TRUE,FALSE,SCR308,,,FALSE,regional,,,,,,,,,,,,
SC_0312,SC_R0312,Rutherglen,RUT,Scotrail,,,,55.830448,-4.212766,,,TRUE,,,,,,,,,,single,FALSE,TRUE,FALSE,SCR312,,,FALSE,regional,,,,,,,,,,,,
SC_0314,SC_R0314,Sanquhar,SQH,Scotrail,,,,55.370633,-3.923437,,,FALSE,,,,,,,,,,single,FALSE,TRUE,FALSE,SCR314,,,FALSE,regional,,,,,,,,,,,,
SC_0316,SC_R0316,Scotstounhill,SCH,Scotrail,,,,55.884491,-4.351765,,,FALSE,,,,,,,,,,single,FALSE,TRUE,FALSE,SCR316,,,FALSE,regional,,,,,,,,,,,,
SC_0318,SC_R0318,Shawlands,SHL,Scotrail,,,,55.828987,-4.292521,,,FALSE,,,,,,,,,,single,FALSE,TRUE,FALSE,SCR318,,,FALSE,regional,,,,,,,,,,,,
SC_0319,SC_R0319,Shettleston,SLS,Scotrail,,,,55.852959,-4.159731,,,FALSE,,,,,,,,,,single,FALSE,TRUE,FALSE,SCR319,,,FALSE,regional,,,,,,,,,,,,
SC_0322,SC_R0322,Singer,SIN,Scotrail,,,,55.907711,-4.405983,,,FALSE,,,,,,,,,,single,FALSE,TRUE,FALSE,SCR322,,,FALSE,regional,,,,,,,,,,,,
SC_0323,SC_R0323,Slateford,SLA,Scotrail,,,,55.926731,-3.243476,,,FALSE,,,,,,,,,,single,FALSE,TRUE,FALSE,SCR323,,,FALSE,regional,,,,,,,,,,,,
SC_0324,SC_R0324,South Gyle,SGL,Scotrail,,,,55.936951,-3.298234,,,FALSE,,,,,,,,,,multiple,FALSE,TRUE,FALSE,SCR324,,,FALSE,regional,,,,,,,,,,,,
SC_0326,SC_R0326,Springburn,SPR,Scotrail,,,,55.881363,-4.230064,,,TRUE,,,,,,,,,,single,FALSE,TRUE,FALSE,SCR326,,,FALSE,regional,,,,,,,,,,,,
SC_0327,SC_R0327,Springfield,SPF,Scotrail,,,,56.295116,-3.051808,,,FALSE,,,,,,,,,,single,FALSE,TRUE,FALSE,SCR327,,,FALSE,regional,,,,,,,,,,,,
SC_0328,SC_R0328,Stepps,SPS,Scotrail,,,,55.890026,-4.147389,,,FALSE,,,,,,,,,,single,FALSE,TRUE,FALSE,SCR328,,,FALSE,regional,,,,,,,,,,,,
SC_0330,SC_R0330,Stewarton,STT,Scotrail,,,,55.681633,-4.519346,,,FALSE,,,,,,,,,,single,FALSE,TRUE,FALSE,SCR330,,,FALSE,regional,,,,,,,,,,,,
SC_0331,SC_R0331,Stirling,STG,Scotrail,,,,56.119114,-3.934915,,,TRUE,,,,,,,,,,single,FALSE,TRUE,FALSE,SCR331,,,FALSE,regional,,,,,,,,,,,,
SC_0337,SC_R0337,Summerston,SUM,Scotrail,,,,55.89835,-4.283814,,,FALSE,,,,,,,,,,single,FALSE,TRUE,FALSE,SCR337,,,FALSE,regional,,,,,,,,,,,,
SC_0340,SC_R0340,Thornliebank,THB,Scotrail,,,,55.810642,-4.312201,,,FALSE,,,,,,,,,,single,FALSE,TRUE,FALSE,SCR340,,,FALSE,regional,,,,,,,,,,,,
SC_0347,SC_R0347,Uddingston,UDD,Scotrail,,,,55.823669,-4.086266,,,FALSE,,,,,,,,,,single,FALSE,TRUE,FALSE,SCR347,,,FALSE,regional,,,,,,,,,,,,
SC_0348,SC_R0348,Uphall,UHA,Scotrail,,,,55.919395,-3.499279,,,FALSE,,,,,,,,,,single,FALSE,TRUE,FALSE,SCR348,,,FALSE,regional,,,,,,,,,,,,
SC_0349,SC_R0349,Upper Tyndrum,UTY,Scotrail,,,,56.434551,-4.7036,,,FALSE,,,,,,,,,,multiple,FALSE,TRUE,FALSE,SCR349,,,FALSE,regional,,,,,,,,,,,,
SC_0350,SC_R0350,Wallyford,WAF,Scotrail,,,,55.942322,-3.013417,,,FALSE,,,,,,,,,,single,FALSE,TRUE,FALSE,SCR350,,,FALSE,regional,,,,,,,,,,,,
SC_0354,SC_R0354,Wester Hailes,WTA,Scotrail,,,,55.913727,-3.284654,,,FALSE,,,,,,,,,,multiple,FALSE,TRUE,FALSE,SCR354,,,FALSE,regional,,,,,,,,,,,,
SC_0356,SC_R0356,Whifflet,WFF,Scotrail,,,,55.852596,-4.022313,,,TRUE,,,,,,,,,,single,FALSE,TRUE,FALSE,SCR356,,,FALSE,regional,,,,,,,,,,,,
SC_0357,SC_R0357,Whinhill,WNL,Scotrail,,,,55.938396,-4.746744,,,FALSE,,,,,,,,,,single,FALSE,TRUE,FALSE,SCR357,,,FALSE,regional,,,,,,,,,,,,
SC_0358,SC_R0358,Whitecraigs,WCR,Scotrail,,,,55.790001,-4.310977,,,FALSE,,,,,,,,,,single,FALSE,TRUE,FALSE,SCR358,,,FALSE,regional,,,,,,,,,,,,
SC_0360,SC_R0360,Williamwood,WLM,Scotrail,,,,55.79398,-4.290462,,,FALSE,,,,,,,,,,single,FALSE,TRUE,FALSE,SCR360,,,FALSE,regional,,,,,,,,,,,,
SC_0363,SC_R0363,Yoker,YOK,Scotrail,,,,55.892792,-4.387464,,,FALSE,,,,,,,,,,single,FALSE,TRUE,FALSE,SCR363,,,FALSE,regional,,,,,,,,,,,,
